{"organizations": [], "uuid": "a9680882944e78ac905dfa2e6bed92fa2e1b0484", "thread": {"social": {"gplus": {"shares": 0}, "pinterest": {"shares": 0}, "vk": {"shares": 0}, "linkedin": {"shares": 0}, "facebook": {"likes": 0, "shares": 0, "comments": 0}, "stumbledupon": {"shares": 0}}, "site_full": "www.elespectador.com", "main_image": "http://www.elespectador.com/files/imagenprincipal/24f7220bb62155ff4dfe72399b298010.jpg", "site_section": "http://www.elespectador.com/noticias/cultura", "section_title": "Noticias de Cultura", "url": "http://www.elespectador.com/noticias/cultura/violencia-pelicula-de-jorge-forero-exclusiva-el-especta-articulo-657901", "country": "US", "domain_rank": 5681, "title": "Violencia, en exclusiva por El Espectador", "performance_score": 0, "site": "elespectador.com", "participants_count": 1, "title_full": "Violencia, en exclusiva por El Espectador | ELESPECTADOR.COM", "spam_score": 0.004, "site_type": "news", "published": "2016-10-01T06:29:00.000+03:00", "replies_count": 0, "uuid": "a9680882944e78ac905dfa2e6bed92fa2e1b0484"}, "author": "Redacción Cultura", "url": "http://www.elespectador.com/noticias/cultura/violencia-pelicula-de-jorge-forero-exclusiva-el-especta-articulo-657901", "ord_in_thread": 0, "title": "Violencia, en exclusiva por El Espectador", "locations": [], "entities": {"persons": [], "locations": [], "organizations": []}, "highlightText": "", "language": "spanish", "persons": [], "text": "La ópera prima del realizador Jorge Forero fusiona la ficción con el documental y según el cineasta, su trabajo cinematográfico en los diferentes premios es \"una bocanada de aire fresco a la cinematografía colombiana en estos tiempos en los cuales parece que la calidad de nuestro cine se está midiendo únicamente en resultados de utilidad y ganancia\"\nPara Forero, \"lo más importante era justamente hacer una radiografía de lo normal que es esto y que no tuviera acentos ni fuera explicita, gráfica, amarillista o morbosa, sino fijada en los detalles de la cotidianidad de la violencia\".\nCon su obra, el cineasta pretende aportar otros puntos de vista sobre la discusión de la violencia en Colombia y \"dejar de revictimizar a las víctimas y dejar de satanizar a los victimarios es importante. Me parece importante porque nos da la posibilidad de tener más puntos de vista que nos permiten ir hacia el perdón y la reconciliación. Se trata de sanar heridas y dar un paso adelante como país\".\n\"Violencia\" es sobre la \"experiencia vivencial de la violencia en los seres humanos\", explora esta situación desde la observación cuidadosa de los detalles de la vida cotidiana de tres personas, desde la enrarecida atmósfera de normalidad en el conflicto armado colombiano.\n\"Cuando todos creemos tener la verdad en nuestras manos, cuando en vez de justicia estamos pidiendo venganza, acercarnos a aquellos que asumen la violencia con pasmosa naturalidad desde su cotidianidad nos ayuda a tener una visión más amplia, logrando identificarnos con ellos no por lo que viven diariamente sino por la posibilidad de reconocerlos y validarlos como seres humanos\", reflexiona Forero.", "external_links": [], "published": "2016-10-01T06:29:00.000+03:00", "crawled": "2016-10-01T07:30:55.338+03:00", "highlightTitle": ""}