{"organizations": [], "uuid": "3f8ed2a15e82cbe2528399803b226ecf97cd4b68", "thread": {"social": {"gplus": {"shares": 0}, "pinterest": {"shares": 0}, "vk": {"shares": 0}, "linkedin": {"shares": 0}, "facebook": {"likes": 0, "shares": 0, "comments": 0}, "stumbledupon": {"shares": 0}}, "site_full": "exitoina.perfil.com", "main_image": "http://i2.wp.com/exitoina.perfil.com/wp-content/uploads/2016/10/especialsolepastorutti.jpg?fit=664%2C532", "site_section": "http://exitoina.perfil.com/feed/", "section_title": "Exitoina", "url": "http://exitoina.perfil.com/2016-10-01-429083-soledad-de-arequito-al-mundo/", "country": "AR", "domain_rank": 5622, "title": "“Soledad, de Arequito al mundo”", "performance_score": 0, "site": "perfil.com", "participants_count": 1, "title_full": "“Soledad, de Arequito al mundo”", "spam_score": 0.0, "site_type": "news", "published": "2016-10-01T17:18:00.000+03:00", "replies_count": 0, "uuid": "3f8ed2a15e82cbe2528399803b226ecf97cd4b68"}, "author": "Exitoina", "url": "http://exitoina.perfil.com/2016-10-01-429083-soledad-de-arequito-al-mundo/", "ord_in_thread": 0, "title": "“Soledad, de Arequito al mundo”", "locations": [], "entities": {"persons": [], "locations": [], "organizations": []}, "highlightText": "", "language": "spanish", "persons": [], "text": "Tweet \nEsta noche a las 22.30 hs., Telefe emitirá un nuevo envío del ciclo “Marley presenta”. En esta oportunidad: “Soledad, de Arequito al mundo”. Un programa especial que recorrerá los 20 años de carrera artística de Soledad Pastorutti, con la conducción de Marley. \nSerá un programa muy emotivo, donde compartiremos entrevistas a sus padres, conoceremos a sus amigas, su marido y sus hijas. \nContaremos además, con un cierre musical de lujo.", "external_links": [], "published": "2016-10-01T17:18:00.000+03:00", "crawled": "2016-10-01T15:52:55.741+03:00", "highlightTitle": ""}