{"organizations": [], "uuid": "83698d656e106a99f40a1fec0b40f35b5d956fbd", "thread": {"social": {"gplus": {"shares": 0}, "pinterest": {"shares": 0}, "vk": {"shares": 0}, "linkedin": {"shares": 0}, "facebook": {"likes": 0, "shares": 0, "comments": 0}, "stumbledupon": {"shares": 0}}, "site_full": "www.boe.es", "main_image": "", "site_section": "http://boe.es//rss/boe.php", "section_title": "BOE - Boletín Oficial del Estado", "url": "http://www.boe.es/diario_boe/txt.php?id=BOE-B-2016-46593", "country": "ES", "domain_rank": 7575, "title": "MADRID", "performance_score": 0, "site": "boe.es", "participants_count": 0, "title_full": "MADRID", "spam_score": 0.0, "site_type": "news", "published": "2016-10-01T06:00:00.000+03:00", "replies_count": 0, "uuid": "83698d656e106a99f40a1fec0b40f35b5d956fbd"}, "author": "", "url": "http://www.boe.es/diario_boe/txt.php?id=BOE-B-2016-46593", "ord_in_thread": 0, "title": "MADRID", "locations": [], "entities": {"persons": [], "locations": [], "organizations": []}, "highlightText": "", "language": "spanish", "persons": [], "text": "Juzgado de lo Mercantil n.º 9 de Madrid, en cumplimiento de lo dispuesto en el artí 1.º Que en el procedimiento Concurso Abreviado 269/2016, instado por el deudor Terrenos, Obras y Casas, S.L., CIF B84772144, por auto de fecha 19/09/2016 se ha decretado la apertura y a la vez conclusión y archivo del concurso por insuficiencia de la masa activa para la satisfacción de los cré 2.º Cesan las limitaciones de las facultades de administración y disposició 3.º Tratándose, en este caso, de una persona jurídica, procede conforme a lo ordenado en el art 178.3, declarar su extinció Madrid, 19 de septiembre de 2016.- Letrado de la Administració", "external_links": [], "published": "2016-10-01T06:00:00.000+03:00", "crawled": "2016-10-01T13:32:22.443+03:00", "highlightTitle": ""}