{"organizations": [], "uuid": "f676c84961ea2adb1fc3f1056de1317b64c215cf", "thread": {"social": {"gplus": {"shares": 0}, "pinterest": {"shares": 0}, "vk": {"shares": 0}, "linkedin": {"shares": 0}, "facebook": {"likes": 0, "shares": 0, "comments": 0}, "stumbledupon": {"shares": 0}}, "site_full": "www.crhoy.com", "main_image": "http://cdn.crhoy.net/imagenes/2016/10/colonoz.jpg", "site_section": "http://www.crhoy.com/feed/", "section_title": "Crhoy.com | Periodico Digital | Costa Rica Noticias", "url": "http://www.crhoy.com/entretenimiento/hoy-es-el-dia-mundial-del-paciente-ostomizado/", "country": "US", "domain_rank": 2019, "title": "Hoy es el Día Mundial del Paciente Ostomizado", "performance_score": 0, "site": "crhoy.com", "participants_count": 1, "title_full": "Hoy es el Día Mundial del Paciente Ostomizado", "spam_score": 0.0, "site_type": "news", "published": "2016-10-04T03:41:00.000+03:00", "replies_count": 0, "uuid": "f676c84961ea2adb1fc3f1056de1317b64c215cf"}, "author": "Marialaura Salom", "url": "http://www.crhoy.com/entretenimiento/hoy-es-el-dia-mundial-del-paciente-ostomizado/", "ord_in_thread": 0, "title": "Hoy es el Día Mundial del Paciente Ostomizado", "locations": [], "entities": {"persons": [], "locations": [], "organizations": []}, "highlightText": "", "language": "spanish", "persons": [], "text": "octubre 3, 2016 1:41 pm | Marialaura Salom [email protected] En el Hospital de Heredia se celebra hoy y mañana una serie de actividades por el Día Mundial del Paciente Ostomizado. \nHoy 3 de octubre, a 89 días que finalice el año, iniciando mes y el último trimestre del 2016, y a las puertas de la Navidad, que ya se adelantó en muchos comercios del país, se celebra en Latinoamérica el Día de la Odontología, el Día Internacional del Mosquetero y Día Mundial del Paciente Ostomizado . \nEn Costa Rica, el Hospital San Vicente de Paúl realiza hoy y mañana una actividad que incluye feria de artesanías, charlas y otras actividades culturales a cargo de la Universidad Nacional. \nEl centro médico invierte hasta 10 millones de colones mensuales en la atención de esta población que ha sufrido traumas abdominales por accidentes de tránsito, por estreñimiento crónico, heridos con arma, malformaciones en el sistema digestivo, complicaciones por apendicitis o cáncer de colon, entre otros. \nEn esta fecha también se dieron múltiples hechos que marcaron un antes y después en la historia y aquí algunos que destacan: \nEn el 52 a.C.: los romanos, liderados por Julio César, vencen a los galos y conquistan Galia . La muerte de Julio César. Oleo sobre lienzo, 1798. \nEn el 42 a.C.: Marco Antonio y Octavio vencen en Macedonia durante la primera batalla de Filipos a los asesinos de Julio César, Marco Junio Bruto y Cayo Casio. \nEn 1226: muere San Francisco de Asís, religioso italiano. \nEn 1568: fallece la esposa de Felipe II de España, la francesa Isabel de Valois . \nEn 1611: muere la esposa de Felipe III de España, Margarita de Austria-Estiria . \nEn 1714: se constituye la Real Academia Española , bajo la aprobación del rey Felipe V. \nEn 1778: el capitán británico James Cook llega a Alaska. El Parque Morazán, en San José, Costa Rica, es uno de los espacios urbanos más importantes, bautizado así por Francisco Morazán, quien fue jefe de estado en 1842. \nEn 1792: nace Francisco Morazán , militar y político hondureño. \nEn 1795: Napoleón Bonaparte defendió la Convención Nacional Francesa contra el ejército contrarrevolucionario. \nEn 1825: la República de Bolívar cambia su nombre a República de Bolivia : “Si de Rómulo, Roma; de Bolívar, Bolivia”, expresó el diputado Manuel Martín Cruz. \nEn 1849: encuentran en una taberna de Baltimore al escritor Edgar Allan Poe , delirando. Esta es la antesala de su muerte. \nEn 1864: un terremoto destruye la capilla que los españoles habían construido en 1594 sobre la pirámide de Cholula, la más grande del mundo, ubicada en Ciudad Mendoza, 250 km al este de Ciudad de México. Pasó tres años en distintos campos de concentración por oponerse el régimen nazi. Enfermó de tuberculosis y murió en un hospital. \nEn 1889: nace Carl von Ossietzky en Alemania, premio nobel de la paz en 1935. \nEn 1893: nace Carlos II , quien sería luego rey rumano. \nEn 1898: circula el primer tranvía eléctrico de Madrid . \nEn 1902: se publica la obra Abnegación, de Joaquín García Monge , escritor y educador nacional. \nEn 1904: España y Francia firman tratado sobre Marruecos . Nace en Estados Unidos, Charles J. Pedersen, premio nobel de química en 1987. \nEn 1912: soldados estadounidenses sitian a rebeldes nicaragüenses cerca de Masaya , en los cerros de Coyotepe y La Barranca. \nEn 1918: se convierte en rey, Boris III de Bulgaria . \nEn 1919: nace James M. Buchanan, premio nobel de economía en 1986. \nEn 1929: se unen los serbios, croatas y eslovenos para formar el Reino de Yugoslavia . Muere Gustav Stresemann, premio nobel de la paz en 1926. \nEn 1932: Irak se independiza del Imperio británico. \nEn 1935: Italia invade Etriopía. Margarita Zimmermann \nEn 1942: los nazis lanzan cohete V-2/A4, siendo este el primer objeto que llega al espacio . Nace en Argentina, Margarita Zimmermann , famosa mezzosoprano. \nEn 1949: nace Lindsey Buckingham, compositor y guitarrista de la banda Fleetwood Mac . \nEn 1952: el Reino Unido detona su primera bomba atómica llamada Hurricane , ubicada dentro de un barco anclado en la isla Trimouille, al norte de Australia. Esta bomba fue de una potencia igual a la utilizada en Nagasaki (25kt). Reino Unido se convierte en la tercera nación que posee bombas atómicas. \nEn 1953: se funda Petrobras en Brasil. Tommy Lee de Mötley Crüe nació un día como hoy. \nEn 1962: a bordo de la nave Sigma 7, el astronauta Wally Schirra da seis vueltas a la órbita terrestre en un vuelo que duró nueve horas. Nace Tommy Lee, músico de Mötley Crüe . \nEn 1964: nace Clive Owen , actor británico. \nEn 1965: Fidel Castro lee en Cuba la carta de despedida del Che Guevara. \nEn 1968: el general Velasco derroca al presidente Fernando Belaúnde en Perú. Nace María Luisa Calle , ciclista colombiana. \nEn 1969: nace en Estados Unidos Gwen Stefani . \nEn 1971: nace Kevin Richardson, integrante de Backstreet Boys. \nEn 1973: en Argentina, dos terroristas de la organización de derechas Triple A ingresan al diario El Norte y acribilla al jefe de redacción, José Domingo Colombo . David Frost, periodista de espectáculos quien puso al descubierto el caso Watergarte. En la foto con Richard Nixon, expresidente de EEUU. Tomada de internet. \nEn 1974: inicia el famoso juicio de Richard Nixon, “ Watergate ”. \nEn 1975: muere en nuestro país, el médico Solón Núñez , declarado luego benemérito de la Patria. \nEn 1979: nace Josh Klinghoffer, guitarrista de Red Hot Chilli Pepper s. \nEn 1987: muere Jean Anouilh, dramaturgo francés . \nEn 1988: culmina con éxito la misión Discovery , al aterrizar el transbordador en la base aérea Edwards. Esta es la primera misión de la NASA, tras el accidente del Challenger dos años antes. \nEn 1989: se da un fallido golpe militar de las Fuerzas de Defensa de Panamá contra el régimen del general Manuel Antonio Noriega. {{slide.text | html}} \nEn 1990: se disuelve la República Democrática Alemana por lo que Alemania vuelve a ser una sola nación. \nEn 1994: en Suiza, seguidores de la secta Orden del Templo Solar se suicidan tomando tranquilizantes . \nEn 1996: se firma acuerdo en París para restablecer relaciones diplomáticas entre Yugoslavia (Serbia y Montenegro) y Bosnia-Herzegovina . \nEn el 2009: un barco atunero vasco fue secuestrado por piratas somalíes , el cautiverio duraría más de un mes y medio. \nEn el 2013: un barco con 500 inmigrantes africanos se incendia y naufraga cerca de la isla de Lampedusa en Italia. Mueren unas 350 personas. Haga clic para ver más noticias sobre: Espectáculos . Recomendamos", "external_links": [], "published": "2016-10-04T03:41:00.000+03:00", "crawled": "2016-10-03T23:07:01.654+03:00", "highlightTitle": ""}