{"organizations": [], "uuid": "59af9af68aa292ab11abfbd150eb4e90e1007e4c", "thread": {"social": {"gplus": {"shares": 0}, "pinterest": {"shares": 0}, "vk": {"shares": 0}, "linkedin": {"shares": 0}, "facebook": {"likes": 0, "shares": 0, "comments": 0}, "stumbledupon": {"shares": 0}}, "site_full": "www.clarin.com", "main_image": "http://images.clarin.com/todoviajes/destinos/argentina/tradicional-espiche-Villa-General-Belgrano_CLAIMA20160929_0247_4.jpg", "site_section": "http://www.clarin.com/rss/todoviajes/", "section_title": "Clarin.com - todoviajes", "url": "http://www.clarin.com/todoviajes/destinos/argentina/Fiesta-Cerveza-Cordoba_0_1659434170.html", "country": "AR", "domain_rank": 1080, "title": "Así será la Fiesta de la Cerveza en Córdoba", "performance_score": 0, "site": "clarin.com", "participants_count": 1, "title_full": "Así será la Fiesta de la Cerveza en Córdoba", "spam_score": 0.0, "site_type": "news", "published": "2016-10-01T03:00:00.000+03:00", "replies_count": 0, "uuid": "59af9af68aa292ab11abfbd150eb4e90e1007e4c"}, "author": "Clarin.com", "url": "http://www.clarin.com/todoviajes/destinos/argentina/Fiesta-Cerveza-Cordoba_0_1659434170.html", "ord_in_thread": 0, "title": "Así será la Fiesta de la Cerveza en Córdoba", "locations": [], "entities": {"persons": [], "locations": [], "organizations": []}, "highlightText": "", "language": "spanish", "persons": [], "text": "Con el sueño de la casa propia cumplido, se lanzará este viernes 30/9 la Fiesta Nacional de la Cerveza , que comenzará a las 17 en Villa General Belgrano , el corazón del Valle de Calamuchita de Córdoba . \nLa 53° edición viene con varias novedades, destacándose la inauguración de un nuevo Bosque Cervecero de 6,5 hectáreas, concebido para albergar cómodamente a todos los visitantes de la Oktoberfest Argentina.\nMirá también: Córdoba, postales de una geografía ondulada \nDel 1° al 10 de octubre, la celebración contará con la participación de 1700 artistas, 11 cervecerías artesanales con 60 tipos de cervezas, 30 stands de comidas típicas y artesanías, y 5 cervezas industriales con auspicio de la Cámara de Cerveceros Argentinos.\nAdemás de la jornada especial del lanzamiento  (el 30 de septiembre) se sumará como \"bonus track\" el martes 11 de octubre, para celebrar el Día del Pueblo entre los vecinos y aquellos turistas que se queden disfrutando un día más. \nA continuación, precios, servicios y novedades para cómo será esta edición de la fiesta.\nEntradas.  El viernes 30 septiembre, $ 110; jubilados y pensionados, $ 90. Sábado 1/10 y domingo 2/10, $ 210 pesos; jubilados, $ 170. Lunes 3, martes 4 y miércoles 5, entrada gratis. El jueves 6 es “El Día Joven” y actuarán bandas locales y regionales de rock, mientras que las actividades estarán coordinadas por el Centro Juvenil junto a la Municipalidad, con cierre de Las Pelotas. Jueves 6, viernes 7, sábado 8 y domingo 9, $ 310; jubilados, $ 250. Lunes 10, $ 210, jubilados, $ 170.\n-Los menores de 12 años no pagan entrada. \n-Los vecinos de Villa General Belgrano (con DNI que acredite su domicilio) entran gratis. Y los de localidades del departamento Calamuchita podrán adquirir un abono de $ 410, válido para ingresar todos los días a la fiesta.\nServicios.  En el predio habrá servicio de Internet, playa de estacionamiento -situada enfrente-, cajeros automáticos, centro de asistencia médica, sanitarios y Centro de Información Turística.\nGastronomía.  Se ofrecerán platos típicos de la cocina centroeuropea en 6 stands para tal finalidad, además de la tradicional parrilla y un stand étnico de comida italiana.\n-Habrá servicio de kiosco y de artesanías, además del merchandising de la Fiesta.\nMirá también  Historia viva al pie de las Sierras Chicas \n\nCerveza.  La cerveza artesanal de los productores de Villa General Belgrano será la estrella de la celebración, pero también habrá cervezas industriales para satisfacer las distintas preferencias de los visitantes.\nTransporte.  Se pondrá transporte público y gratuito a disposición de los asistentes, para recorrer el circuito de la terminal al centro de la Villa y el Bosque Cervecero. Esta medida no solo será de ayuda para quienes lleguen en ómnibus a la terminal, sino también para aquellos que lleguen en auto y estacionen en la playa frente al predio porque no tendrán necesidad de retirarlo cada vez que quieran ir hasta el centro del pueblo.\nMirá también  Recuerdos de Calamuchita \nRedes sociales. La fiesta se podrá seguir en Facebook, Twitter e Instagram, a través de los hashtag #Centroeuropavgb #OktoberfestArgentina #Alemaniaenargentina.\nProgramación. La Apertura será el 30/9, a las 17, en el Bosque Cervecero, con la actuación de conjuntos musicales y de danza. A las 20, comenzará el tradicional Desfile, con la presencia del Monje Negro, carrozas, grupos artísticos y orquestas invitadas; y a las 20.30 tendrá lugar el Espiche. Este espectáculo se repetirá el sábado 1/10 desde la mañana, comenzando a desplegarse una nutrida agenda de espectáculos que coronará a las 22.30 Antonio Tarragó Ros. El jueves 6/10, a las 23.30, será el show de Las Pelotas. \nPara conocer el calendario completo de eventos, horarios y datos útiles, consultar en: http://vgb.gov.ar.", "external_links": [], "published": "2016-10-01T03:00:00.000+03:00", "crawled": "2016-10-01T03:19:58.375+03:00", "highlightTitle": ""}