{"organizations": [], "uuid": "b25d2acf1c34b650e8a4c451afcff69d709218b4", "thread": {"social": {"gplus": {"shares": 0}, "pinterest": {"shares": 0}, "vk": {"shares": 0}, "linkedin": {"shares": 0}, "facebook": {"likes": 0, "shares": 0, "comments": 0}, "stumbledupon": {"shares": 0}}, "site_full": "www.boe.es", "main_image": "", "site_section": "http://boe.es//rss/boe.php?s=5", "section_title": "BOE - Boletín Oficial del Estado", "url": "http://www.boe.es/diario_boe/txt.php?id=BOE-B-2016-46733", "country": "ES", "domain_rank": 7575, "title": "Anuncio de la Secretaría General Técnica de la Consejería de Presidencia, Administraciones Públicas y Justicia de la Xunta de Galicia por la que se hace pública la formalización del contrato para la prestación del servicio consistente en la dirección de ejecución de las obras de construcción de un nuevo edificio judicial en la ciudad de Pontevedra.", "performance_score": 0, "site": "boe.es", "participants_count": 0, "title_full": "Anuncio de la Secretaría General Técnica de la Consejería de Presidencia, Administraciones Públicas y Justicia de la Xunta de Galicia por la que se hace pública la formalización del contrato para la prestación del servicio consistente en la dirección de ejecución de las obras de construcción de un nuevo edificio judicial en la ciudad de Pontevedra.", "spam_score": 0.0, "site_type": "news", "published": "2016-10-01T06:00:00.000+03:00", "replies_count": 0, "uuid": "b25d2acf1c34b650e8a4c451afcff69d709218b4"}, "author": "", "url": "http://www.boe.es/diario_boe/txt.php?id=BOE-B-2016-46733", "ord_in_thread": 0, "title": "Anuncio de la Secretaría General Técnica de la Consejería de Presidencia, Administraciones Públicas y Justicia de la Xunta de Galicia por la que se hace pública la formalización del contrato para la prestación del servicio consistente en la dirección de ejecución de las obras de construcción de un nuevo edificio judicial en la ciudad de Pontevedra.", "locations": [], "entities": {"persons": [], "locations": [], "organizations": []}, "highlightText": "", "language": "spanish", "persons": [], "text": "Anuncio de la Secretaría General Técnica de la Consejería de Presidencia, Administraciones Públicas y Justicia de la Xunta de Galicia por la que se hace pública la formalización del contrato para la prestación del servicio consistente en la dirección de ejecución de las obras de construcció « BOE núm. 238, de 1 de octubre de 2016, páginas 57712 a 57712 (1 pág. Secció V. Anuncios - A. Contratación del Sector Pú", "external_links": [], "published": "2016-10-01T06:00:00.000+03:00", "crawled": "2016-10-01T09:13:30.817+03:00", "highlightTitle": ""}