{"organizations": [], "uuid": "e756013e6bdeb05f9af7aa3ce9d39293e6ce531d", "thread": {"social": {"gplus": {"shares": 0}, "pinterest": {"shares": 0}, "vk": {"shares": 0}, "linkedin": {"shares": 0}, "facebook": {"likes": 0, "shares": 0, "comments": 0}, "stumbledupon": {"shares": 0}}, "site_full": "peru.com", "main_image": "http://cde.peru.com/ima/0/1/5/0/7/1507074.jpg", "site_section": "http://peru.com/feed/futbol", "section_title": "Perú.com", "url": "http://peru.com/futbol/eliminatorias-rusia-2018/peru-vs-argentina-ricardo-gareca-respaldado-sergio-batista-sobre-separar-indisciplinados-noticia-476937", "country": "US", "domain_rank": 5789, "title": "Ricardo Gareca: extécnico de Argentina respaldó decisión sobre indisciplinados", "performance_score": 0, "site": "peru.com", "participants_count": 0, "title_full": "Ricardo Gareca: extécnico de Argentina respaldó decisión sobre indisciplinados", "spam_score": 0.0, "site_type": "news", "published": "2016-10-01T07:32:00.000+03:00", "replies_count": 0, "uuid": "e756013e6bdeb05f9af7aa3ce9d39293e6ce531d"}, "author": "", "url": "http://peru.com/futbol/eliminatorias-rusia-2018/peru-vs-argentina-ricardo-gareca-respaldado-sergio-batista-sobre-separar-indisciplinados-noticia-476937", "ord_in_thread": 0, "title": "Ricardo Gareca: extécnico de Argentina respaldó decisión sobre indisciplinados", "locations": [], "entities": {"persons": [], "locations": [], "organizations": []}, "highlightText": "", "language": "spanish", "persons": [], "text": "  18:55 Ricardo Gareca: extécnico de Argentina respaldó decisión sobre indisciplinados Sergio Batista, extécnico de la Selección Argentina, respaldó a su compatriota Ricardo Gareca sobre sus decisiones en la Selección Peruana con respecto a la indisciplina. (Foto: Getty Images) \n  \nPERÚ VS ARGENTINA . Sergio Batista , exentrenador de la Selección Argentina , fue consultado sobre la decisión de su compatriota Ricardo Gareca de no llamar a aquellos jugadores que hayan cometido actos de indisciplina. Al ‘Checho’ le parece correcto lo hecho por el técnico de la Selección Peruana . \n“Si Ricardo Gareca decide no convocar a jugadores por temas de indisciplina, me parece bien. Para mí, Perú tiene muy buenos jugadores. Sé sobre la capacidad de Ricardo. Es un gran técnico del que los jugadores peruanos pueden aprender mucho” , declaró Sergio Batista a Radio Ovación sobre el entrenador de la Selección Peruana . \nRicardo Gareca volvió a sorprender en la convocatoria de la Selección Peruana para enfrentar a Argentina y Chile por las Eliminatorias Rusia 2018 al dejar de lado a jugadores como Carlos Zambrano, André Carrillo, Luis Advíncula, entre otros. \n“Si son figuras las que no son llamadas, seguramente la gente no va a entender por qué salen del equipo, pero hay momentos en los que uno tiene que tomar decisiones. En este caso, las que tomó Ricardo Gareca habrán sido por motivos extrafutbolísticos, algo que cualquier técnico haría” , respaldó el extécnico de la Selección Argentina a su compatriota. \npinteres Sergio Batista tuvo un paso breve por la Selección Argentina tras la salida de Diego Maradona. (Foto: Getty Images) \nPor último, Sergio Batista confesó que la ausencia de Lionel Messi si se notará en Argentina cuando enfrente a la Selección Peruana , porque la ‘Pulga’ es el mejor jugador del mundo y puede llegar a definir un partido con su sola presencia. \n“La lesión de Messi le va a afectar mucho a Argentina , más allá de que tengamos jugadores para hacer buenos partidos y enfrentar situaciones difíciles. Estamos hablando del mejor jugador del mundo. Es el que desequilibra y el que te puede definir un partido si las cosas están complicadas” , concluyó Sergio Batista con miras al partido ante la Selección Peruana . Así trabaja Perú pensando en Argentina \n ", "external_links": [], "published": "2016-10-01T07:32:00.000+03:00", "crawled": "2016-10-01T04:32:59.734+03:00", "highlightTitle": ""}