{"organizations": [], "uuid": "e7e741e4c50b26bd623e23e43ade0c528ce36fb4", "thread": {"social": {"gplus": {"shares": 0}, "pinterest": {"shares": 0}, "vk": {"shares": 0}, "linkedin": {"shares": 0}, "facebook": {"likes": 1, "shares": 1, "comments": 0}, "stumbledupon": {"shares": 0}}, "site_full": "www.elcomercio.com", "main_image": "http://www.elcomercio.com/files/og_thumbnail/uploads/2016/10/01/57efc1985a181.jpeg", "site_section": "", "section_title": "", "url": "http://www.elcomercio.com/deportes/lewishamilton-mercedes-pole-gp-malasia.html", "country": "", "domain_rank": 1793, "title": "Hamilton logra la pole en el GP de Malasia por delante de Rosberg | El Comercio", "performance_score": 0, "site": "elcomercio.com", "participants_count": 0, "title_full": "Hamilton logra la pole en el GP de Malasia por delante de Rosberg | El Comercio", "spam_score": 0.695, "site_type": "news", "published": "2016-10-01T08:00:00.000+03:00", "replies_count": 0, "uuid": "e7e741e4c50b26bd623e23e43ade0c528ce36fb4"}, "author": "", "url": "http://www.elcomercio.com/deportes/lewishamilton-mercedes-pole-gp-malasia.html", "ord_in_thread": 0, "title": "Hamilton logra la pole en el GP de Malasia por delante de Rosberg | El Comercio", "locations": [], "entities": {"persons": [], "locations": [], "organizations": []}, "highlightText": "", "language": "spanish", "persons": [], "text": "1 de octubre de 2016 15:22 Hamilton logra la pole en el GP de Malasia por delante de Rosberg 180 Lewis Hamilton (izq.) junto a Nico Rosberg, ambos de Mercedes, durante la clasificación del GP de Malasia. Foto: EFE Compartir Agencia AFP Sepang (Malasia) El británico Lewis Hamilton (Mercedes) saldrá desde el primer puesto de la parrilla en el Gran Premio de Malasia , que se disputa el domingo, 2 de octubre del 2016, luego de haber firmado el sábado (1 de octubre) el mejor tiempo en las sesión clasificatoria, por delante de su compañero de escudería y líder del Mundial, Nico Rosberg. El holandés Max Verstappen (Red Bull) , que cumplió 19 años el viernes, firmó el tercer mejor tiempo. Hamilton superó a su rival por el título en casi medio segundo, logrando la vuelta rápida de la historia del circuito de Sepang , cuyo asfalto se había renovado este año, mejorando la adherencia. Varias de las 15 curvas fueron además modificadas con el fin de aumentar la velocidad. Las dos 'Flechas Plateadas' saldrán por delante de los dos Red Bull, de Verstappen y del australiano Daniel Ricciardo , mientras que la tercera línea estará formada por los Ferrari del alemán Sebastian Vettel, ganador el año pasado, y del finlandés Kimi Raikkonen. “Para inquietar a los Mercedes hará falta un poco de suerte y también contar con la lluvia”, explicaba el viernes Vettel. En séptima posición saldrá el mexicano de Force India, Sergio Pérez. El británico Jenson Button (McLaren) saldrá desde la novena posición en el Gran Premio número 300 de su carrera. Y su compañero el español Fernando Alonso lo hará desde la última posición luego de haber cambiado el motor, lo que le costó una sanción de 45 puestos en la parrilla. La ventaja para el piloto asturiano es que sólo dio una vuelta en la sesión clasificatoria, lo que le permitió conservar los neumáticos en buen estado. ", "external_links": [], "published": "2016-10-01T08:00:00.000+03:00", "crawled": "2016-10-04T10:04:30.647+03:00", "highlightTitle": ""}