{"organizations": [], "uuid": "441454a61d7c933058b1b178ba7264e9fcac5556", "thread": {"social": {"gplus": {"shares": 0}, "pinterest": {"shares": 0}, "vk": {"shares": 0}, "linkedin": {"shares": 0}, "facebook": {"likes": 0, "shares": 0, "comments": 0}, "stumbledupon": {"shares": 0}}, "site_full": "www.meneame.net", "main_image": "//mnmstatic.net/img/mnm/logo-350x350.png", "site_section": "http://meneame.net/rss2.php?status=all&category=36", "section_title": "Menéame: todas", "url": "https://www.meneame.net/m/ocio/nba-espana-idilio-continua-partidos-madrid-barcelona", "country": "IE", "domain_rank": 8316, "title": "La NBA y España, un idilio que continúa con los partidos en Madrid y Barcelona", "performance_score": 0, "site": "meneame.net", "participants_count": 1, "title_full": "La NBA y España, un idilio que continúa con los partidos en Madrid y Barcelona", "spam_score": 0.0, "site_type": "news", "published": "2016-10-03T16:25:00.000+03:00", "replies_count": 0, "uuid": "441454a61d7c933058b1b178ba7264e9fcac5556"}, "author": "JasonMartinez", "url": "https://www.meneame.net/m/ocio/nba-espana-idilio-continua-partidos-madrid-barcelona", "ord_in_thread": 0, "title": "La NBA y España, un idilio que continúa con los partidos en Madrid y Barcelona", "locations": [], "entities": {"persons": [], "locations": [], "organizations": []}, "highlightText": "", "language": "spanish", "persons": [], "text": "por JasonMartinez a elconfidencial.com enviado: ____ Real Madrid: La NBA y España, un idilio que continúa con los partidos en Madrid y Barcelona. Noticias de NBA. Solo China ha acogido más partidos de equipos NBA en la última década, un dato que demuestra la importancia del mercado español para la liga norteamericana", "external_links": [], "published": "2016-10-03T16:25:00.000+03:00", "crawled": "2016-10-03T11:28:04.192+03:00", "highlightTitle": ""}