{"organizations": [], "uuid": "67b801e51088adb5bda27f577c0d9776ce3e9c1d", "thread": {"social": {"gplus": {"shares": 0}, "pinterest": {"shares": 0}, "vk": {"shares": 0}, "linkedin": {"shares": 0}, "facebook": {"likes": 11, "shares": 11, "comments": 0}, "stumbledupon": {"shares": 0}}, "site_full": "as.com", "main_image": "http://as00.epimg.net/epik/imagenes/2016/10/03/portada/1475449531_160098_1475487526_doscolumnas_normal.jpg", "site_section": "", "section_title": "", "url": "http://as.com/epik/2016/10/03/portada/1475449531_160098.html", "country": "ES", "domain_rank": 888, "title": "15 gifs que solo entienden los adictos a la cafeína", "performance_score": 0, "site": "as.com", "participants_count": 0, "title_full": "15 gifs que solo entienden los adictos a la cafeína", "spam_score": 0.2, "site_type": "news", "published": "2016-10-03T08:00:00.000+03:00", "replies_count": 0, "uuid": "67b801e51088adb5bda27f577c0d9776ce3e9c1d"}, "author": "Mateo Navarro", "url": "http://as.com/epik/2016/10/03/portada/1475449531_160098.html", "ord_in_thread": 0, "title": "15 gifs que solo entienden los adictos a la cafeína", "locations": [], "entities": {"persons": [], "locations": [], "organizations": []}, "highlightText": "", "language": "spanish", "persons": [], "text": "BUENOS DÍAS 15 gifs que solo entienden los adictos a la cafeína Por favor, no me hables hasta que no me haya tomado el segundo café de la mañana El café es la gasolina de las personas Ahora sí, ¡Buenos días, mi amor! - No, no. Me parecen muy interesantes las fotos de tu verano encontrándote a ti mismo en la India, solo es que necesito un café - En serio. Además hay estudios que dicen que el bostezo, al contrario de lo que pensamos, es un signo de atención, no de aburrimiento - Vamos a por un café y te lo cuento Un momento, ¿esa taza de café está bostezando? Pues se ha quedado un buen lunes, ¿no? O me tomo un café ahora o luego me echo la siesta ¡Dame tu fuerza, café! - Yo es que hasta que no voy por mi trigésimo café no soy persona El orden del universo puede esperar a que me tome este café Y este otro en el que repaso con la mirada perdida todas las malas decisiones que he tomado a lo largo de los años Y este otro en el que aprovecho para darle un repaso a Twitter, por eso... ... ¡Por el café, la causa y la solución de todos los problemas de la vida! Etiquetado en: ", "external_links": [], "published": "2016-10-03T08:00:00.000+03:00", "crawled": "2016-10-03T16:25:40.415+03:00", "highlightTitle": ""}