{"organizations": [], "uuid": "1817d4ab2eb7d5559cfce3103139c9f2c8e50c5c", "thread": {"social": {"gplus": {"shares": 0}, "pinterest": {"shares": 0}, "vk": {"shares": 0}, "linkedin": {"shares": 0}, "facebook": {"likes": 0, "shares": 0, "comments": 0}, "stumbledupon": {"shares": 0}}, "site_full": "www.hola.com", "main_image": "http://www.hola.com/imagenes/actualidad/2016100388749/cayetano-martinez-de-irujo-operacion/0-393-916/cayetano-barbara--e.jpg", "site_section": "http://www.hola.com/rss.xml", "section_title": "Hola.com - diario de actualidad, moda y belleza", "url": "http://www.hola.com/actualidad/2016100388749/cayetano-martinez-de-irujo-operacion/", "country": "ES", "domain_rank": 3675, "title": "Cayetano Martínez de Irujo asistió a la boda de su sobrino recién salido del hospital", "performance_score": 0, "site": "hola.com", "participants_count": 1, "title_full": "Cayetano Martínez de Irujo asistió a la boda de su sobrino recién salido del hospital", "spam_score": 0.0, "site_type": "news", "published": "2016-10-03T06:00:00.000+03:00", "replies_count": 0, "uuid": "1817d4ab2eb7d5559cfce3103139c9f2c8e50c5c"}, "author": "hola.com", "url": "http://www.hola.com/actualidad/2016100388749/cayetano-martinez-de-irujo-operacion/", "ord_in_thread": 0, "title": "Cayetano Martínez de Irujo asistió a la boda de su sobrino recién salido del hospital", "locations": [], "entities": {"persons": [], "locations": [], "organizations": []}, "highlightText": "", "language": "spanish", "persons": [], "text": "Buscar Cayetano Martínez de Irujo asistió a la boda de su sobrino recién salido del hospital El hijo de la Duquesa de Alba ha tenido que ser intervenido de nuevo de sus problemas intestinales   by hola.com El hijo de la Duquesa de Alba ha tenido que ser intervenido de nuevo de sus problemas intestinales Comentar \nLa presencia de Cayetano Martínez de Irujo en la boda de su sobrino Luis era una de las más esperadas, sobre todo, por ver si acudía con su novia, Bárbara Mirjan . La pareja llegó al Palacio de Liria en un coche que conducía Cayetano, vestido con un traje gris oscuro con camisa blanca y corbata a juego. En el asiento del copiloto viajaba Bárbara, con un estilismo en colores claros, respondiendo con una tímida sonrisa a la presencia de los fotógrafos. \nMuy amable con la prensa, Cayetano se detuvo para hablar con los periodistas. Sus declaraciones fueron toda una sorpresa. Anunció que acababa de ser operado de nuevo sus problemas intestinales . Escucha las declaraciones en este vídeo.", "external_links": [], "published": "2016-10-03T06:00:00.000+03:00", "crawled": "2016-10-03T18:35:50.410+03:00", "highlightTitle": ""}