{"organizations": [], "uuid": "546166299f79ddf7b2e285899d8fadde26e5c4b0", "thread": {"social": {"gplus": {"shares": 0}, "pinterest": {"shares": 0}, "vk": {"shares": 0}, "linkedin": {"shares": 0}, "facebook": {"likes": 0, "shares": 0, "comments": 0}, "stumbledupon": {"shares": 0}}, "site_full": "ecodiario.eleconomista.es", "main_image": "http://s03.s3c.es/imag3/logos/economista/bg-ee-facebook.jpg", "site_section": "", "section_title": "", "url": "http://ecodiario.eleconomista.es/sociedad/noticias/7863455/10/16/Fallece-un-motorista-tras-una-salida-de-via-en-Lahiguera.html", "country": "US", "domain_rank": 3233, "title": "Fallece un motorista tras una salida de vía en Lahiguera - EcoDiario.es", "performance_score": 0, "site": "eleconomista.es", "participants_count": 0, "title_full": "Fallece un motorista tras una salida de vía en Lahiguera - EcoDiario.es", "spam_score": 0.2, "site_type": "news", "published": "2016-10-02T05:04:00.000+03:00", "replies_count": 0, "uuid": "546166299f79ddf7b2e285899d8fadde26e5c4b0"}, "author": "", "url": "http://ecodiario.eleconomista.es/sociedad/noticias/7863455/10/16/Fallece-un-motorista-tras-una-salida-de-via-en-Lahiguera.html", "ord_in_thread": 0, "title": "Fallece un motorista tras una salida de vía en Lahiguera - EcoDiario.es", "locations": [], "entities": {"persons": [], "locations": [], "organizations": []}, "highlightText": "", "language": "spanish", "persons": [], "text": "Fallece un motorista tras una salida de vía en Lahiguera 1/10/2016 - 21:04 \nUn hombre, de cuya identidad se desconocen más datos, ha fallecido este sábado tras salirse de la vía en una curva con la motocicleta que conducía en la carretera A-311, en el término municipal de Lahiguera (Jaén). \nLAHIGUERA (JAÉN), 1 (EUROPA PRESS) \nSegún han informado fuentes del servicio coordinado de Emergencias 112 Andalucía a Europa Press, de este accidente se ha tenido noticia a las 18,55 horas, y del mismo se ha dado aviso a Guardia Civil y servicios sanitarios. \nEl siniestro se ha producido en la A-311, carretera que une las localidades jiennenses de Andújar y Fuerte del Rey, en el término de Lahiguera; concretamente en el punto kilométrico 28, según recoge el balance provisional de accidentes mortales del fin de semana que realiza la Dirección General de Tráfico (DGT). Enlaces relacionados ", "external_links": [], "published": "2016-10-02T05:04:00.000+03:00", "crawled": "2016-10-02T04:15:14.040+03:00", "highlightTitle": ""}