{"organizations": [], "uuid": "93e3bee6e5ba20b4fc103256114972a971bb56b4", "thread": {"social": {"gplus": {"shares": 0}, "pinterest": {"shares": 0}, "vk": {"shares": 0}, "linkedin": {"shares": 0}, "facebook": {"likes": 558, "shares": 558, "comments": 1}, "stumbledupon": {"shares": 0}}, "site_full": "www.elmundo.es", "main_image": "http://estaticos.elmundo.es/assets/multimedia/imagenes/2016/10/01/14753328539075.jpg", "site_section": "http://www.elmundo.es/rss/portada.xml", "section_title": "Portada // elmundo", "url": "http://www.elmundo.es/cataluna/2016/10/01/57efcb0cca4741a43d8b4655.html", "country": "ES", "domain_rank": 623, "title": "Puigdemont: \"Cataluña proclamará la independencia y no será el fin de España\" | Cataluña Home", "performance_score": 5, "site": "elmundo.es", "participants_count": 5, "title_full": "Puigdemont: \"Cataluña proclamará la independencia y no será el fin de España\" | Cataluña Home | EL MUNDO", "spam_score": 0.0, "site_type": "news", "published": "2016-10-01T03:00:00.000+03:00", "replies_count": 6, "uuid": "93e3bee6e5ba20b4fc103256114972a971bb56b4"}, "author": "EFE", "url": "http://www.elmundo.es/cataluna/2016/10/01/57efcb0cca4741a43d8b4655.html", "ord_in_thread": 0, "title": "Puigdemont: \"Cataluña proclamará la independencia y no será el fin de España\" | Cataluña Home", "locations": [], "entities": {"persons": [], "locations": [], "organizations": []}, "highlightText": "", "language": "spanish", "persons": [], "text": "01/10/2016 16:41 El presidente de la Generalitat, Carles Puigdemont, ha asegurado hoy, en una entrevista en la televisión pública portuguesa RTP que se emitirá esta noche, que Cataluña acabará proclamando su independencia y ello \"no será el fin de España\".\nPuigdemont, que ayer coincidió en Oporto con el presidente del Gobierno español, Mariano Rajoy, en la inauguración de una exposición de Joan Miró, ha defendido la hoja de ruta soberanista y la convocatoria de un referéndum vinculante en Cataluña, preferiblemente pactado con el Estado.\nNo obstante, Puigdemont ha reconocido que \"con un gobierno de Mariano Rajoy es imposible llegar a ningún acuerdo\". \nRespecto al federalismo que propone el PSOE, ha recordado que cuando este partido ha gobernado \"no ha federado nada\", según un comunicado de la Generalitat.\nEl presidente catalán ha concedido esa entrevista en el marco de su visita oficial a Portugal. Esta mañana, Puigdemont se ha desplazado hasta Lisboa, donde ha visitado la delegación del Govern e Portugal , y ha mantenido un encuentro con la comunidad catalana en la capital lusa.", "external_links": [], "published": "2016-10-01T03:00:00.000+03:00", "crawled": "2016-10-01T18:38:34.426+03:00", "highlightTitle": ""}