{"organizations": [], "uuid": "4f9cb718087f674f76889bae2ad2a737384615cf", "thread": {"social": {"gplus": {"shares": 0}, "pinterest": {"shares": 0}, "vk": {"shares": 0}, "linkedin": {"shares": 0}, "facebook": {"likes": 0, "shares": 0, "comments": 0}, "stumbledupon": {"shares": 0}}, "site_full": "www.milenio.com", "main_image": "http://www.milenio.com/policia/incendio_plaza_fiesta_san-agustin-bomberos_san_pedro-milenio_noticias_MILIMA20161002_0184_14.jpg", "site_section": "http://www.milenio.com/estados/", "section_title": "Estados - Grupo Milenio", "url": "http://www.milenio.com/policia/incendio_plaza_fiesta_san-agustin-bomberos_san_pedro-milenio_noticias_0_821917942.html", "country": "US", "domain_rank": 8394, "title": "Se reporta conato de incendio en San Agustín", "performance_score": 0, "site": "milenio.com", "participants_count": 1, "title_full": "Se reporta conato de incendio en San Agustín - Grupo Milenio", "spam_score": 0.494, "site_type": "news", "published": "2016-10-02T23:02:00.000+03:00", "replies_count": 0, "uuid": "4f9cb718087f674f76889bae2ad2a737384615cf"}, "author": "Milenio Digital", "url": "http://www.milenio.com/policia/incendio_plaza_fiesta_san-agustin-bomberos_san_pedro-milenio_noticias_0_821917942.html", "ord_in_thread": 0, "title": "Se reporta conato de incendio en San Agustín", "locations": [], "entities": {"persons": [], "locations": [], "organizations": []}, "highlightText": "", "language": "spanish", "persons": [], "text": "Al parecer el humo proviene del área de comidas. (Especial) Milenio Digital 02/10/2016 03:02 PM\nSan Pedro Garza García\nUsuarios en redes sociales reportaron un aparente incendio en el área de comidas de Plaza Fiesta San Agustín.\nEn fotos se muestra como una fuerte cantidad de humo negro invadió en minutos los pasillos del centro comercial.\nHasta ahora no se reportan lesionados, pero sí una fuerte movilización de elementos de rescate alrededor de la plaza.\nEn unos momentos más información\nFSAD", "external_links": [], "published": "2016-10-02T23:02:00.000+03:00", "crawled": "2016-10-03T12:26:39.923+03:00", "highlightTitle": ""}