{"organizations": [], "uuid": "f3539045137542e65c5d452681e2d9e404c48844", "thread": {"social": {"gplus": {"shares": 0}, "pinterest": {"shares": 0}, "vk": {"shares": 0}, "linkedin": {"shares": 0}, "facebook": {"likes": 0, "shares": 0, "comments": 0}, "stumbledupon": {"shares": 0}}, "site_full": "es.reuters.com", "main_image": "", "site_section": "", "section_title": "", "url": "http://es.reuters.com/article/companyNews/idESL8N1C51ZL", "country": "US", "domain_rank": 408, "title": "BUZZ-Repsol salta en bolsa tras acuerdo de la OPEP | Reuters", "performance_score": 0, "site": "reuters.com", "participants_count": 0, "title_full": "BUZZ-Repsol salta en bolsa tras acuerdo de la OPEP | Reuters", "spam_score": 0.614, "site_type": "news", "published": "2016-09-29T16:58:00.000+03:00", "replies_count": 0, "uuid": "f3539045137542e65c5d452681e2d9e404c48844"}, "author": "", "url": "http://es.reuters.com/article/companyNews/idESL8N1C51ZL", "ord_in_thread": 0, "title": "BUZZ-Repsol salta en bolsa tras acuerdo de la OPEP | Reuters", "locations": [], "entities": {"persons": [], "locations": [], "organizations": []}, "highlightText": "", "language": "spanish", "persons": [], "text": "BUZZ-Repsol salta en bolsa tras acuerdo de la OPEP jueves 29 de septiembre de 2016 10:58 CEST [ - ] Texto [ + ] \nMADRID, 29 sep (Reuters) - ** La petrolera Repsol saltaba el jueves en bolsa tras el acuerdo alcanzado la víspera por la OPEP, que analistas de Goldman dijeron que podría agregar hasta 10 euros al precio del crudo en el primer semestre. \n** La OPEP limitará la producción a entre 32,5 y 33 millones de barriles diarios, pero cuánto producirá cada país se decidirá en la próxima reunión en noviembre. \n** El crudo Brent subió el miércoles hasta un 6 por ciento, pero el jueves cedía algo más de un 1 por ciento. \n** Repsol se disparaba un 4,2 por ciento, en línea con otras petroleras europeas, y era el valor que más subía en el Ibex-35 (RM:andres.gonzalez.thomsonreuters.com@reuters.net) © Thomson Reuters 2016 All rights reserved. ", "external_links": [], "published": "2016-09-29T16:58:00.000+03:00", "crawled": "2016-10-03T23:29:32.290+03:00", "highlightTitle": ""}