{"organizations": [], "uuid": "a8118eb74165216dfa35232aae98a9d0798689a0", "thread": {"social": {"gplus": {"shares": 0}, "pinterest": {"shares": 0}, "vk": {"shares": 0}, "linkedin": {"shares": 0}, "facebook": {"likes": 0, "shares": 0, "comments": 0}, "stumbledupon": {"shares": 0}}, "site_full": "rpp.pe", "main_image": "http://f.rpp-noticias.io/2016/10/03/515251_257493.png", "site_section": "http://rpp.pe/feed", "section_title": "RPP NOTICIAS", "url": "http://rpp.pe/famosos/celebridades/simon-cowell-protagonista-de-un-escandalo-junto-a-las-spice-girls-noticia-999302", "country": "PE", "domain_rank": 4255, "title": "Simon Cowell: protagonista de un escándalo junto a las Spice Girls", "performance_score": 0, "site": "rpp.pe", "participants_count": 0, "title_full": "Simon Cowell: protagonista de un escándalo junto a las Spice Girls", "spam_score": 0.0, "site_type": "news", "published": "2016-10-04T00:40:00.000+03:00", "replies_count": 0, "uuid": "a8118eb74165216dfa35232aae98a9d0798689a0"}, "author": "", "url": "http://rpp.pe/famosos/celebridades/simon-cowell-protagonista-de-un-escandalo-junto-a-las-spice-girls-noticia-999302", "ord_in_thread": 0, "title": "Simon Cowell: protagonista de un escándalo junto a las Spice Girls", "locations": [], "entities": {"persons": [], "locations": [], "organizations": []}, "highlightText": "", "language": "spanish", "persons": [], "text": "Celebridades Simon Cowell: protagonista de un escándalo junto a las Spice Girls El productor y figura de reality TV británica ha sido acusado de mostrar su pene durante una entrevista en la que era flaqueado por dos miembros de las Spice Girls.   11:40 AM Simon Cowell: protagonista de un escándalo junto a las Spice Girls | Fuente: Twitter Matthew Avery \nEl último fin de semana, el productor y hacedor de estrellas pop Simon Cowell se convirtió en el protagonista de un escándalo que remeció las redes sociales con el denominado \"toegate\", un problema visual en el que se puede ver a Simon Cowell flanqueado por Emma Bunton y Mel B, dos de las mas populares Spice Girls. \nEl problema salta a la vista cuando al revisar la grabación se puede ver como un 'elemento' que muchos parecen confundir con el miembro viril del productor sale a relucir de entre los pantalones blancos. \nAunque, Cowell ha asegurado que se trata simplemente de una ilusión óptica y que habría sido simplemente uno de los dedos de su pie el que se filtra en la imagen que ya se ha viralizado (una captura de pantalla de la entrevista realizada en \"Factor X\"). \n“Sólo era mi dedo del pie. Me ha dado bastante vergüenza verlo online, pero solo era mi dedo del pie\", ha asegurado un avergonzado Cowell. \nLa figura inglesa se ha convertido gracias a sus presentaciones dentro de una serie de producciones televisivas como Pop Idol, The X Factor , Britain’s Got Talent, American Idol y America’s Got Talent, en una de las figuras de la industria más poderosa de los últimos años. Noticias Relacionadas", "external_links": [], "published": "2016-10-04T00:40:00.000+03:00", "crawled": "2016-10-03T20:49:04.291+03:00", "highlightTitle": ""}