{"organizations": [], "uuid": "add297228112dc9662dfe868b4b2e547987d02f6", "thread": {"social": {"gplus": {"shares": 0}, "pinterest": {"shares": 0}, "vk": {"shares": 0}, "linkedin": {"shares": 1}, "facebook": {"likes": 49, "shares": 49, "comments": 0}, "stumbledupon": {"shares": 0}}, "site_full": "www.lavanguardia.com", "main_image": "http://www.lavanguardia.com/r/GODO/LV/p3/WebSite/2016/10/01/Recortada/img_adomenech_20161001-140927_imagenes_lv_otras_fuentes_pitt-klsD-U41711781218KvE-992x558@LaVanguardia-Web.JPG", "site_section": "http://www.lavanguardia.com/feed/rss/home", "section_title": "Portada", "url": "http://www.lavanguardia.com/gente/20161001/41711781218/brad-pitt-muerte-estafa-guardia-civil.html", "country": "ES", "domain_rank": 1941, "title": "Alarma por un bulo en las redes sobre la muerte de Brad Pitt", "performance_score": 0, "site": "lavanguardia.com", "participants_count": 1, "title_full": "Alarma por un bulo en las redes sobre la muerte de Brad Pitt", "spam_score": 0.0, "site_type": "news", "published": "2016-10-01T22:14:00.000+03:00", "replies_count": 0, "uuid": "add297228112dc9662dfe868b4b2e547987d02f6"}, "author": "Redacción , Barcelona", "url": "http://www.lavanguardia.com/gente/20161001/41711781218/brad-pitt-muerte-estafa-guardia-civil.html", "ord_in_thread": 0, "title": "Alarma por un bulo en las redes sobre la muerte de Brad Pitt", "locations": [], "entities": {"persons": [], "locations": [], "organizations": []}, "highlightText": "", "language": "spanish", "persons": [], "text": "Después de la tormenta que le está cayendo encima a Brad Pitt en los últimos días a raíz del divorcio que le ha pedido Angelina Jolie , al actor solo le faltaba ver cómo le daban por muerto en las redes sociales en un enlace con noticia falsa que se está difundiendo con rapidez por todo el mundo en las últimas horas. \nLa propia Guardia Civil ha alertado en España de este bulo ideado por piratas informáticos con la intención de robar contraseñas de usuarios en Facebook. Los hackers han usado una técnica que entre los expertos se conoce como Hoax , un mensaje que tiene contenido falso y que se manda en cadena. En este caso, esta publicación informaba sobre la muerte de Brad Pitt, incluso citando de forma falsa a fuentes estadounidenses como Fox News .\nUna vez el usuario accede al enlace que está dentro de la noticia, es dirigido a una web en la que tiene que introducir su contraseña de Facebook para poder leer la noticia completa. Una vez introducido, los hackers ya tienen acceso a la cuenta personal de esta persona. La propia Guardia Civil recomienda que si alguien ha caído en la trampa cambie su contraseña de esta red social y pase el antivirus por su ordenador. \nTemas relacionados Brad Pitt Guardia Civil Angelina Jolie", "external_links": [], "published": "2016-10-01T22:14:00.000+03:00", "crawled": "2016-10-01T15:53:16.005+03:00", "highlightTitle": ""}