{"organizations": [], "uuid": "5afc04736c4e5aa00b7e0d76b731747017226d0a", "thread": {"social": {"gplus": {"shares": 0}, "pinterest": {"shares": 0}, "vk": {"shares": 0}, "linkedin": {"shares": 0}, "facebook": {"likes": 2, "shares": 2, "comments": 0}, "stumbledupon": {"shares": 0}}, "site_full": "www.milenio.com", "main_image": "http://www.milenio.com/politica/convocan_servicio_militar-milenio_noticias_MILIMA20161001_0309_14.jpg", "site_section": "http://www.milenio.com/monterrey/", "section_title": "Monterrey - Noticias - Grupo Milenio", "url": "http://www.milenio.com/politica/convocan_servicio_militar-milenio_noticias_0_821318104.html", "country": "US", "domain_rank": 8394, "title": "Convocan a participar en Servicio Militar Nacional", "performance_score": 0, "site": "milenio.com", "participants_count": 1, "title_full": "Convocan a participar en Servicio Militar Nacional - Grupo Milenio", "spam_score": 0.035, "site_type": "news", "published": "2016-10-02T04:21:00.000+03:00", "replies_count": 0, "uuid": "5afc04736c4e5aa00b7e0d76b731747017226d0a"}, "author": "Victoria Félix", "url": "http://www.milenio.com/politica/convocan_servicio_militar-milenio_noticias_0_821318104.html", "ord_in_thread": 0, "title": "Convocan a participar en Servicio Militar Nacional", "locations": [], "entities": {"persons": [], "locations": [], "organizations": []}, "highlightText": "", "language": "spanish", "persons": [], "text": "Los jóvenes podrán adquirir conocimientos de la doctrina militar para que puedan ser efectivos de las Fuerzas Armadas. (Foto: Especial) Victoria Félix 01/10/2016 08:21 PM\nMonterrey\nLa Secretaría de Defensa Nacional (Sedena) hace un llamado a los jóvenes que cumplieron 18 años, y que requieran liberar la cartilla del servicio militar, a integrar las filas del tercer escalón de adiestramiento de la Cuarta Compañía.\nLa cita es el martes 4 de octubre del presente año, a las 8:00, en el Campo Militar No. 7-A, en el municipio de Apodaca, Nuevo León.\nEntre los beneficios que reciben los ciudadanos encuadrados como soldados del Servicio Militar Nacional están: el servicio médico, seguro de vida militar, alimentación, vestuario, alojamiento y ayuda económica de 130 pesos semanalmente.\nAdemás de Identificación del Servicio Militar Nacional durante el adiestramiento, capacitación en talleres de artes y oficios, así como la hoja de liberación al término del adiestramiento y la credencial plástica.\nCon el entrenamiento, los jóvenes podrán adquirir conocimientos de la doctrina militar para que puedan ser efectivos de las Fuerzas Armadas, en caso de que una situación de defensa nacional o fenómeno de origen natural lo requiera.", "external_links": [], "published": "2016-10-02T04:21:00.000+03:00", "crawled": "2016-10-02T06:45:08.494+03:00", "highlightTitle": ""}