{"organizations": [], "uuid": "75908f740e3a6e967ac3c8022f42a611c10f7180", "thread": {"social": {"gplus": {"shares": 1}, "pinterest": {"shares": 0}, "vk": {"shares": 0}, "linkedin": {"shares": 0}, "facebook": {"likes": 6, "shares": 6, "comments": 0}, "stumbledupon": {"shares": 0}}, "site_full": "www.sport.es", "main_image": "http://estaticos.sport.es/resources/jpg/8/3/barca-hace-ridiculo-balaidos-1475436697538.jpg", "site_section": "http://www.sport.es/es/rss/last_news/rss.xml", "section_title": "Últimas Noticias", "url": "http://www.sport.es/es/noticias/barca/peor-que-goleada-del-celta-barcelona-2015-2016-5445836", "country": "ES", "domain_rank": 2427, "title": "Peor que la goleada del Celta - FC Barcelona de la 2015/2016", "performance_score": 0, "site": "sport.es", "participants_count": 0, "title_full": "Peor que la goleada del Celta - FC Barcelona de la 2015/2016", "spam_score": 0.0, "site_type": "news", "published": "2016-10-03T03:39:00.000+03:00", "replies_count": 0, "uuid": "75908f740e3a6e967ac3c8022f42a611c10f7180"}, "author": "", "url": "http://www.sport.es/es/noticias/barca/peor-que-goleada-del-celta-barcelona-2015-2016-5445836", "ord_in_thread": 0, "title": "Peor que la goleada del Celta - FC Barcelona de la 2015/2016", "locations": [], "entities": {"persons": [], "locations": [], "organizations": []}, "highlightText": "", "language": "spanish", "persons": [], "text": "Liga Santander 2016/2017: Celta Vigo - FC Barcelona Peor que la goleada del Celta - FC Barcelona de la 2015/2016 \nParece que el FC Barcelona no estaba escarmentado. Al descanso ya ha recibido más goles que el año pasado en Balaídos. \nEl Barça hace el ridículo en Balaídos AFP \ndeberá trabajar y luchar mucho si quiere dar la vuelta en el marcador en el Celta - FC Barcelona que se está disputando en Balaídos. La primera parte de este encuentro ha sido pésima. Se ha demostrado que los jugadores no tomaron nota de lo sucedido la temporada pasada ante el mismo rival y en el mismo estadio. En aquella ocasión el encuentro finalizó con un 4-1 en el marcador para los gallegos, pero en el descanso la diferencia era de 2-0. \nUna diferencia inferior a lo que está sucediendo esta noche en Balaídos. Tras los primeros 45 minutos, el FC Barcelona ya ha encajado 3 goles. Y estos se han producido en los primeros 33 minutos de juego. \nLa temporada pasada Nolito, ahora en el Manchester City, avanzó al Celta en el minuto 26' y el segundo fue obra de Iago Aspas. \nEste último ha repetido, de momento, gol. Ha marcado el segundo en el minuto 32', mientras que diez minutos antes había sido Sisto qui9en se habí aprovechado de un error de Ter Stegen para batir al alemán. A los 33' minutos, el Barcelona ya perdía por 3-0, debido a una acción desafortunada de Mathieu. \nSe trata, pues, de un resultado que será complicado darle la vuelta. El FC Barcelona, por lo que se ve, no habrá aprovechado el pinchazo del Real Madrid en el Bernabéu.", "external_links": [], "published": "2016-10-03T03:39:00.000+03:00", "crawled": "2016-10-03T00:04:43.660+03:00", "highlightTitle": ""}