{"organizations": [], "uuid": "9928d1706b27445f6d310e77db7fbc8a66e36cc7", "thread": {"social": {"gplus": {"shares": 0}, "pinterest": {"shares": 0}, "vk": {"shares": 0}, "linkedin": {"shares": 0}, "facebook": {"likes": 6, "shares": 6, "comments": 0}, "stumbledupon": {"shares": 0}}, "site_full": "www.elmundo.es", "main_image": "http://estaticos.elmundo.es/assets/multimedia/imagenes/2016/10/02/14754201394973.jpg", "site_section": "http://estaticos.elmundo.es/elmundo/rss/madrid.xml", "section_title": "", "url": "http://www.elmundo.es/madrid/2016/10/02/57f11f24e5fdea70228b456e.html", "country": "ES", "domain_rank": 623, "title": "Metro renovará las escaleras mecánicas de la estación de Chueca", "performance_score": 0, "site": "elmundo.es", "participants_count": 1, "title_full": "Metro renovará las escaleras mecánicas de la estación de Chueca | Madrid Home | EL MUNDO", "spam_score": 0.004, "site_type": "news", "published": "2016-10-02T03:00:00.000+03:00", "replies_count": 0, "uuid": "9928d1706b27445f6d310e77db7fbc8a66e36cc7"}, "author": "EUROPA PRESS", "url": "http://www.elmundo.es/madrid/2016/10/02/57f11f24e5fdea70228b456e.html", "ord_in_thread": 0, "title": "Metro renovará las escaleras mecánicas de la estación de Chueca", "locations": [], "entities": {"persons": [], "locations": [], "organizations": []}, "highlightText": "", "language": "spanish", "persons": [], "text": "02/10/2016 16:55 Metro de Madrid invertirá 530.000 euros en la renovación integral de las dos escaleras mecánicas de Chueca para aumentar la comodidad de los usuarios y mejorar su capacidad de transporte, ha informado este domingo el Gobierno regional en una nota de prensa.\nLas escaleras estarán dotadas con equipos de última tecnología , acordes al compromiso de Metro en la renovación de las instalaciones próximas al fin de su vida útil y la mejora día a día de la calidad del servicio.\nEl plazo de ejecución de los trabajos es de ocho meses. Las obras se realizarán fuera del horario de servicio , desde las 2.00 hasta las 6.00 horas de la mañana, con un período disponible de trabajo diario de cuatro horas. Todos los trabajos se programarán de forma que afecten lo menos posible al tránsito normal de los viajeros por la estación.\nLos futuros modelos dispondrán de todas las tecnologías incorporadas en los últimos años a estos dispositivos y tendrán carácter reversible. Dispondrán de equipos para la detección y extinción de incendios por agua nebulizada y los elementos de seguridad de última generación necesarios para evitar aprisionamientos.\nEl alumbrado estará formado por luminarias de bajo consumo, e instalaciones de protección en el cuadro general de baja tensión. El diseño de estos modelos también estará realizado para minimizar los niveles de ruidos y vibraciones.", "external_links": [], "published": "2016-10-02T03:00:00.000+03:00", "crawled": "2016-10-02T19:08:04.560+03:00", "highlightTitle": ""}