{"organizations": [], "uuid": "a6ac67ae1947157ecfc7555f7f9321d90a48b898", "thread": {"social": {"gplus": {"shares": 0}, "pinterest": {"shares": 0}, "vk": {"shares": 0}, "linkedin": {"shares": 0}, "facebook": {"likes": 0, "shares": 0, "comments": 0}, "stumbledupon": {"shares": 0}}, "site_full": "www.antena3.com", "main_image": "http://fotografias.antena3.com/clipping/cmsimages02/2016/09/30/1ACEE6CB-3455-40CC-AFF8-8DEFF8BABEAA/27.jpg", "site_section": "", "section_title": "", "url": "http://www.antena3.com/noticias/espana/pedro-sanchez-pierde-votacion-celebrar-congreso-extraordinario_2016100157effd470cf2aa7f695270fb.html", "country": "ES", "domain_rank": 6587, "title": "ANTENA 3 TV | Pedro Sánchez pierde la votación para celebrar un Congreso extraordinario", "performance_score": 0, "site": "antena3.com", "participants_count": 0, "title_full": "ANTENA 3 TV | Pedro Sánchez pierde la votación para celebrar un Congreso extraordinario", "spam_score": 0.546, "site_type": "news", "published": "2016-10-02T02:17:00.000+03:00", "replies_count": 0, "uuid": "a6ac67ae1947157ecfc7555f7f9321d90a48b898"}, "author": "Redacci N", "url": "http://www.antena3.com/noticias/espana/pedro-sanchez-pierde-votacion-celebrar-congreso-extraordinario_2016100157effd470cf2aa7f695270fb.html", "ord_in_thread": 0, "title": "ANTENA 3 TV | Pedro Sánchez pierde la votación para celebrar un Congreso extraordinario", "locations": [], "entities": {"persons": [], "locations": [], "organizations": []}, "highlightText": "", "language": "spanish", "persons": [], "text": "137 VOTOS EN CONTRA Y 107 A FAVOR 137 VOTOS EN CONTRA Y 107 A FAVOR Pedro Sánchez pierde la votación para celebrar un Congreso extraordinario \nPedro Sánchez ha resultado derrotado en la votación del Comité Federal del PSOE. En ella, por 133 votos en contra y 105 a favor, los dirigentes han votado por mayoría el no celebrar un Congreso extraordinario como quería el líder socialista. Pedro Sánchez ante los medios de comunicación | EFE ", "external_links": [], "published": "2016-10-02T02:17:00.000+03:00", "crawled": "2016-10-01T21:18:04.718+03:00", "highlightTitle": ""}