{"organizations": [], "uuid": "c3ed33e1f89578d8cdc3408cf261c4e1cfb7c05f", "thread": {"social": {"gplus": {"shares": 0}, "pinterest": {"shares": 0}, "vk": {"shares": 0}, "linkedin": {"shares": 0}, "facebook": {"likes": 0, "shares": 0, "comments": 0}, "stumbledupon": {"shares": 0}}, "site_full": "www.rtve.es", "main_image": "http://img.rtve.es/imagenes/papa-pide-georgia-iglesia-humilde-misa-ausencia-ortodoxos-georgianos/1475331113357.jpg", "site_section": "http://www.rtve.es/rss/temas_mundo.xml", "section_title": "Mundo en rtve.es", "url": "http://www.rtve.es/alacarta/videos/telediario/segunda-jornada-del-papa-georgia-viaje-marcado-caracter-ecumenico-interreligioso/3741150/", "country": "ES", "domain_rank": 2246, "title": "El Papa pide en Georgia una Iglesia humilde en una misa con la ausencia de los ortodoxos georgianos", "performance_score": 0, "site": "rtve.es", "participants_count": 0, "title_full": "El Papa pide en Georgia una Iglesia humilde en una misa con la ausencia de los ortodoxos georgianos", "spam_score": 0.0, "site_type": "news", "published": "2016-10-01T21:33:00.000+03:00", "replies_count": 0, "uuid": "c3ed33e1f89578d8cdc3408cf261c4e1cfb7c05f"}, "author": "", "url": "http://www.rtve.es/alacarta/videos/telediario/segunda-jornada-del-papa-georgia-viaje-marcado-caracter-ecumenico-interreligioso/3741150/", "ord_in_thread": 0, "title": "El Papa pide en Georgia una Iglesia humilde en una misa con la ausencia de los ortodoxos georgianos", "locations": [], "entities": {"persons": [], "locations": [], "organizations": []}, "highlightText": "", "language": "spanish", "persons": [], "text": "Embeber \nSegunda jornada del papa en Georgia <div style=\"width:100%;padding-top:64%;position:relative;border-bottom:1px solid #aaa;display:inline-block;background:#eee;background:rgba(255,255,255,0.9);\" > <iframe frameborder=\"0\" src=\"http://www.rtve.es/drmn/embed/video/3741150\" name=\"Segunda jornada del papa en Georgia\" scrolling=\"no\" style=\"width:100%;height:90%;position:absolute;left:0;top:0;overflow:hidden;\" ></iframe> <div style=\"position:absolute;bottom:0;left:0;font-family:arial,helvetica,sans-serif;font-size:12px;line-height:1.833;display:inline-block;padding:5px 0 5px 10px;\"> <span style=\"float:left;margin-right:10px;\"><img style=\"height:20px;width:auto;background: transparent;padding:0;margin:0;\" src=\"http://img.irtve.es/css/rtve.commons/rtve.header.footer/i/logoRTVEes.png\"></span> <a style=\"color:#333;font-weight:bold;\" title=\"Segunda jornada del papa en Georgia\" href=\"http://www.rtve.es/alacarta/videos/telediario/segunda-jornada-del-papa-georgia-viaje-marcado-caracter-ecumenico-interreligioso/3741150/\"><strong>Segunda jornada del papa en Georgia</strong></a></div> </div> El Papa pide en Georgia una Iglesia humilde en una misa con la ausencia de los ortodoxos georgianos 01 oct 2016 \nEn una misa en Tiflis durante su segunda jornada en Georgia, el Papa ha dicho que \"Para ser grande ante el Altísimo no es necesario acumular honores y prestigios, sino vaciarse de uno mismo\", ha dicho. No han ido representantes de la Iglesia Georgiana.", "external_links": [], "published": "2016-10-01T21:33:00.000+03:00", "crawled": "2016-10-01T21:57:16.154+03:00", "highlightTitle": ""}