{"organizations": [], "uuid": "b25b6e566f6bc726c5ce2d2bf8f3d867bc9da753", "thread": {"social": {"gplus": {"shares": 2}, "pinterest": {"shares": 0}, "vk": {"shares": 0}, "linkedin": {"shares": 0}, "facebook": {"likes": 538, "shares": 538, "comments": 0}, "stumbledupon": {"shares": 0}}, "site_full": "elcomercio.pe", "main_image": "http://cde.3.elcomercio.pe/ima/0/1/4/9/8/1498177.jpg", "site_section": "http://elcomercio.pe//feed/portada.xml", "section_title": "", "url": "http://elcomercio.pe/sociedad/piura/piura-alista-marcha-paz-debido-recientes-asesinatos-noticia-1936089", "country": "PE", "domain_rank": 1155, "title": "Piura alista marcha por la paz debido a recientes asesinatos", "performance_score": 5, "site": "elcomercio.pe", "participants_count": 0, "title_full": "Piura alista marcha por la paz debido a recientes asesinatos", "spam_score": 0.0, "site_type": "news", "published": "2016-10-03T22:35:00.000+03:00", "replies_count": 0, "uuid": "b25b6e566f6bc726c5ce2d2bf8f3d867bc9da753"}, "author": "", "url": "http://elcomercio.pe/sociedad/piura/piura-alista-marcha-paz-debido-recientes-asesinatos-noticia-1936089", "ord_in_thread": 0, "title": "Piura alista marcha por la paz debido a recientes asesinatos", "locations": [], "entities": {"persons": [], "locations": [], "organizations": []}, "highlightText": "", "language": "spanish", "persons": [], "text": "Lunes 03 de octubre del 2016 | 09:30 Piura alista marcha por la paz debido a recientes asesinatos En lo que va del año, se han registrado al menos 38 homicidios en la región Piura   \nLa movilización se dará este viernes 7 por el centro de Piura y es convocada por universitarios. (Ralph Zapata / Archivo El Comercio) Lea También... Ralph Zapata Corresponsal en Piura \nLos violentos asesinatos de Luis Salazar Celi, un universitario de 19 años, y de Hedy Crisanto Neira, una profesora de 53, perpetrados el mes pasado a manos de delincuentes han movilizado a la población piurana. Los estudiantes de al menos cuatro universidades de la región preparan una gran marcha este viernes 7 para exigir a las autoridades soluciones al problema de la inseguridad ciudadana. \nLa marcha se hará por las calles del centro de Piura y es respaldada por el gobierno regional. Recientemente, el gobernador Reynaldo Hilbck dijo que pedirá al Gobierno Central que se declare a la provincia capital en emergencia debido a la inseguridad. \nLa propuesta de Hilbck es avalada por varios alcaldes, pero no por el jefe de la región policial, el general Luis Bisso, quien garantizó que su institución puede controlar a la delincuencia. —Violencia que no cesa— En lo que va del año, se han registrado 38 homicidios en la región Piura, sobre todo en las provincias de Piura y Sullana. \nAsimismo, en el 2015 ocurrieron 65 asesinatos y la tasa de homicidios llegó a 15,2 por 100 mil habitantes, similar a la ciudad de Trujillo. \nUnos 20 mil usuarios de Facebook confirmaron su participación en la marcha por la paz de Piura.", "external_links": [], "published": "2016-10-03T22:35:00.000+03:00", "crawled": "2016-10-03T17:45:48.650+03:00", "highlightTitle": ""}