{"organizations": [], "uuid": "8e85abe2a2869645c64dda0e7f27ec413851fa12", "thread": {"social": {"gplus": {"shares": 0}, "pinterest": {"shares": 0}, "vk": {"shares": 0}, "linkedin": {"shares": 0}, "facebook": {"likes": 0, "shares": 0, "comments": 0}, "stumbledupon": {"shares": 0}}, "site_full": "www.coches.net", "main_image": "http://a.ccdn.es/cnet/2016/10/03/32216435/104356247_g.jpg", "site_section": "", "section_title": "", "url": "http://www.coches.net/dacia-duster-laureate-dci-110-4x2-eu6-5p-diesel-2015-en-madrid-32216435-covo.aspx", "country": "US", "domain_rank": 6093, "title": "dacia duster 4x4 laureate dci 110 4x2 eu6 Diesel de color Blanco del año 2015 con 25692km en Madrid 32216435", "performance_score": 0, "site": "coches.net", "participants_count": 0, "title_full": "dacia duster 4x4 laureate dci 110 4x2 eu6 Diesel de color Blanco del año 2015 con 25692km en Madrid 32216435", "spam_score": 0.213, "site_type": "news", "published": "2016-10-03T08:00:00.000+03:00", "replies_count": 0, "uuid": "8e85abe2a2869645c64dda0e7f27ec413851fa12"}, "author": "", "url": "http://www.coches.net/dacia-duster-laureate-dci-110-4x2-eu6-5p-diesel-2015-en-madrid-32216435-covo.aspx", "ord_in_thread": 0, "title": "dacia duster 4x4 laureate dci 110 4x2 eu6 Diesel de color Blanco del año 2015 con 25692km en Madrid 32216435", "locations": [], "entities": {"persons": [], "locations": [], "organizations": []}, "highlightText": "", "language": "spanish", "persons": [], "text": "Garantía 48 meses (4 años) Comentarios del anunciante \nExtras y mas info en Nuestra Web Carsydreu .GARANTIA DE FABRICA HASTA ENERO DE 2020. Todos nuestros vehículos se entregan revisados, certificados y garantizados. Entrega en toda la península. aceptamos su vehículo como parte del pago. financiación 100% a medida sin entrada y en 24h. Abrimos de lunes a viernes de 10:00 a 15:00 y de 16:30 a 20:00, Sábados de 10:30 a 14:00 . Disponemos de parking gratuito para clientes. We speak english, we export. 1 año de garantía nacional CARS&DREU. No incluidos los gastos de gestoria y transferencia. Visita nuestra web Carsy utiliza nuestro simulador de Financiación a medida. Nuestros vehículos cuentan con informe y certificación independiente CARFAX para su mayor seguridad y confianza. Haz una visita virtual a CARS&DREU a través de nuestro video: youtu.be/GNWfhENBVCI Equipamiento extra ", "external_links": [], "published": "2016-10-03T08:00:00.000+03:00", "crawled": "2016-10-03T19:03:57.437+03:00", "highlightTitle": ""}