{"organizations": [], "uuid": "2c74be43b0c7d67fc3379aab6c8ec71aeeb5e947", "thread": {"social": {"gplus": {"shares": 0}, "pinterest": {"shares": 0}, "vk": {"shares": 0}, "linkedin": {"shares": 0}, "facebook": {"likes": 0, "shares": 0, "comments": 0}, "stumbledupon": {"shares": 0}}, "site_full": "www.ieco.clarin.com", "main_image": "http://images.clarin.com/rural/cosecha-pleno-varias-regiones-Argentina_CLAIMA20160510_0234_4.jpg", "site_section": "http://www.clarin.com/rss/lo-ultimo/", "section_title": "Clarin.com - Home", "url": "http://www.ieco.clarin.com/Cae-US-millones-liquidacion-divisas_0_1661833867.html", "country": "AR", "domain_rank": 1080, "title": "Cae en US$ 70 millones la liquidación de divisas", "performance_score": 0, "site": "clarin.com", "participants_count": 1, "title_full": "Cae en US$ 70 millones la liquidación de divisas", "spam_score": 0.0, "site_type": "news", "published": "2016-10-03T03:00:00.000+03:00", "replies_count": 0, "uuid": "2c74be43b0c7d67fc3379aab6c8ec71aeeb5e947"}, "author": "Clarin.com", "url": "http://www.ieco.clarin.com/Cae-US-millones-liquidacion-divisas_0_1661833867.html", "ord_in_thread": 0, "title": "Cae en US$ 70 millones la liquidación de divisas", "locations": [], "entities": {"persons": [], "locations": [], "organizations": []}, "highlightText": "", "language": "spanish", "persons": [], "text": "El sector agroexportador liquidó la semana pasada divisas por US$ 397,6 millones , menos que los siete días previos, informaron la Cámara de la Industria Aceitera (CIARA) y el Centro de Exportadores de Cereales (CEC).\nLa liquidación de divisas del sector cayó así en casi US$ 72 millones respecto a la semana previa, cuando había llegado a US$ 469,5 millones, pero aumentó fuerte respecto a igual semana de 2015, cuando la cifra fue de US$ 297,5 millones.\nEl descenso del 15,6% respecto a la semana previa  explica en parte la suba de 14 centavos que registró el dólar mayorista durante la semana pasada, que lo llevaron a terminar el viernes a alrededor de $ 15,335.\nMirá también: Proyectan que la cosecha argentina crecerá un 20% esta campaña \nDesde comienzos de año hasta el 30 de septiembre las liquidaciones ascienden a US$ 19.204,8 millones , una cifra muy superior a los US$ 16.387,8 millones acumulados en igual período del año pasado.\nAdemás, producto en gran parte a una baja gradual de las tasas, el dólar minorista registró durante septiembre el mayor avance de los últimos tres meses , con una suba acumulada del 2,2%.\n\nMirá también: Creció 88,5% la liquidación de divisas", "external_links": [], "published": "2016-10-03T03:00:00.000+03:00", "crawled": "2016-10-03T19:56:37.051+03:00", "highlightTitle": ""}