{"organizations": [], "uuid": "f5722a1e8bdf2bf1709279fe6ee1cfed0d2cd211", "thread": {"social": {"gplus": {"shares": 0}, "pinterest": {"shares": 0}, "vk": {"shares": 0}, "linkedin": {"shares": 0}, "facebook": {"likes": 1, "shares": 1, "comments": 0}, "stumbledupon": {"shares": 0}}, "site_full": "ecodiario.eleconomista.es", "main_image": "http://s03.s3c.es/imag3/logos/economista/bg-ee-facebook.jpg", "site_section": "http://www.eleconomista.es/rss/rss-deportes.php", "section_title": "elEconomista  Seleccion", "url": "http://ecodiario.eleconomista.es/otros-deportes/noticias/7863866/10/16/La-seleccion-espanola-femenina-de-hockey-sobre-patines-logra-su-quinto-Mundial-con-un-gol-de-oro.html", "country": "ES", "domain_rank": 3233, "title": "La selección española femenina de hockey sobre patines logra su quinto Mundial con un gol de oro", "performance_score": 0, "site": "eleconomista.es", "participants_count": 0, "title_full": "La selección española femenina de hockey sobre patines logra su quinto Mundial con un gol de oro", "spam_score": 0.0, "site_type": "news", "published": "2016-10-02T17:25:00.000+03:00", "replies_count": 0, "uuid": "f5722a1e8bdf2bf1709279fe6ee1cfed0d2cd211"}, "author": "", "url": "http://ecodiario.eleconomista.es/otros-deportes/noticias/7863866/10/16/La-seleccion-espanola-femenina-de-hockey-sobre-patines-logra-su-quinto-Mundial-con-un-gol-de-oro.html", "ord_in_thread": 0, "title": "La selección española femenina de hockey sobre patines logra su quinto Mundial con un gol de oro", "locations": [], "entities": {"persons": [], "locations": [], "organizations": []}, "highlightText": "", "language": "spanish", "persons": [], "text": "La selección española femenina de hockey sobre patines logra su quinto Mundial con un gol de oro 2/10/2016 - 11:25 ¡CONÓCELAS! \nLa selección española femenina de hockey sobre patines se proclamó campeona del mundo por quinta vez tras imponerse a Portugal en la gran final del torneo disputado en Iquique (Chile) con un gol de oro de María Díez, quien puso el 3-2 definitivo en el marcador. \nMADRID, 2 (EUROPA PRESS) \nEspaña ha realizado un gran primer tiempo que ha culminado con el tanto de Anna Casarramona, a cinco minutos para el descanso. El combinado nacional ha ofrecido solidez defensiva y ha mandado en el control del juego. \nEn el segundo acto, Laura Puigdueta ha ampliado la ventaja, con un tanto desde dentro del área. España estaba más cerca del título pero Portugal ha querido poner emoción a la final con dos tantos, obra de Marta Vieira y Marlene Sousa,que han mandado el partido a la prórroga. \nFinalmente, y como pasó en la semifinal, el tiempo extra ha sonreído a la Selección Femenina que, con el tanto de Maria Díez, se ha proclamado campeona del mundo. Un título que no conseguía desde el año 2008. \nEn el acto de entrega de premios, Teresa Bernadas ha sido nombrada como mejor portera de un torneo en el que el combinado español no ha llegado a conocer la derrota y en el que ha logrado un título mundial que se le resistía desde el 2008. Enlaces relacionados", "external_links": [], "published": "2016-10-02T17:25:00.000+03:00", "crawled": "2016-10-02T12:58:05.037+03:00", "highlightTitle": ""}