{"organizations": [], "uuid": "9f01259648d7d681d583936a15c33a6bc97208c5", "thread": {"social": {"gplus": {"shares": 0}, "pinterest": {"shares": 0}, "vk": {"shares": 0}, "linkedin": {"shares": 0}, "facebook": {"likes": 0, "shares": 0, "comments": 0}, "stumbledupon": {"shares": 0}}, "site_full": "www.coches.net", "main_image": "http://a.ccdn.es/cnet/2016/10/03/32213955/104324219_g.jpg", "site_section": "", "section_title": "", "url": "http://www.coches.net/dodge-journey-20-crd-se-7-plazas-5p-diesel-2011-en-vizcaya-32213955-covo.aspx", "country": "US", "domain_rank": 6093, "title": "dodge journey 4x4 2.0 crd se 7 plazas Diesel de color Beige del año 2011 con 80300km en Vizcaya 32213955", "performance_score": 0, "site": "coches.net", "participants_count": 0, "title_full": "dodge journey 4x4 2.0 crd se 7 plazas Diesel de color Beige del año 2011 con 80300km en Vizcaya 32213955", "spam_score": 0.007, "site_type": "news", "published": "2016-10-03T08:00:00.000+03:00", "replies_count": 0, "uuid": "9f01259648d7d681d583936a15c33a6bc97208c5"}, "author": "", "url": "http://www.coches.net/dodge-journey-20-crd-se-7-plazas-5p-diesel-2011-en-vizcaya-32213955-covo.aspx", "ord_in_thread": 0, "title": "dodge journey 4x4 2.0 crd se 7 plazas Diesel de color Beige del año 2011 con 80300km en Vizcaya 32213955", "locations": [], "entities": {"persons": [], "locations": [], "organizations": []}, "highlightText": "", "language": "spanish", "persons": [], "text": "Garantía 12 meses (1 año) Comentarios del anunciante \nVehículo equipado con 7 PLAZAS. Motor 2.0 TDI de 140 CV. Cambio manual de 6 vel. Climatizador independiente delantero y trasero. Control de tracción y velocidad. Mantenimiento realizado en concesionario oficial. Precio de 12.300€ transferido y con 1 año de garantía. Lecars ", "external_links": [], "published": "2016-10-03T08:00:00.000+03:00", "crawled": "2016-10-03T12:02:30.211+03:00", "highlightTitle": ""}