{"organizations": [], "uuid": "5ee6670cba64efed67a8b7672ef82e6642e94f1f", "thread": {"social": {"gplus": {"shares": 0}, "pinterest": {"shares": 0}, "vk": {"shares": 0}, "linkedin": {"shares": 0}, "facebook": {"likes": 0, "shares": 0, "comments": 0}, "stumbledupon": {"shares": 0}}, "site_full": "peru.com", "main_image": "http://cde.peru.com/ima/0/1/5/0/7/1507482/924x530/love-what-matters.jpg", "site_section": "http://peru.com/feed", "section_title": "Perú.com", "url": "http://peru.com/actualidad/internacionales/le-propone-matrimonio-su-novia-y-se-casan-mismo-dia-noticia-477066", "country": "US", "domain_rank": 5789, "title": "Le propone matrimonio a su novia y se casan el mismo día", "performance_score": 0, "site": "peru.com", "participants_count": 0, "title_full": "Le propone matrimonio a su novia y se casan el mismo día", "spam_score": 0.0, "site_type": "news", "published": "2016-10-02T09:48:00.000+03:00", "replies_count": 0, "uuid": "5ee6670cba64efed67a8b7672ef82e6642e94f1f"}, "author": "", "url": "http://peru.com/actualidad/internacionales/le-propone-matrimonio-su-novia-y-se-casan-mismo-dia-noticia-477066", "ord_in_thread": 0, "title": "Le propone matrimonio a su novia y se casan el mismo día", "locations": [], "entities": {"persons": [], "locations": [], "organizations": []}, "highlightText": "", "language": "spanish", "persons": [], "text": "VER MÁS FOTOGALERIAS \nZach Baldwin decidió proponerle matrimonio a su novia, Catie Bossard, el pasado 16 de setiembre, al lado de las Montañas Rocosas, en Colorado (Estados Unidos), y tan solo unos momentos después, ambos se casaron. \nLa boda ya había sido planeada para ese mismo día con la ayuda de amigos y familiares de la pareja. \nCatie compartió tal experiencia en la página de Facebook Love What Matters. Ella contó que tras proponerle matrimonio, Zach le sorprendió al preguntarle si la boda podía ser ese mismo día. \n“Me dijo: ‘Todo el mundo está aquí, pero tengo una segunda pregunta que hacerte’. Vi que toda su familia y algunos amigos venían a unirse a la celebración”, escribe Catie. “Tengo una segunda pregunta que hacerte. ¿Quieres que nos casemos hoy? Está todo preparado. La organización, el vestido… y todo el mundo está aquí’”, relató Catie. \nCuatro horas después de la petición de matrimonio, ambos ser casaron. Uno de los mejores amigos de Catie ofició la ceremonia y Landon Momberg, amigo de Zach, hizo de fotógrafo, informó The Huffington Post . \n ", "external_links": [], "published": "2016-10-02T09:48:00.000+03:00", "crawled": "2016-10-02T05:06:05.144+03:00", "highlightTitle": ""}