{"organizations": [], "uuid": "191d37490c516c64296339a0d3eaa5a62b182f62", "thread": {"social": {"gplus": {"shares": 0}, "pinterest": {"shares": 0}, "vk": {"shares": 0}, "linkedin": {"shares": 0}, "facebook": {"likes": 0, "shares": 0, "comments": 0}, "stumbledupon": {"shares": 0}}, "site_full": "es.reuters.com", "main_image": "", "site_section": "", "section_title": "", "url": "http://es.reuters.com/article/esEuroRpt/idESE8N19700M", "country": "US", "domain_rank": 408, "title": "EN BREVE-El Tesoro español subastará deuda por hasta 5.500 mlns eur esta semana | Reuters", "performance_score": 0, "site": "reuters.com", "participants_count": 0, "title_full": "EN BREVE-El Tesoro español subastará deuda por hasta 5.500 mlns eur esta semana | Reuters", "spam_score": 0.014, "site_type": "news", "published": "2016-10-03T20:11:00.000+03:00", "replies_count": 0, "uuid": "191d37490c516c64296339a0d3eaa5a62b182f62"}, "author": "", "url": "http://es.reuters.com/article/esEuroRpt/idESE8N19700M", "ord_in_thread": 0, "title": "EN BREVE-El Tesoro español subastará deuda por hasta 5.500 mlns eur esta semana | Reuters", "locations": [], "entities": {"persons": [], "locations": [], "organizations": []}, "highlightText": "", "language": "spanish", "persons": [], "text": "EN BREVE-El Tesoro español subastará deuda por hasta 5.500 mlns eur esta semana lunes 3 de octubre de 2016 14:11 CEST [ - ] Texto [ + ] \n3 oct (Reuters) - \n* La tesorería pública española dice prevé colocar entre 3.500 y 4.500 millones de euros en deuda a medio y largo plazo el próximo jueves, con vencimientos a 5, 10 y 21 años. \n* El Tesoro espera colocar además entre 500 y 1.000 millones de euros en un bono a 5 años vinculado a la inflación. (Información de redacción en Madrid) © Thomson Reuters 2016 All rights reserved. \nThomson Reuters Corporate: Copyright | Aviso legal | Protección datos | Carreras \n[International Editions]: África | Árabe | Argentina | Brasil | Canadá | China | Francia | Alemania | La India | Italia | Japón | América Latina | México | Rusia (Cirílica) | España | Reino Unido | Estados Unidos \nThomson Reuters is the world's largest international multimedia news agency, providing investing news, world news, business news, technology news, headline news, small business news, news alerts, personal finance, stock market, and mutual funds information available on Reuters.com, video, mobile, and interactive television platforms. Thomson Reuters journalists are subject to an Editorial Handbook which requires fair presentation and disclosure of relevant interests. ", "external_links": [], "published": "2016-10-03T20:11:00.000+03:00", "crawled": "2016-10-03T23:29:54.827+03:00", "highlightTitle": ""}