{"organizations": [], "uuid": "26e75edf1b599ccf78cbd0335e39a7baf682ae28", "thread": {"social": {"gplus": {"shares": 0}, "pinterest": {"shares": 0}, "vk": {"shares": 0}, "linkedin": {"shares": 0}, "facebook": {"likes": 0, "shares": 0, "comments": 0}, "stumbledupon": {"shares": 0}}, "site_full": "www.eldiario.es", "main_image": "http://images.eldiario.es/politica/Martin-Schulz-Espana-UE-PSOE_EDIIMA20161002_0003_3.jpg", "site_section": "http://www.eldiario.es/rss/section/1000", "section_title": "eldiario.es - Política", "url": "http://www.eldiario.es/politica/Martin-Schulz-Espana-UE-PSOE_0_565193478.html", "country": "ES", "domain_rank": 4291, "title": "Martin Schulz dice que España y la UE necesitan un PSOE \"fuerte y unido\"", "performance_score": 0, "site": "eldiario.es", "participants_count": 1, "title_full": "Martin Schulz dice que España y la UE necesitan un PSOE \"fuerte y unido\"", "spam_score": 0.0, "site_type": "news", "published": "2016-10-02T09:02:00.000+03:00", "replies_count": 0, "uuid": "26e75edf1b599ccf78cbd0335e39a7baf682ae28"}, "author": "esglobal", "url": "http://www.eldiario.es/politica/Martin-Schulz-Espana-UE-PSOE_0_565193478.html", "ord_in_thread": 0, "title": "Martin Schulz dice que España y la UE necesitan un PSOE \"fuerte y unido\"", "locations": [], "entities": {"persons": [], "locations": [], "organizations": []}, "highlightText": "", "language": "spanish", "persons": [], "text": "El presidente del Parlamento Europeo, el alemán Martin Schulz, ha asegurado hoy que España y la UE necesitan un PSOE \"fuerte y unido\" tras la dimisión de Pedro Sánchez como secretario general.\n\"Mi agradecimiento a Pedro Sánchez por su trabajo y compromiso con Europa y los progresistas. España y la UE necesitan un PSOE fuerte y unido\", ha dicho Schulz en un mensaje en su cuenta de Twitter.\nEl dirigente socialdemócrata ha trasladado este mensaje horas después de que Sánchez presentara su dimisión ante la presión del sector crítico, lo que ha sumido al partido en una profunda división. \n- PUBLICIDAD - 02/10/2016 - 01:02h", "external_links": [], "published": "2016-10-02T09:02:00.000+03:00", "crawled": "2016-10-02T02:29:56.807+03:00", "highlightTitle": ""}