{"organizations": [], "uuid": "4cc15a4043ad70600dcc3305f7a71e66094f0e81", "thread": {"social": {"gplus": {"shares": 0}, "pinterest": {"shares": 0}, "vk": {"shares": 0}, "linkedin": {"shares": 0}, "facebook": {"likes": 4, "shares": 4, "comments": 0}, "stumbledupon": {"shares": 0}}, "site_full": "www.biobiochile.cl", "main_image": "http://media.biobiochile.cl/wp-content/uploads/2016/10/01-6028baja-730x350.jpg", "site_section": "", "section_title": "", "url": "http://www.biobiochile.cl/noticias/artes-y-cultura/teatro/2016/10/02/municipal-de-las-condes-rinde-homenaje-a-cervantes-y-conmemora-los-400-anos-de-su-muerte.shtml", "country": "US", "domain_rank": 759, "title": "Municipal de Las Condes rinde homenaje a Cervantes y conmemora los 400 años de su muerte", "performance_score": 0, "site": "biobiochile.cl", "participants_count": 0, "title_full": "Municipal de Las Condes rinde homenaje a Cervantes y conmemora los 400 años de su muerte", "spam_score": 0.2, "site_type": "news", "published": "2016-10-01T08:00:00.000+03:00", "replies_count": 0, "uuid": "4cc15a4043ad70600dcc3305f7a71e66094f0e81"}, "author": "Biobiochile - La Red De Prensa M S Grande De Chile.", "url": "http://www.biobiochile.cl/noticias/artes-y-cultura/teatro/2016/10/02/municipal-de-las-condes-rinde-homenaje-a-cervantes-y-conmemora-los-400-anos-de-su-muerte.shtml", "ord_in_thread": 0, "title": "Municipal de Las Condes rinde homenaje a Cervantes y conmemora los 400 años de su muerte", "locations": [], "entities": {"persons": [], "locations": [], "organizations": []}, "highlightText": "", "language": "spanish", "persons": [], "text": "Corrección o comentario enviar Municipal de Las Condes rinde homenaje a Cervantes y conmemora los 400 años de su muerte 0 Visitas Johnny Teperman \nEl encanto popular y la fuerza de la palabra del célebre escritor hispano Cervantes vuelven a cobrar vida en Entremeses, una obra con tres célebres historias cómicas, situadas en un ámbito rural, sobre amores, deseos, engaños, celos y astucia. \nBajo la dirección de Jose Luis Gómez, Entremeses, fue la segunda obra que hace más de 20 años, debutaba en la cartelera de los inicios del Teatro de la Abadía en España. \nEntremeses, es una agrupación de tres obras en una sola (escritas en prosa) y unidas por interludios y canciones: La cueva de Salamanca, El viejo celoso y El retablo de las maravillas, interpretados por un grupo de actores que incluye a varios miembros del reparto original. \nA modo de prólogo, interludios y epílogo, los actores interpretan unas canciones y se establece un juego de proverbios y refranes, algunos de ellos procedentes de textos de Cervantes de diversa índole, otros de tradición popular. \nAdemás de dos periodos de exhibición en La Abadía, realizó una extensa gira que incluyó varios teatros en el extranjero (en Alemania, Francia, Italia, México y Polonia), sumando un total de 232 funciones. Recibió los siguientes galardones: Premio Ercilla a la Mejor Creación Dramática 1996, Premio de la Asociación Independiente de Teatro de Alicante a la Mejor Dirección de Escena de la Temporada 1996-97, Premio de la Crítica de Valencia al mejor Espectáculo 1997, y compañía más votada por el público en el Festival Internacional de Teatro de Vitoria-Gasteiz. \nLa crítica ha dicho \n“Hay mucho de celebración de la palabra cervantina y el vigor inextinguible del teatro en la puesta en escena de Gómez” – ABC \n“Los sorprendentes giros del argumento muestran cómo los aspectos más oscuros —engaño, sospecha, prejuicios, crueldad— se transmutan en jubiloso humor en estos entremeses, que graciosamente se entrelazan en, lo que parece, una celebración mítica y bucólica” – The Washington Post \n“Entremeses es comedia popular convertida en Arte en mayúsculas… La Abadía ha creado una compañía sin parangón… Llenan el teatro, literalmente, de vida” – Broadway World \n“Su representación permite medir la vigencia, cuatro siglos después, de la ironía, el idealismo y la tolerancia presentes en las historias de Cervantes… Su estreno en Washington desató risas constantes de un público de españoles y estadounidenses” – El País \n“La fuerza de la palabra de Cervantes cobra vida en estas tres célebres historias cómicas. Y José Luis Gómez demuestra que el roble en torno al cual gira el espectáculo sigue firme tras echas unas raíces muy poderosas” – La Tribuna de Ciudad Real \n“José Luis Gómez consigue conformar un montaje redondo y coherente, en el que unas piezas dan forma a otras. De la unión de estos tres ‘pequeños’ textos consigue un espectáculo lleno de energía” – Diario de Navarra \n“El resultado que pudo admirarse en esta trilogía cervantina, «una fiesta popular castellana a la sombra de un árbol», fue el de un disfrute total de los actores. La representación obtuvo una inmensa ovación del público asturiano, que se unió así a la conmemoración cervantina” – El Comercio \nEntremeses de Miguel de Cervantes \nTeatro Municipal de Las Condes Jueves 6 de Octubre – 20:00 horas Viernes 7 de Octubre – 20:00 horas Sábado 8 de Octubre – 20:00 horas \nPrecios de las Entradas ", "external_links": [], "published": "2016-10-01T08:00:00.000+03:00", "crawled": "2016-10-03T15:55:14.194+03:00", "highlightTitle": ""}