{"organizations": [], "uuid": "4be9acb003a313c1e96e9ba6a5faea9ec374e9c0", "thread": {"social": {"gplus": {"shares": 0}, "pinterest": {"shares": 0}, "vk": {"shares": 0}, "linkedin": {"shares": 0}, "facebook": {"likes": 0, "shares": 0, "comments": 0}, "stumbledupon": {"shares": 0}}, "site_full": "www.biobiochile.cl", "main_image": "http://media.biobiochile.cl/wp-content/uploads/2016/09/temuco-730x350.jpeg", "site_section": "", "section_title": "", "url": "http://www.biobiochile.cl/noticias/nacional/region-de-la-araucania/2016/09/27/confusion-por-caso-de-mujer-que-se-desmayo-en-temuco-con-un-cuchillo-en-su-abdomen.shtml", "country": "US", "domain_rank": 759, "title": "Confusión por caso de mujer que se desplomó en Temuco con un cuchillo en su abdomen", "performance_score": 0, "site": "biobiochile.cl", "participants_count": 0, "title_full": "Confusión por caso de mujer que se desplomó en Temuco con un cuchillo en su abdomen", "spam_score": 0.043, "site_type": "news", "published": "2016-09-28T04:46:00.000+03:00", "replies_count": 0, "uuid": "4be9acb003a313c1e96e9ba6a5faea9ec374e9c0"}, "author": "Biobiochile - La Red De Prensa M S Grande De Chile.", "url": "http://www.biobiochile.cl/noticias/nacional/region-de-la-araucania/2016/09/27/confusion-por-caso-de-mujer-que-se-desmayo-en-temuco-con-un-cuchillo-en-su-abdomen.shtml", "ord_in_thread": 0, "title": "Confusión por caso de mujer que se desplomó en Temuco con un cuchillo en su abdomen", "locations": [], "entities": {"persons": [], "locations": [], "organizations": []}, "highlightText": "", "language": "spanish", "persons": [], "text": "Corrección o comentario enviar Confusión por caso de mujer que se desplomó en Temuco con un cuchillo en su abdomen 0 Visitas Diego Vera \nLas cámaras de televigilancia ubicadas en el centro de Temuco no registraron el momento en que habría sido agredida la mujer que ayer se desplomó en el frontis de la Intendencia de La Araucanía con un cuchillo en su abdomen. \nLa Fiscalía indicó que el hecho es confuso porque los antecedentes proporcionados por la afectada son contradictorios, incluso respecto al dinero que supuestamente portaba, así lo indicó el vocero del Ministerio Público, Roberto Garrido. http://media.biobiochile.cl/wp-content/uploads/2016/09/cuna-fiscalia-cristian-cerna.mp3 \nGarrido dijo que se solicitará un peritaje psiquiátrico e indicó que aún no se descarta ninguna hipótesis, incluso que se haya auto inferido la herida. \nDe acuerdo a los antecedentes que maneja el Ministerio Público, la mujer habría recibido atención psiquiátrica tras la pérdida de un familiar. ", "external_links": [], "published": "2016-09-28T04:46:00.000+03:00", "crawled": "2016-10-01T05:36:29.058+03:00", "highlightTitle": ""}