{"organizations": [], "uuid": "8712544e91cebe15bab29089bdc4ed10de078d6c", "thread": {"social": {"gplus": {"shares": 1}, "pinterest": {"shares": 0}, "vk": {"shares": 0}, "linkedin": {"shares": 1}, "facebook": {"likes": 5, "shares": 5, "comments": 0}, "stumbledupon": {"shares": 0}}, "site_full": "ecodiario.eleconomista.es", "main_image": "http://s03.s3c.es/imag/_v0/770x420/1/e/c/600x400_griezmann-gol-segunda-camiseta.jpg", "site_section": "http://www.eleconomista.es/rss/rss-deportes.php", "section_title": "elEconomista  Seleccion", "url": "http://ecodiario.eleconomista.es/futbol/noticias/7864113/10/16/El-Atletico-saca-tres-puntos-de-oro-en-su-visita-a-Mestalla-gracias-a-los-goles-de-Griezmann-y-Gameiro.html", "country": "ES", "domain_rank": 3233, "title": "El Atlético saca tres puntos de oro en su visita a Mestalla gracias a los goles de Griezmann y Gameiro", "performance_score": 0, "site": "eleconomista.es", "participants_count": 0, "title_full": "El Atlético saca tres puntos de oro en su visita a Mestalla gracias a los goles de Griezmann y Gameiro", "spam_score": 0.0, "site_type": "news", "published": "2016-10-02T19:52:00.000+03:00", "replies_count": 0, "uuid": "8712544e91cebe15bab29089bdc4ed10de078d6c"}, "author": "", "url": "http://ecodiario.eleconomista.es/futbol/noticias/7864113/10/16/El-Atletico-saca-tres-puntos-de-oro-en-su-visita-a-Mestalla-gracias-a-los-goles-de-Griezmann-y-Gameiro.html", "ord_in_thread": 0, "title": "El Atlético saca tres puntos de oro en su visita a Mestalla gracias a los goles de Griezmann y Gameiro", "locations": [], "entities": {"persons": [], "locations": [], "organizations": []}, "highlightText": "", "language": "spanish", "persons": [], "text": "¡CONÓCELAS! \nEl Atlético de Madrid ha conseguido este domingo la victoria en su visita a Mestalla tras ganar 0-2 al Valencia con goles de Antoine Griezmann y Kevin Gameiro. \nEl partido entre Valencia y Atlético comenzó con mucho ritmo. Los de Simeone lo fiaban a la posesión, mientras que los de Voro preferían salir con más espacios y ser más verticales en sus jugadas. \nCuando apareció Griezmann el Atlético empezó a generar peligro. El francés se metía entre líneas y generaba superioridad, pero su equipo no conseguía dar ese último pase para Gameiro. \nA dos minutos para el final del partido presenciamos la imagen de la jornada. Alves neutralizó el penalti de Griezmann con una mano antológica para agrandar así su leyenda desde los 11 metros. \nEn la segunda mitad, el partido siguió por los mismos derroteros. Simeone fue cambiando el ataque y así llegó el primer gol del partido. \nCarrasco se fue de Montoya, asistió a Torres, que se sacó un disparo al palo largo que desvió Alves. Gameiro cogió el rechace y se la dio a Griezmann, que no falló con la portería vacía. \nPero Alves volvió a aparecer. El portero brasileño paró el segundo partido del día al adivinar el lanzamiento a Gabi por raso. \nCon todo decidido llegó el 0-2 de Gameiro en una jugada individual. Con esta victoria el Atlético se mantiene en la zona de arriba de la clasificación, con cuatro triunfos y tres empates.  ", "external_links": [], "published": "2016-10-02T19:52:00.000+03:00", "crawled": "2016-10-02T15:06:04.460+03:00", "highlightTitle": ""}