{"organizations": [], "uuid": "8d484653bdcd733664b8006a3cdcdbe66374c58c", "thread": {"social": {"gplus": {"shares": 0}, "pinterest": {"shares": 0}, "vk": {"shares": 0}, "linkedin": {"shares": 0}, "facebook": {"likes": 0, "shares": 0, "comments": 0}, "stumbledupon": {"shares": 0}}, "site_full": "noticias.eltiempo.es", "main_image": "http://noticias.eltiempo.es/wp-content/uploads/2016/10/calor-altas-temperaturas-otoño.jpg", "site_section": "http://noticias.eltiempo.es/feed", "section_title": "Noticias de El tiempo", "url": "http://noticias.eltiempo.es/2016/10/03/este-martes-seguiran-las-altas-temperaturas/", "country": "ES", "domain_rank": 2465, "title": "Este martes seguirán las altas temperaturas", "performance_score": 0, "site": "eltiempo.es", "participants_count": 1, "title_full": "Este martes seguirán las altas temperaturas", "spam_score": 0.0, "site_type": "news", "published": "2016-10-04T02:00:00.000+03:00", "replies_count": 0, "uuid": "8d484653bdcd733664b8006a3cdcdbe66374c58c"}, "author": "Mar Gómez", "url": "http://noticias.eltiempo.es/2016/10/03/este-martes-seguiran-las-altas-temperaturas/", "ord_in_thread": 0, "title": "Este martes seguirán las altas temperaturas", "locations": [], "entities": {"persons": [], "locations": [], "organizations": []}, "highlightText": "", "language": "spanish", "persons": [], "text": "Nubes y lluvias débiles en el norte peninsular con bajada de temperaturas en Galicia. Temperaturas por encima de los 30ºC en el Valle del Guadalquivir. Nieblas matinales en el Mediterráneo y Valle del Ebo. \nEste martes tendremos la llegada de un frente que aportará más nubosidad al norte peninsular, principalmente a Galicia con algunas lluvias en el norte de la Comunidad y que a lo largo del día pueden afectar a Asturias y las nubes ir llegando a otras zonas del Cantábrico. \nPodemos amanecer con nieblas en el valle del Ebro y en el Mediterráneo. \nEn el Mediterráneo también tendremos por la tarde más nubes así como en el norte de Baleares y el Estrecho y Mar de Alborán . \nAlgunas nubes altas pueden aparecer también por la tarde en zonas de Castilla La Mancha, Madrid y Andalucía. También por la tarde puede darse algún chubasco en Pirineos, Ceuta y Melilla. VER TAMBIÉN: El tiempo esta semana -> PREVISIÓN EN TU CIUDAD | AVISOS METEOROLÓGICOS | PREVISIÓN ESTACIONAL | NOTICIAS OTOÑO | SIGUE EL TIEMPO EN TWITTER \nEn cuanto a las temperaturas , las mínimas subirán en todo el norte y oeste peninsular. Las máximas subirán en el nordeste y suroeste de Andalucía y bajarán en Galicia. En zonas del valle del Guadalquivir seguiremos por encima de los 30ºC. Ciudad", "external_links": [], "published": "2016-10-04T02:00:00.000+03:00", "crawled": "2016-10-04T00:02:04.390+03:00", "highlightTitle": ""}