{"organizations": [], "uuid": "0d9abd32fc2e1d4ee246543c373de16017632e20", "thread": {"social": {"gplus": {"shares": 0}, "pinterest": {"shares": 0}, "vk": {"shares": 0}, "linkedin": {"shares": 0}, "facebook": {"likes": 1, "shares": 1, "comments": 0}, "stumbledupon": {"shares": 0}}, "site_full": "www.eleconomista.es", "main_image": "http://s03.s3c.es/imag3/logos/economista/bg-ee-facebook.jpg", "site_section": "http://www.eleconomista.es/rss/rss-espania.php", "section_title": "elEconomista  Seleccion", "url": "http://www.eleconomista.es/espana/noticias/7862781/10/16/Presidente-murciano-reconoce-que-en-Espana-es-bueno-un-PSOE-fuerte-pero-advierte-que-tiene-que-estar-bien-dirigido.html", "country": "ES", "domain_rank": 3233, "title": "Presidente murciano reconoce que en España \"es bueno un PSOE fuerte\" pero advierte que \"tiene que estar bien dirigido\"", "performance_score": 0, "site": "eleconomista.es", "participants_count": 0, "title_full": "Presidente murciano reconoce que en España \"es bueno un PSOE fuerte\" pero advierte que \"tiene que estar bien dirigido\"", "spam_score": 0.0, "site_type": "news", "published": "2016-10-01T17:07:00.000+03:00", "replies_count": 0, "uuid": "0d9abd32fc2e1d4ee246543c373de16017632e20"}, "author": "", "url": "http://www.eleconomista.es/espana/noticias/7862781/10/16/Presidente-murciano-reconoce-que-en-Espana-es-bueno-un-PSOE-fuerte-pero-advierte-que-tiene-que-estar-bien-dirigido.html", "ord_in_thread": 0, "title": "Presidente murciano reconoce que en España \"es bueno un PSOE fuerte\" pero advierte que \"tiene que estar bien dirigido\"", "locations": [], "entities": {"persons": [], "locations": [], "organizations": []}, "highlightText": "", "language": "spanish", "persons": [], "text": "Presidente murciano reconoce que en España \"es bueno un PSOE fuerte\" pero advierte que \"tiene que estar bien dirigido\" 1/10/2016 - 11:07 \nEl presidente del Ejecutivo murciano, Pedro Antonio Sánchez, ha reconocido este sábado que en España \"es bueno que haya un PSOE fuerte\", pero considera que para que sea fuerte \"tiene que estar bien dirigido y dar ejemplo\". \nMURCIA, 1 (EUROPA PRESS) \nSánchez, que ha hecho estas declaraciones momentos antes de reunirse con medio millar de 500 jóvenes agricultores que se incorporan al sector agrario, ha lamentado que mientras que hoy se habla de presupuestos y ayudas, otros \"están tirándose los trastos a la cabeza a puerta cerrada\". \nEn esta línea, se ha preguntado como el secretario general de los socialistas murciano, Rafael González Tovar, \"no va a apoyar a Pedro Sánchez si van en el mismo taxi, en la misma dirección y se dirigen al mismo final\". \n\"Han llevado el mismo camino, han utilizado la misma estrategia y han pasado por encima de cualquier cosa utilizando cualquier combustible, por lo que les espera el mismo final\", ha advertido. \nSánchez, que ha declinado \"meterse en los líos internos de otros partidos\", considera que ahora lo que le preocupa es España, pero \"no les escucho hablar de eso, ni de soluciones, sino del 'quítate tú para ponerme yo', discutiendo ambiciones personales cuando nos jugamos España y el empleo de mucha gente\". \nPor ello, ha reclamado \"responsabilidad y seriedad\". También ha abogado por \"trabajar con normalidad y empezar a hablar con los grupos parlamentarios y preparar el borrador, ya que aunque el Gobierno de la nación esté en funciones, está haciendo todo lo posible para que no haya bloqueo, cuando otros están haciendo justo lo contrario\", ha concluido. PUBLICIDAD La Mesa del Comité Federal pide un receso de 40 minutos para resolver las … 11:20 Ecodiario.es - Flash\nLa Mesa del Comité Federal del PSOE ha pedido pasadas las 10:30 horas un receso de entre 30 y 45 minutos más para dar comienzo por fin … EN DIRECTO | Reunión decisiva del Comité Federal del PSOE 11:20 Ecodiario.es - Política\nLa Mesa del Comité Federal del PSOE ha pedido pasadas las 10:30 horas un receso de entre 30 y 45 minutos más para dar comienzo por fin … 'Sálvame Deluxe' (16,3%) encabeza las audiencias de la noche del viernes 11:04 ElEconomista.es - Audiencias\n'Sálvame Deluxe' anotó este viernes un 16,3% de cuota de pantalla. Pese a ser una cifra inferior a su propia media, el programa de … El Comité Federal no arranca: no hay acuerdo ni para su inicio 10:48 Ecodiario.es - Flash\nLas discrepancias continúan torpedeando cada paso hacia adelante que trata de dar el PSOE. La falta de acuerdo en la composición de la mesa … Hillary Clinton engrosa su ventaja sobre Donald Trump en las encuestas … 10:40 Ecodiario.es - Global\nLa candidata demócrata a la Casa Blanca, Hillary Clinton, ha aumentado su ventaja sobre el republicano Donald Trump, 43% a 40%, según un … El Comité Federal aún no ha empezado: hay discrepancias sobre el orden del día … 10:36 Ecodiario.es - Flash\nEl Comité Federal en la sede del PSOE aún no ha dado comienzo pese a estar convocado a las 9 de la mañana. El motivo apunta a que las … Fallece Guillermo Gómez Martínez-Conde, expresidente del Parlamento de … 10:25 Ecodiario.es - Política\nEl abogado y político cántabro Guillermo Gómez Martínez-Conde, expresidente del Parlamento de Cantabria, ha fallecido este viernes, en … Fernández Vara confía en que el PSOE esté \"a la altura de los … 10:07 Ecodiario.es - Flash\nEl presidente de la Junta de Extremadura y líder del PSOE en esa comunidad, Guillermo Fernández Vara, ha confiado hoy en que su partido … Pedro Sánchez no hace declaraciones a su llegada a la sede del PSOE 10:06 Ecodiario.es - Flash\nEl secretario general del PSOE, Pedro Sánchez, ha llegado sobre las nueve menos cinco a la sede socialista de la calle de Ferraz, en … Iceta confía en que los socialistas encuentren el modo de \"salir del … 10:04 Ecodiario.es - Flash\nEl primer secretario del PSC, Miquel Iceta, ha mostrado este sábado su confianza en que los socialistas sepan encontrar \"un camino para …", "external_links": [], "published": "2016-10-01T17:07:00.000+03:00", "crawled": "2016-10-01T12:36:50.480+03:00", "highlightTitle": ""}