{"organizations": [], "uuid": "bd810b358a1eb48216f409cb81a83e5543ac668b", "thread": {"social": {"gplus": {"shares": 0}, "pinterest": {"shares": 0}, "vk": {"shares": 0}, "linkedin": {"shares": 0}, "facebook": {"likes": 0, "shares": 0, "comments": 0}, "stumbledupon": {"shares": 0}}, "site_full": "archive.org", "main_image": "", "site_section": "http://archive.org/services/collection-rss.php", "section_title": "Internet Archive", "url": "https://archive.org/details/LaAtencionYLaLibertadInterior", "country": "US", "domain_rank": 285, "title": "La Atención Y La Libertad Interior - Jiddu Krishnamurti", "performance_score": 0, "site": "archive.org", "participants_count": 0, "title_full": "La Atención Y La Libertad Interior - Jiddu Krishnamurti", "spam_score": 0.0, "site_type": "news", "published": "2016-10-01T04:49:00.000+03:00", "replies_count": 0, "uuid": "bd810b358a1eb48216f409cb81a83e5543ac668b"}, "author": "", "url": "https://archive.org/details/LaAtencionYLaLibertadInterior", "ord_in_thread": 0, "title": "La Atención Y La Libertad Interior - Jiddu Krishnamurti", "locations": [], "entities": {"persons": [], "locations": [], "organizations": []}, "highlightText": "", "language": "spanish", "persons": [], "text": "La Atención Y La Libertad Interior - Jiddu Krishnamurti Item Preview Share or Embed this Item EMBED <iframe src=\"https://archive.org/stream/LaAtencionYLaLibertadInterior?ui=embed#mode/2up\" width=\"480\" height=\"430\" frameborder=\"0\" webkitallowfullscreen=\"true\" mozallowfullscreen=\"true\" allowfullscreen></iframe> EMBED (for wordpress.com hosted blogs) [archiveorg LaAtencionYLaLibertadInterior width=560 height=384 frameborder=0 webkitallowfullscreen=true mozallowfullscreen=true] Scanner Internet Archive HTML5 Uploader 1.6.3 Identifier-access http://archive.org/details/LaAtencionYLaLibertadInterior Qué significa darse cuenta, estar profunda y plenamente vivo cada momento? La mayoria somos muy conscientes de qué nos gusta y qué nos disgusta; vemos entre lo uno y lo otro una clara diferencia. Pero, es posible darse cuenta simplemente dejar atrás el agrado y ei desagrado y simplemente ver las cosas como son? A ese darse cuenta que va mucho más allã dei carácter concreto de aquello en lo que nos concen­tramos, Krishnamurti lo llama darse cuenta sin elección. “Cuando en uno hay claridad - decía - no hay necesidad alguna de elegir\", Es un tema que abordo una y otra vez a lo largo de su vida. Escuchémosle hablar sobre el darse cuenta sin elección. Páginas: 78", "external_links": [], "published": "2016-10-01T04:49:00.000+03:00", "crawled": "2016-10-01T00:13:58.896+03:00", "highlightTitle": ""}