{"organizations": [], "uuid": "feb5eeadad5bbbda378664d8d1e446c0ae4a60f0", "thread": {"social": {"gplus": {"shares": 0}, "pinterest": {"shares": 0}, "vk": {"shares": 0}, "linkedin": {"shares": 0}, "facebook": {"likes": 0, "shares": 0, "comments": 0}, "stumbledupon": {"shares": 0}}, "site_full": "www.boe.es", "main_image": "", "site_section": "http://boe.es//rss/canal_cpv.php?l=a&c=336", "section_title": "Productos farmacéuticos - BOE - Boletín Oficial del Estado", "url": "http://www.boe.es/diario_boe/txt.php?id=BOE-B-2016-47117", "country": "ES", "domain_rank": 7575, "title": "Resolución de Osakidetza-Servicio Vasco de Salud por la que se hace pública la formalización del contrato de \"Suministro de Algasidasa Alfa (DOE)\".", "performance_score": 0, "site": "boe.es", "participants_count": 0, "title_full": "Resolución de Osakidetza-Servicio Vasco de Salud por la que se hace pública la formalización del contrato de \"Suministro de Algasidasa Alfa (DOE)\".", "spam_score": 0.0, "site_type": "news", "published": "2016-10-03T06:00:00.000+03:00", "replies_count": 0, "uuid": "feb5eeadad5bbbda378664d8d1e446c0ae4a60f0"}, "author": "", "url": "http://www.boe.es/diario_boe/txt.php?id=BOE-B-2016-47117", "ord_in_thread": 0, "title": "Resolución de Osakidetza-Servicio Vasco de Salud por la que se hace pública la formalización del contrato de \"Suministro de Algasidasa Alfa (DOE)\".", "locations": [], "entities": {"persons": [], "locations": [], "organizations": []}, "highlightText": "", "language": "spanish", "persons": [], "text": "Resolución de Osakidetza-Servicio Vasco de Salud por la que se hace pública la formalizació « BOE núm. 239, de 3 de octubre de 2016, páginas 58158 a 58158 (1 pág. Secció V. Anuncios - A. Contratación del Sector Pú Comunidad Autónoma del Paí", "external_links": [], "published": "2016-10-03T06:00:00.000+03:00", "crawled": "2016-10-03T08:41:27.379+03:00", "highlightTitle": ""}