{"organizations": [], "uuid": "921fe967b8205d04e52414a4c78268ec328784d6", "thread": {"social": {"gplus": {"shares": 0}, "pinterest": {"shares": 0}, "vk": {"shares": 0}, "linkedin": {"shares": 0}, "facebook": {"likes": 475, "shares": 475, "comments": 0}, "stumbledupon": {"shares": 0}}, "site_full": "tenis.as.com", "main_image": "http://as00.epimg.net/tenis/imagenes/2016/10/01/mas_tenis/1475333283_887548_1475333354_doscolumnas_normal.jpg", "site_section": "", "section_title": "", "url": "http://tenis.as.com/tenis/2016/10/01/mas_tenis/1475333283_887548.html", "country": "ES", "domain_rank": 888, "title": "Tenis: Garbiñe Muguruza, remontada para empezar en Pekín - AS.com", "performance_score": 4, "site": "as.com", "participants_count": 0, "title_full": "Tenis: Garbiñe Muguruza, remontada para empezar en Pekín - AS.com", "spam_score": 0.2, "site_type": "news", "published": "2016-10-01T08:00:00.000+03:00", "replies_count": 0, "uuid": "921fe967b8205d04e52414a4c78268ec328784d6"}, "author": "", "url": "http://tenis.as.com/tenis/2016/10/01/mas_tenis/1475333283_887548.html", "ord_in_thread": 0, "title": "Tenis: Garbiñe Muguruza, remontada para empezar en Pekín - AS.com", "locations": [], "entities": {"persons": [], "locations": [], "organizations": []}, "highlightText": "", "language": "spanish", "persons": [], "text": "Garbiñe Muguruza, remontada para empezar en Pekín Etienne Oliveau Getty Images Derrotó a la rumana Begu 2-6, 6-2 y 6-3. Además Lara Arruabarrena venció a la norteamericana a Vania King (7-5, 5-7 y 6-3. Actualizado a las: 1 octubre 2016 16:53h CEST \nLa española Garbiñe Muguruza, número tres del mundo, inició hoy la defensa del título en el Abierto de China de Pekín con una victoria ante la rumana Irina-Camelia Begu. Muguruza, segunda cabeza de serie en Pekín, se deshizo en primera ronda de Begu, número 26 de la clasificación de la WTA, por 2-6, 6-2 y 6-3. Tras caer la semana pasada en su primer partido del torneo de la WTA de Wuhan (China) frente a la serbia Jelena Jankovic, Muguruza empezó con dudas en Pekín y cedió el primer set, pero fue capaz de remontar y resolver el partido en una hora y 49 minutos. La española se enfrentará en segunda ronda a la letona Jelena Ostapenko, número 46 del ránking, que derrotó en su primer partido a la kazaja Yulia Putintseva (36) por 6-1, 3-6 y 7-5. La sorpresa del día fue la eliminación de la puertorriqueña Mónica Puig , medalla de oro en los Juegos Olímpicos de Río, que perdió en su debut en Pekín contra la belga Yanina Wickmayer, número 59 de la WTA, por 6-2 y 6-0. La también española Lara Arruabarrena, reciente ganadora del torneo de Seúl, derrotó en la segunda ronda de calificación a la estadounidense Vania King (83) , por 7-5, 5-7 y 6-3 en 2 horas y 34 minutos. La donostiarra, de 24 años y número 61 de la WTA, jugará su próximo partido contra la suiza Timea Bacsinszky (14). ", "external_links": [], "published": "2016-10-01T08:00:00.000+03:00", "crawled": "2016-10-01T20:19:13.587+03:00", "highlightTitle": ""}