{"organizations": [], "uuid": "1d5ef8d315c98fe952171cc742c524f1ec2da12c", "thread": {"social": {"gplus": {"shares": 0}, "pinterest": {"shares": 0}, "vk": {"shares": 0}, "linkedin": {"shares": 0}, "facebook": {"likes": 0, "shares": 0, "comments": 0}, "stumbledupon": {"shares": 0}}, "site_full": "www.rtve.es", "main_image": "http://img.rtve.es/imagenes/farc-piden-perdon-lugar-donde-perpetro-peores-matanzas/1475330920076.jpg", "site_section": "http://www.rtve.es/rss/temas_mundo.xml", "section_title": "Mundo en rtve.es", "url": "http://www.rtve.es/alacarta/videos/telediario/farc-piden-perdon-lugar-donde-perpetro-peores-matanzas/3741149/", "country": "ES", "domain_rank": 2246, "title": "Las FARC piden perdón en el lugar donde perpetró una de sus peores matanzas", "performance_score": 0, "site": "rtve.es", "participants_count": 0, "title_full": "Las FARC piden perdón en el lugar donde perpetró una de sus peores matanzas", "spam_score": 0.0, "site_type": "news", "published": "2016-10-01T21:30:00.000+03:00", "replies_count": 0, "uuid": "1d5ef8d315c98fe952171cc742c524f1ec2da12c"}, "author": "", "url": "http://www.rtve.es/alacarta/videos/telediario/farc-piden-perdon-lugar-donde-perpetro-peores-matanzas/3741149/", "ord_in_thread": 0, "title": "Las FARC piden perdón en el lugar donde perpetró una de sus peores matanzas", "locations": [], "entities": {"persons": [], "locations": [], "organizations": []}, "highlightText": "", "language": "spanish", "persons": [], "text": "Embeber \nLas FARC piden perdón <div style=\"width:100%;padding-top:64%;position:relative;border-bottom:1px solid #aaa;display:inline-block;background:#eee;background:rgba(255,255,255,0.9);\" > <iframe frameborder=\"0\" src=\"http://www.rtve.es/drmn/embed/video/3741149\" name=\"Las FARC piden perdón\" scrolling=\"no\" style=\"width:100%;height:90%;position:absolute;left:0;top:0;overflow:hidden;\" ></iframe> <div style=\"position:absolute;bottom:0;left:0;font-family:arial,helvetica,sans-serif;font-size:12px;line-height:1.833;display:inline-block;padding:5px 0 5px 10px;\"> <span style=\"float:left;margin-right:10px;\"><img style=\"height:20px;width:auto;background: transparent;padding:0;margin:0;\" src=\"http://img.irtve.es/css/rtve.commons/rtve.header.footer/i/logoRTVEes.png\"></span> <a style=\"color:#333;font-weight:bold;\" title=\"Las FARC piden perdón\" href=\"http://www.rtve.es/alacarta/videos/telediario/farc-piden-perdon-lugar-donde-perpetro-peores-matanzas/3741149/\"><strong>Las FARC piden perdón</strong></a></div> </div> Las FARC piden perdón en el lugar donde perpetró una de sus peores matanzas 01 oct 2016 \nEl escenario elegido por las FARC para pedir perdón esta vez ha sido Apartadó, la ciudad en la que el 23 de enero de 1994 asesinó a 35 personas mientras celebraban una fiesta en la calle, en el barrio de la Chinita.", "external_links": [], "published": "2016-10-01T21:30:00.000+03:00", "crawled": "2016-10-01T21:57:16.754+03:00", "highlightTitle": ""}