{"organizations": [], "uuid": "8e3b1f156013c0fdd86768e28c47ce4421c195bc", "thread": {"social": {"gplus": {"shares": 0}, "pinterest": {"shares": 0}, "vk": {"shares": 0}, "linkedin": {"shares": 0}, "facebook": {"likes": 0, "shares": 0, "comments": 0}, "stumbledupon": {"shares": 0}}, "site_full": "www.abc.es", "main_image": "http://www.abc.es/media/motor/2016/10/03/modelo-salon-paris_xoptimizadax-kBkG--620x349@abc.jpg", "site_section": "http://www.abc.es/index.asp", "section_title": "ABC - Tu diario en español - ABC.es", "url": "http://www.abc.es/motor/reportajes/abci-salon-paris-chicas-y-chicos-moda-para-mostrar-mejores-coches-201610031718_noticia.html", "country": "ES", "domain_rank": 1487, "title": "SALÓN DE PARÍS: Chicas y chicos de moda para mostrar los mejores coches", "performance_score": 0, "site": "abc.es", "participants_count": 1, "title_full": "SALÓN DE PARÍS: Chicas y chicos de moda para mostrar los mejores coches", "spam_score": 0.017, "site_type": "news", "published": "2016-10-03T03:00:00.000+03:00", "replies_count": 0, "uuid": "8e3b1f156013c0fdd86768e28c47ce4421c195bc"}, "author": "abc.es", "url": "http://www.abc.es/motor/reportajes/abci-salon-paris-chicas-y-chicos-moda-para-mostrar-mejores-coches-201610031718_noticia.html", "ord_in_thread": 0, "title": "SALÓN DE PARÍS: Chicas y chicos de moda para mostrar los mejores coches", "locations": [], "entities": {"persons": [], "locations": [], "organizations": []}, "highlightText": "", "language": "spanish", "persons": [], "text": "Una buena casa, un coche de lujo, una cuenta saneada y un o una modelo con quien poder presumir. Este sigue siendo para muchos un estilo de vida deseado. Una imagen que tambi\\u00e9n se deja ver en el Sal\\u00f3n del Autom\\u00f3vil de Par\\u00eds, donde los veh\\u00edculos m\\u00e1s llamativos sobre los escenarios m\\u00e1s expectaculares se muestran al p\\u00fablico con las azafatas y azafatos \\u00abde exposici\\u00f3n\\u00bb. Estos son algunos de los ejemplos que nos hemos encontrado durante la visita al sal\\u00f3n, en el que se exponen las principales tendencias del mundo de la automoci\\u00f3n. El Sal\\u00f3n se convierte, como cada dos a\\u00f1os, entre el 1 y el 16 de octubre, en el gran escaparate de la industria del autom\\u00f3vil, en el que ya se pueden contemplar 65 novedades mundiales de las 260 marcas y fabricantes participantes, que representan a 18 pa\\u00edses. De todos los veh\\u00edculos que exhiben, trece son adem\\u00e1s novedades en Europa, seg\\u00fan los organizadores de la muestra, que recuerdan que en la \\u00faltima edici\\u00f3n recibieron la visita de 1.253.513 personas. M\\u00e1s de 10.000 periodistas de 103 pa\\u00edses est\\u00e1n acreditados para cubrir el que se define como el sal\\u00f3n del autom\\u00f3vil l\\u00edder en el mundo.", "external_links": [], "published": "2016-10-03T03:00:00.000+03:00", "crawled": "2016-10-03T18:58:25.597+03:00", "highlightTitle": ""}