{"organizations": [], "uuid": "cf63f4e2ca2dbb8f411343264ad15770cc711710", "thread": {"social": {"gplus": {"shares": 0}, "pinterest": {"shares": 0}, "vk": {"shares": 0}, "linkedin": {"shares": 0}, "facebook": {"likes": 0, "shares": 0, "comments": 0}, "stumbledupon": {"shares": 0}}, "site_full": "www.infobae.com", "main_image": "http://www.infobae.com/resizer/?op=resize&url=%2fpb%2fresources%2fassets%2fimg%2ffallback-promo-image.png&mode=crop&w=1200&q=75&token=bar", "site_section": "http://www.infobae.com/feeds/rss/sites/america/", "section_title": "Infobae.com", "url": "http://www.infobae.com/america/portadas/2016/10/03/la-nacion-3-de-octubre-de-2016/", "country": "US", "domain_rank": 1441, "title": "La Nación, 3 de octubre de 2016", "performance_score": 0, "site": "infobae.com", "participants_count": 0, "title_full": "La Nación, 3 de octubre de 2016", "spam_score": 0.0, "site_type": "news", "published": "2016-10-03T19:27:00.000+03:00", "replies_count": 0, "uuid": "cf63f4e2ca2dbb8f411343264ad15770cc711710"}, "author": "", "url": "http://www.infobae.com/america/portadas/2016/10/03/la-nacion-3-de-octubre-de-2016/", "ord_in_thread": 0, "title": "La Nación, 3 de octubre de 2016", "locations": [], "entities": {"persons": [], "locations": [], "organizations": []}, "highlightText": "", "language": "spanish", "persons": [], "text": "La Nación,     Compartir en Twitter Tweet ÚLTIMAS NOTICIAS Video: el increíble penal que estaba destinado a no ser gol 2 El premio Nobel de Medicina 2016 fue otorgado al japonés Yoshinori Ohsumi 4 El Comité decidió premiar a este biólogo celular que trabaja en el Instituto Tecnológico de Tokio, por su descubrimiento del mecanismo de la autofagia, el proceso de degradación y reciclado de las células ENTRETENIMIENTO", "external_links": [], "published": "2016-10-03T19:27:00.000+03:00", "crawled": "2016-10-03T14:36:36.506+03:00", "highlightTitle": ""}