{"organizations": [], "uuid": "f016875d751be268f1fca857d76b44967cc82bd0", "thread": {"social": {"gplus": {"shares": 1}, "pinterest": {"shares": 0}, "vk": {"shares": 0}, "linkedin": {"shares": 1}, "facebook": {"likes": 24, "shares": 24, "comments": 0}, "stumbledupon": {"shares": 0}}, "site_full": "elcomercio.pe", "main_image": "http://cde.3.elcomercio.pe/ima/0/1/4/9/8/1498031.jpg", "site_section": "http://elcomercio.pe/feed/gastronomia.xml", "section_title": "", "url": "http://elcomercio.pe/redes-sociales/facebook/facebook-sigue-esta-facil-receta-bombones-chocolate-y-menta-video-noticia-1936046", "country": "PE", "domain_rank": 1155, "title": "Facebook: sigue esta fácil receta de bombones de chocolate y menta [VIDEO]", "performance_score": 0, "site": "elcomercio.pe", "participants_count": 0, "title_full": "Facebook: sigue esta fácil receta de bombones de chocolate y menta [VIDEO]", "spam_score": 0.0, "site_type": "news", "published": "2016-10-03T10:19:00.000+03:00", "replies_count": 0, "uuid": "f016875d751be268f1fca857d76b44967cc82bd0"}, "author": "", "url": "http://elcomercio.pe/redes-sociales/facebook/facebook-sigue-esta-facil-receta-bombones-chocolate-y-menta-video-noticia-1936046", "ord_in_thread": 0, "title": "Facebook: sigue esta fácil receta de bombones de chocolate y menta [VIDEO]", "locations": [], "entities": {"persons": [], "locations": [], "organizations": []}, "highlightText": "", "language": "spanish", "persons": [], "text": "Inteligencia artificial une a Google, Facebook y Microsoft \nLa página de Facebook \"Sabores\" compartió una fácil receta de unos bombones de chocolate y menta. El video se ha convertido en un viral en las redes sociales. \nEn el video de Facebook se indica que los ingredientes son 165 g de galletas de chocolate con relleno de vainilla, 117 g de queso crema, media cucharadita de esencia de menta y 200 g de chocolate. \nEn la reproducción de Facebook se explica que en un procesador de alimentos se debe moler las galletas con el queso crema y la esencia de menta hasta formar una pasta homogénea. \nEn el video subido a Facebook por \"Sabores\", se ve que se debe distribuir pequeñas masas de esta mezcla sobre una bandeja forrada con papel vegetal. Esto debe ser refrigerado por dos horas. \nEn el video de Facebook se explica que es necesario derretir el chocolate en baño maría y bañar los montoncitos de galleta. Estos deben ser puestos en una bandeja y espolvoreados con un poco de galleta molida. \nFinalmente, se debe llevar a refrigerar los bombones durante 20 minutos o hasta que el chocolate se haga sólido. Y, listo. \nLEE TAMBIÉN EN FACEBOOK ...", "external_links": [], "published": "2016-10-03T10:19:00.000+03:00", "crawled": "2016-10-03T05:33:57.471+03:00", "highlightTitle": ""}