{"organizations": [], "uuid": "2e8e3f53450a44ca6e7a07593ac8de21d990db70", "thread": {"social": {"gplus": {"shares": 0}, "pinterest": {"shares": 0}, "vk": {"shares": 0}, "linkedin": {"shares": 0}, "facebook": {"likes": 0, "shares": 0, "comments": 0}, "stumbledupon": {"shares": 0}}, "site_full": "www.clarin.com", "main_image": "http://images.clarin.com/ciudades/porteno-edificio-frances-Archivo-Clarin_CLAIMA20161003_0123_4.jpg", "site_section": "http://www.clarin.com/rss/lo-ultimo/", "section_title": "Clarin.com - Home", "url": "http://www.clarin.com/ciudades/Legislatura-cumple-porteno-cargado-historia_0_1661833861.html", "country": "AR", "domain_rank": 1080, "title": "La Legislatura cumple 85 años, un ícono porteño cargado de historia", "performance_score": 0, "site": "clarin.com", "participants_count": 1, "title_full": "La Legislatura cumple 85 años, un ícono porteño cargado de historia", "spam_score": 0.0, "site_type": "news", "published": "2016-10-03T03:00:00.000+03:00", "replies_count": 0, "uuid": "2e8e3f53450a44ca6e7a07593ac8de21d990db70"}, "author": "Nora Sánchez", "url": "http://www.clarin.com/ciudades/Legislatura-cumple-porteno-cargado-historia_0_1661833861.html", "ord_in_thread": 0, "title": "La Legislatura cumple 85 años, un ícono porteño cargado de historia", "locations": [], "entities": {"persons": [], "locations": [], "organizations": []}, "highlightText": "", "language": "spanish", "persons": [], "text": "Con un concierto de su majestuoso carillón, el edificio de la Legislatura de la Ciudad hoy celebra sus 85 años . En los festemos estará presente el jefe de Gobierno porteño, Horacio Rodríguez Larreta, además de legisladores y representantes diplomáticos. Y el historiador Daniel Balmaceda, que repasará los hitos de la historia del Palacio, incluyendo los días en que fue el escenario del multitudinario velatorio de Eva Perón. \nEl Palacio Legislativo, ubicado en Perú 130 y declarado Monumento Histórico Nacional en 2011, fue diseñado en estilo francés por el arquitecto Héctor Ayerza. Lo inauguraron el sábado 3 de octubre de 1931. Eran tiempos difíciles, porque el entonces Concejo Deliberante había sido disuelto un año antes, después del golpe militar de José Félix Uriburu.\nPero el edificio, con sus mármoles de Grecia y de la región italiana de Botticino, sus arañas de bronce y cristal y sus revestimientos en nogal, estaba destinado a convertirse en un punto clave de la vida institucional de la Ciudad. Coronado con una torre reloj a 97 metros de altura , durante años fue el más alto de la Ciudad. Cuenta con siete pisos y un subsuelo, aunque su corazón se encuentra en la planta baja, donde está el recinto donde todos los jueves sesionan los diputados porteños.\nMirá también: Prohíben a las \"coperas\" en los bares porteños \nEn sus techos está el instrumento musical más grande que hay en Buenos Aires: un carillón, que hoy será protagonista de los festejos. A las 19.30, después de un ceremonia en la pérgola del quinto piso, un organista interpretará un concierto, haciendo tañir las 30 campanas de bronce del instrumento.\nMás tarde, la vicepresidente primera de la Legislatura, Carmen Polledo; el vicepresidente tercero, Roy Cortina, y el historiador Daniel Balmaceda recordarán la historia del edificio. Después, habrá un concierto en el Salón Dorado Hipólito Yrigoyen, inspirado en el Salón de los Espejos del Gran Trianón del Palacio real de Versalles. Para el público, y como parte de los festejos, hasta el próximo miércoles, de 20 a 24 la torre del reloj del Palacio ofrecerá un juego de luces de colores y láser. \n\nAunque el edificio no siempre albergó actividad legislativa, fue el centro de acontecimientos clave de la historia . En el Salón Dorado, el 2 de diciembre de 1943 Juan Domingo Perón juró como secretario de Trabajo y Previsión. El futuro presidente tuvo su despacho en el Palacio, hasta que el 10 de octubre de 1945 desde un balcón pronunció su discurso de despedida después de su forzada renuncia.\nEn 1947, Eva Perón estableció la sede temporal de la Fundación en el Palacio. “Casi toda mi labor social se desarrolla en la secretaría de Trabajo y Previsión, de la que ocupo un pequeño sector, y atiendo mi trabajo en el mismo despacho que tuvo el coronel Perón desde 1943 a 1945”, contó la primera dama en La razón de mi vida. Por su despacho, hoy salón Eva Perón, una sala contigua y el Salón Dorado desfilaron desde dirigentes gremiales o de organizaciones sociales hasta personas comunes que iban a pedirle ayuda.\nMirá también: Luz verde para la aplicación que creó la Ciudad para competir con Uber \nDespués de la muerte de Evita, ocurrida el 26 de julio de 1952, y previo paso por la CGT, el velatorio se realizó entre el Congreso Nacional y el Ministerio de Trabajo y Previsión, que seguía estando en la actual Legislatura. Durante nueve días , la gente hizo hasta 35 cuadras de cola para despedirla.\nEl edificio volvió a funcionar como Concejo Deliberante en 1958. El historiador Daniel Vargas, autor del libro \"El Palacio Legislativo de la Ciudad de Buenos Aires\", cuenta que durante otras interrupciones institucionales el Palacio fue usado para albergar el Banco Municipal, la Secretaria de Educación y, durante la última dictadura militar, el comité de organización del Mundial de 1978.\nCon la recuperación de la democracia, en 1983, en el edificio volvió a sesionar el Concejo Deliberante. Hasta 1996, año en que ese cuerpo fue disuelto y, a partir de la autonomía de la Ciudad, el Palacio se convirtió en la sede de la Legislatura.", "external_links": [], "published": "2016-10-03T03:00:00.000+03:00", "crawled": "2016-10-03T19:56:38.084+03:00", "highlightTitle": ""}