{"organizations": [], "uuid": "cc45c8b9fbb03b161dffeb26676ce69c1e2be292", "thread": {"social": {"gplus": {"shares": 0}, "pinterest": {"shares": 0}, "vk": {"shares": 0}, "linkedin": {"shares": 0}, "facebook": {"likes": 0, "shares": 0, "comments": 0}, "stumbledupon": {"shares": 0}}, "site_full": "www.lavanguardia.com", "main_image": "http://www.lavanguardia.com/rsc/images/default_story_image.jpg", "site_section": "http://www.lavanguardia.com/opinion", "section_title": "Opinión", "url": "http://www.lavanguardia.com/opinion/20161003/41741603491/faltan-mas-viviendas-de-alquiler.html", "country": "ES", "domain_rank": 1941, "title": "Faltan más viviendas de alquiler", "performance_score": 0, "site": "lavanguardia.com", "participants_count": 1, "title_full": "Faltan más viviendas de alquiler", "spam_score": 0.564, "site_type": "news", "published": "2016-10-03T02:38:00.000+03:00", "replies_count": 0, "uuid": "cc45c8b9fbb03b161dffeb26676ce69c1e2be292"}, "author": "lavanguardia.com", "url": "http://www.lavanguardia.com/opinion/20161003/41741603491/faltan-mas-viviendas-de-alquiler.html", "ord_in_thread": 0, "title": "Faltan más viviendas de alquiler", "locations": [], "entities": {"persons": [], "locations": [], "organizations": []}, "highlightText": "", "language": "spanish", "persons": [], "text": "BARCELONA necesita con urgencia fomentar la oferta de pisos en alquiler, fundamentalmente de alquiler social, para lograr que los precios se estabilicen y, sobre todo, evitar que se reproduzca la burbuja de antes de la crisis. En este sentido, la tendencia que se registra desde principios de año, con un aumento de los alquileres del 8%, resulta preocupante.\nBarcelona tiene que ser una ciudad en la que se pueda vivir y trabajar. Con sueldos mileuristas y alquileres que de ...\nIniciar sesión", "external_links": [], "published": "2016-10-03T02:38:00.000+03:00", "crawled": "2016-10-03T09:47:59.341+03:00", "highlightTitle": ""}