{"organizations": [], "uuid": "9bb9b09385dc31788c336921c4109c94924f0175", "thread": {"social": {"gplus": {"shares": 0}, "pinterest": {"shares": 0}, "vk": {"shares": 0}, "linkedin": {"shares": 0}, "facebook": {"likes": 0, "shares": 0, "comments": 0}, "stumbledupon": {"shares": 0}}, "site_full": "ecodiario.eleconomista.es", "main_image": "http://s03.s3c.es/imag3/logos/economista/bg-ee-facebook.jpg", "site_section": "", "section_title": "", "url": "http://ecodiario.eleconomista.es/espana/noticias/7863027/10/16/Liberado-el-conductor-de-un-turismo-que-choco-contra-otro-coche-en-Chantada-Lugo.html", "country": "US", "domain_rank": 3233, "title": "Liberado el conductor de un turismo que chocó contra otro coche en Chantada (Lugo) - EcoDiario.es", "performance_score": 0, "site": "eleconomista.es", "participants_count": 0, "title_full": "Liberado el conductor de un turismo que chocó contra otro coche en Chantada (Lugo) - EcoDiario.es", "spam_score": 0.509, "site_type": "news", "published": "2016-10-01T22:00:00.000+03:00", "replies_count": 0, "uuid": "9bb9b09385dc31788c336921c4109c94924f0175"}, "author": "", "url": "http://ecodiario.eleconomista.es/espana/noticias/7863027/10/16/Liberado-el-conductor-de-un-turismo-que-choco-contra-otro-coche-en-Chantada-Lugo.html", "ord_in_thread": 0, "title": "Liberado el conductor de un turismo que chocó contra otro coche en Chantada (Lugo) - EcoDiario.es", "locations": [], "entities": {"persons": [], "locations": [], "organizations": []}, "highlightText": "", "language": "spanish", "persons": [], "text": "\nLos Bomberos de Chantada (Lugo) han liberado al conductor de un turismo que quedó atrapado tras chocar contra otro coche en Pereira de Arriba. \nLUGO, 1 (EUROPA PRESS) \nSegún el 112, el suceso tuvo lugar a las 11,00 horas en la N-540 y, como consecuencia, los dos conductores resultaron heridos. Ambos fueron evacuados al hospital por los servicios sanitarios de urgencia. \nAdicionalmente, también la localidad lucense de Palas de Rei, una furgoneta volcó en la salida hacia Monterroso sobre las 8,20 horas. La conductora del vehículo, a la que unos vecinos ayudaron a salir, resultó herida. Enlaces relacionados ", "external_links": [], "published": "2016-10-01T22:00:00.000+03:00", "crawled": "2016-10-02T04:17:23.601+03:00", "highlightTitle": ""}