{"organizations": [], "uuid": "7ab4cf9ed4c53f786281ea8214e4cf2eb6f9c12c", "thread": {"social": {"gplus": {"shares": 0}, "pinterest": {"shares": 0}, "vk": {"shares": 0}, "linkedin": {"shares": 0}, "facebook": {"likes": 0, "shares": 0, "comments": 0}, "stumbledupon": {"shares": 0}}, "site_full": "comunidad.movistar.es", "main_image": "", "site_section": "http://comunidad.movistar.es/movistar/rss/Community?interaction.style=forum&feeds.replies=true", "section_title": "Todos los mensajes publicados de Comunidad Movistar", "url": "http://comunidad.movistar.es/t5/Soporte-T%C3%A9cnico-de-Fibra-%C3%93ptica/Actualizar-firmware-Amper-EG-663/td-p/2816207", "country": "ES", "domain_rank": 3988, "title": "Re: Actualizar firmware Amper EG-663", "performance_score": 0, "site": "movistar.es", "participants_count": 1, "title_full": "Re: Actualizar firmware Amper EG-663", "spam_score": 0.0, "site_type": "news", "published": "2016-10-04T03:46:00.000+03:00", "replies_count": 0, "uuid": "7ab4cf9ed4c53f786281ea8214e4cf2eb6f9c12c"}, "author": "elcule2000", "url": "http://comunidad.movistar.es/t5/Soporte-T%C3%A9cnico-de-Fibra-%C3%93ptica/Actualizar-firmware-Amper-EG-663/td-p/2816207", "ord_in_thread": 0, "title": "Re: Actualizar firmware Amper EG-663", "locations": [], "entities": {"persons": [], "locations": [], "organizations": []}, "highlightText": "", "language": "spanish", "persons": [], "text": "el ‎27-02-2016 11:50:08 Buenos díasTengo fusion 30mb y llevo unas semanas con continuos cortes tanto en wifi como por cable. Muchas veces tengo que reiniciar el router pero al tiempo vuelve a ocurrir. A través del portal alejandra me pone que hay una version nueva de firmware pero me da siempre error al instalarlo. Les pediría que por favor me ayuden a actualizarlo para ver si se solucionan mis fallos. Les pongo debajo también un error que me sale muchas veces y que he sacado del log del router por si les ayuda a detectar el problema.Jan 26 22:43:56 EG663-V1 daemon.err dhcp6c[4311]: client6_send: transmit failed: Cannot assign requested address", "external_links": [], "published": "2016-10-04T03:46:00.000+03:00", "crawled": "2016-10-03T23:03:44.767+03:00", "highlightTitle": ""}