{"organizations": [], "uuid": "d52acc14a08b8252eaecdec103d0ea2e834776f3", "thread": {"social": {"gplus": {"shares": 0}, "pinterest": {"shares": 0}, "vk": {"shares": 0}, "linkedin": {"shares": 0}, "facebook": {"likes": 0, "shares": 0, "comments": 0}, "stumbledupon": {"shares": 0}}, "site_full": "www.mediotiempo.com", "main_image": "http://cdn.expansion.mx/fd/c2/ef84a97a44eca36e90ec066be99c/psg-subio-al-subliderato-de-la-ligue-1.jpg", "site_section": "http://www.mediotiempo.com/rss", "section_title": "mediotiempo.com", "url": "http://www.mediotiempo.com/futbol/2016/10/01/el-psg-corrigio-su-rumbo-con-doblete-del-matador-cavani", "country": "US", "domain_rank": 7789, "title": "El PSG corrigió su rumbo con doblete del Matador Cavani", "performance_score": 0, "site": "mediotiempo.com", "participants_count": 1, "title_full": "El PSG corrigió su rumbo con doblete del Matador Cavani", "spam_score": 0.0, "site_type": "news", "published": "2016-10-02T01:31:00.000+03:00", "replies_count": 0, "uuid": "d52acc14a08b8252eaecdec103d0ea2e834776f3"}, "author": "Editorial MedioTiempo", "url": "http://www.mediotiempo.com/futbol/2016/10/01/el-psg-corrigio-su-rumbo-con-doblete-del-matador-cavani", "ord_in_thread": 0, "title": "El PSG corrigió su rumbo con doblete del Matador Cavani", "locations": [], "entities": {"persons": [], "locations": [], "organizations": []}, "highlightText": "", "language": "spanish", "persons": [], "text": "El PSG subió al subliderato de la Ligue1 gracias a Cavani.   La actuación decisiva del uruguayo eclipsó el partido \nEl Paris Saint Germain se colocó provisionalmente segundo en la clasificación de la liga francesa con una victoria por 2-0 en casa ante el Burdeos, gracias a un doblete del uruguayo Edinson Cavani en la primera media hora. \nDespués de sufrir en la anterior jornada la segunda derrota en esta Ligue 1, por 2-0 en Toulouse, los parisinos salieron decididos este sábado a no tropezar más en su campeonato y Cavani, en los minutos 3 y 30 consiguió los dos tantos del equipo de la capital, que no llegó a temer en ningún momento por su victoria en el Parque de los Príncipes dentro de la Jornada 8. \nCavani, que acumula ocho tantos en esta edición de la liga francesa, se escapa como máximo goleador, ahora con dos más que el turco Mevlut Erding (Metz) y Alexandre Lacazette (Lyon). Fuente: AFP", "external_links": [], "published": "2016-10-02T01:31:00.000+03:00", "crawled": "2016-10-01T20:57:57.811+03:00", "highlightTitle": ""}