{"organizations": [], "uuid": "ce3b8c5c9c5fc57139524cbff8d15a7394a33db7", "thread": {"social": {"gplus": {"shares": 0}, "pinterest": {"shares": 0}, "vk": {"shares": 0}, "linkedin": {"shares": 0}, "facebook": {"likes": 0, "shares": 0, "comments": 0}, "stumbledupon": {"shares": 0}}, "site_full": "www.univision.com", "main_image": "http://cdn3.uvnimg.com/34/cd/e455ee0e4edf8b767bad8b297dbc/20160929-7330.jpg", "site_section": "", "section_title": "", "url": "http://www.univision.com/deportes/honduras-primera/olimpia-le-quito-el-invicto-al-platense-y-se-consolido-como-lider-en-honduras", "country": "US", "domain_rank": 4412, "title": "Olimpia le quitó el invicto al Platense y se consolidó como líder en Honduras - Univision", "performance_score": 0, "site": "univision.com", "participants_count": 0, "title_full": "Olimpia le quitó el invicto al Platense y se consolidó como líder en Honduras - Univision", "spam_score": 0.66, "site_type": "news", "published": "2016-10-03T08:44:00.000+03:00", "replies_count": 0, "uuid": "ce3b8c5c9c5fc57139524cbff8d15a7394a33db7"}, "author": "", "url": "http://www.univision.com/deportes/honduras-primera/olimpia-le-quito-el-invicto-al-platense-y-se-consolido-como-lider-en-honduras", "ord_in_thread": 0, "title": "Olimpia le quitó el invicto al Platense y se consolidó como líder en Honduras - Univision", "locations": [], "entities": {"persons": [], "locations": [], "organizations": []}, "highlightText": "", "language": "spanish", "persons": [], "text": "Olimpia le quitó el invicto al Platense y se consolidó como líder en Honduras Olimpia le quitó el invicto al Platense y se consolidó como líder en Honduras \nEl Olimipia superó con goles Quioto y Costly a Platense por 3-1 y se mantienen en lo más alto del fútbol catracho. Olimpia es líder en Honduras Mexsport Por: EFE Publicado: oct 03, 2016 | 12:10 AM EDT 0 Compartir \nHONDURAS.- El Olimpia se consolidó como líder del torneo Apertura de Honduras al vencer de local en la undécima jornada por 3-1 al Platense, al que además le quitó su condición de único invicto que quedaba en el campeonato. \nEl modesto Platense, que llegó a la capital hondureña con la ilusión de alcanzar al Olimpia en la clasificación, no pudo ante el mejor juego de su rival, que tuvo en Rommel Quioto al mejor de sus jugadores. \nDos goles de Quioto y uno de Carlo Costly le dieron el triunfo al Olimpia, mientras que el Platense descontó por medio de Robby Norales. \nCuando el partido estaba por finalizar, el Olimpia falló un penalti de Carlo Costly. \nEl Motagua, de Tegucigalpa, logró empatar a un gol en su partido de visita al Real Sociedad. \nLos anfitriones del Real Sociedad fueron los primeros en anotar por medio de Henrick Cárcamo, mientras que el Motagua empató con un gol de Félix Crisanto. \nOtro empate a un gol se registró en el partido entre los locales del Juticalpa y el Vida. \nEl Vida se puso en ventaja en el primer tiempo con la anotación de Bryan Moya, pero el Juticalpa empató en el segundo mediante lanzamiento de penalti de Aldo Oviedo. \nBryan Moya pudo haberle dado el triunfo al Vida, pero falló un penalti en el minuto 65, cuando el juego estaba empatado. \nEl Honduras Progreso hizo valer su condición de local y venció por 1-0 al Social Sol, que sumó su novena derrota en el torneo y sigue sin conocer el triunfo después de once jornadas. publicidad \nEl gol del Honduras Progreso, que hizo mejor sus deberes, lo anotóÁngel Tejeda. \nEl sábado, en el inicio de la jornada, el Marathón y el Real España empataron sin goles en el clásico local de San Pedro Sula, norte del país centroamericano. ", "external_links": [], "published": "2016-10-03T08:44:00.000+03:00", "crawled": "2016-10-03T11:17:21.940+03:00", "highlightTitle": ""}