{"organizations": [], "uuid": "ccc090ce4776c803769d6b6e77e42f7eaa27eab0", "thread": {"social": {"gplus": {"shares": 0}, "pinterest": {"shares": 0}, "vk": {"shares": 0}, "linkedin": {"shares": 0}, "facebook": {"likes": 0, "shares": 0, "comments": 0}, "stumbledupon": {"shares": 0}}, "site_full": "latino.foxnews.com", "main_image": "http://global.fncstatic.com/static/v/all/img/fn_latino_128x128.png", "site_section": "", "section_title": "", "url": "http://latino.foxnews.com/latino/espanol/2016/10/01/7-0-martinez-pega-jonron-y-los-cardenales-se-mantienen-la-caza-del-comodin/", "country": "US", "domain_rank": 185, "title": "7-0. Martínez pega jonrón y los Cardenales se mantienen a la caza del comodín | Fox News Latino", "performance_score": 0, "site": "foxnews.com", "participants_count": 0, "title_full": "7-0. Martínez pega jonrón y los Cardenales se mantienen a la caza del comodín | Fox News Latino", "spam_score": 0.153, "site_type": "news", "published": "2016-10-01T10:15:00.000+03:00", "replies_count": 0, "uuid": "ccc090ce4776c803769d6b6e77e42f7eaa27eab0"}, "author": "", "url": "http://latino.foxnews.com/latino/espanol/2016/10/01/7-0-martinez-pega-jonron-y-los-cardenales-se-mantienen-la-caza-del-comodin/", "ord_in_thread": 0, "title": "7-0. Martínez pega jonrón y los Cardenales se mantienen a la caza del comodín | Fox News Latino", "locations": [], "entities": {"persons": [], "locations": [], "organizations": []}, "highlightText": "", "language": "spanish", "persons": [], "text": "7-0. Martínez pega jonrón y los Cardenales se mantienen a la caza del comodín Published October 01, 2016 EFE \nSan Luis (EEUU) – El abridor dominicano Carlos Martínez lanzó siete sólidas entradas y los Cardenales de San Luis derrotaron 7-0 a los Piratas de Pittsburgh. \nLos Cardenales comenzaron el día un juego detrás de los Gigantes de San Francisco para el segundo comodín de la Liga Nacional. \nMartínez (16-9) se acreditó la victoria al aceptar cinco imparables, dio una base y ponchó a nueve enemigos. \nEl dominicano realizó 104 lanzamientos, 71 de los cuales fueron a la zona perfecta del strike, y djó en 3.04 su promedio de efectividad al controlar a 27 enemigos. \nEn el ataque el segunda base Jedd Gyorko (29), el guardabosques Brandon Moss (28) y el bateador emergente Matt Holliday (20) conectaron sendos cuadrangulares. \nLa derrota de los Piratas recayó en el abridor Tyler Glasnow (0-2) en cinco episodios, al aceptar cinco imparables, jonrón y carrera. ", "external_links": [], "published": "2016-10-01T10:15:00.000+03:00", "crawled": "2016-10-01T08:55:48.726+03:00", "highlightTitle": ""}