{"organizations": [], "uuid": "353f6bf17c43b6fbecf5d3cb1158151a3765ac9e", "thread": {"social": {"gplus": {"shares": 0}, "pinterest": {"shares": 0}, "vk": {"shares": 0}, "linkedin": {"shares": 0}, "facebook": {"likes": 0, "shares": 0, "comments": 0}, "stumbledupon": {"shares": 0}}, "site_full": "ecodiario.eleconomista.es", "main_image": "http://s03.s3c.es/imag3/logos/economista/bg-ee-facebook.jpg", "site_section": "", "section_title": "", "url": "http://ecodiario.eleconomista.es/sociedad/noticias/7862619/10/16/Mas-de-400-actividades-para-celebrar-este-fin-de-semana-el-dia-de-las-aves.html", "country": "US", "domain_rank": 3233, "title": "Más de 400 actividades para celebrar este fin de semana el día de las aves - EcoDiario.es", "performance_score": 0, "site": "eleconomista.es", "participants_count": 0, "title_full": "Más de 400 actividades para celebrar este fin de semana el día de las aves - EcoDiario.es", "spam_score": 0.2, "site_type": "news", "published": "2016-10-01T16:25:00.000+03:00", "replies_count": 0, "uuid": "353f6bf17c43b6fbecf5d3cb1158151a3765ac9e"}, "author": "", "url": "http://ecodiario.eleconomista.es/sociedad/noticias/7862619/10/16/Mas-de-400-actividades-para-celebrar-este-fin-de-semana-el-dia-de-las-aves.html", "ord_in_thread": 0, "title": "Más de 400 actividades para celebrar este fin de semana el día de las aves - EcoDiario.es", "locations": [], "entities": {"persons": [], "locations": [], "organizations": []}, "highlightText": "", "language": "spanish", "persons": [], "text": "Más de 400 actividades para celebrar este fin de semana el día de las aves 1/10/2016 - 8:25 Melgar de Abajo (Valladolid) celebra la Fiesta de la Vendimia este fin de semana con actividades lúdicas para todos (29/09) \nMADRID, 01 (SERVIMEDIA) \nMás de 400 actividades gratuitas ha organizado SEO/BirdLife para celebrar este fin de semana -tanto el sábado como el domingo- el Día de las Aves, bajo el lema 'Acércate a las aves y llénate de naturaleza'. \nSegún informó la organización conservacionista, en España se pueden ver más de 500 especies de aves, y a pesar de convivir con ellas son desconocidas para muchas personas. \nEn los últimos 20 años SEO/BirdLife ha recopilado casi tres millones de datos sobre las aves comunes de España con la participación de más de 1.500 voluntarios, que han dedicado 18.000 jornadas de campo para la recopilación de todos estos datos. \nAdemás, durante estos 20 años SEO/BirdLife ha muestreado 25.000 puntos de toda España para obtener datos sobre las aves comunes. \nCada vez son más los voluntarios y colaboradores que se acercan a conocer las aves a través de los programas de seguimiento de aves de SEO/BirdLife (SACRE, NOCTUA, PASER, MIGRA ) o de las numerosas actividades de educación ambiental que desarrolla a lo largo de todo el año, lo que está permitiendo que se lleven a cabo estudios exhaustivos, y muchas veces inéditos, sobre la avifauna española. \n(SERVIMEDIA) \nCAA/caa Enlaces relacionados ", "external_links": [], "published": "2016-10-01T16:25:00.000+03:00", "crawled": "2016-10-02T04:18:59.055+03:00", "highlightTitle": ""}