{"organizations": [], "uuid": "aae81cd7f3ea3fd1d29e47ccded2015f9940d71c", "thread": {"social": {"gplus": {"shares": 0}, "pinterest": {"shares": 0}, "vk": {"shares": 0}, "linkedin": {"shares": 0}, "facebook": {"likes": 0, "shares": 0, "comments": 0}, "stumbledupon": {"shares": 0}}, "site_full": "www.meneame.net", "main_image": "//mnmstatic.net/img/mnm/logo-350x350.png", "site_section": "http://meneame.net//rss?status=queued", "section_title": "Menéame: en cola", "url": "https://www.meneame.net/m/actualidad/nina-7-anos-bana-alabed-manipulacion-propaganda-guerra-siria", "country": "IE", "domain_rank": 8316, "title": "La niña de 7 años Bana Alabed: manipulación, propaganda y guerra en Siria", "performance_score": 0, "site": "meneame.net", "participants_count": 1, "title_full": "La niña de 7 años Bana Alabed: manipulación, propaganda y guerra en Siria", "spam_score": 0.0, "site_type": "news", "published": "2016-10-03T04:49:00.000+03:00", "replies_count": 0, "uuid": "aae81cd7f3ea3fd1d29e47ccded2015f9940d71c"}, "author": "Petrogrado", "url": "https://www.meneame.net/m/actualidad/nina-7-anos-bana-alabed-manipulacion-propaganda-guerra-siria", "ord_in_thread": 0, "title": "La niña de 7 años Bana Alabed: manipulación, propaganda y guerra en Siria", "locations": [], "entities": {"persons": [], "locations": [], "organizations": []}, "highlightText": "", "language": "spanish", "persons": [], "text": "por Petrogrado a blogdelviejotopo.blogspot.ie enviado: ____ La cuenta falsa de Bana Alabed en Twitter. Una supuesta niña de 7 años que tuitea desde Alepo (Siria) y que es seguidora, entre otros, del jefe de prensa del Departamento de Defensa de EE.UU. La propaganda del yihadismo y de sus protectores nos brinda una nueva perla de la manipulación. Algunos detalles apuntan a que AJ+ (una filial de la cadena Al Jazeera de Qatar) podría estar detrás de esta cuenta falsa. Izda.: perfil de la cuenta en Twitter. Drcha.: otra foto de la misma niña.", "external_links": [], "published": "2016-10-03T04:49:00.000+03:00", "crawled": "2016-10-02T23:58:16.668+03:00", "highlightTitle": ""}