{"organizations": [], "uuid": "fe700b76adcfd2189afc90f297157e37f9571961", "thread": {"social": {"gplus": {"shares": 0}, "pinterest": {"shares": 0}, "vk": {"shares": 0}, "linkedin": {"shares": 0}, "facebook": {"likes": 0, "shares": 0, "comments": 0}, "stumbledupon": {"shares": 0}}, "site_full": "supercampo.perfil.com", "main_image": "http://i1.wp.com/supercampo.perfil.com/wp-content/uploads/2016/10/trigo-bacteria-fertilizacion-web2.jpg?fit=728%2C500", "site_section": "http://supercampo.perfil.com/feed/", "section_title": "Supercampo", "url": "http://supercampo.perfil.com/2016/10/logran-que-una-bacteria-se-convierta-en-fertilizante-natural/", "country": "AR", "domain_rank": 5622, "title": "Logran que una bacteria se convierta en fertilizante natural", "performance_score": 0, "site": "perfil.com", "participants_count": 1, "title_full": "Logran que una bacteria se convierta en fertilizante natural", "spam_score": 0.0, "site_type": "news", "published": "2016-10-03T18:56:00.000+03:00", "replies_count": 0, "uuid": "fe700b76adcfd2189afc90f297157e37f9571961"}, "author": "Barbara Roesler", "url": "http://supercampo.perfil.com/2016/10/logran-que-una-bacteria-se-convierta-en-fertilizante-natural/", "ord_in_thread": 0, "title": "Logran que una bacteria se convierta en fertilizante natural", "locations": [], "entities": {"persons": [], "locations": [], "organizations": []}, "highlightText": "", "language": "spanish", "persons": [], "text": "03/10/2016 Logran que una bacteria se convierta en fertilizante natural Investigadores modificaron el genoma de una bacteria para que capte nitrógeno del aire y lo transforme en amonio. Este desarrollo permitirá reducir costos y mitigar el impacto ambiental. Tweet \nLa aplicación eficiente de fertilizantes en la agricultura es fundamental debido a que tiene un efecto significativo en los rindes de cultivos como trigo, maíz y arroz. Por esto, un equipo de investigadores de la Argentina, España y el Reino Unido lograron modificar el genoma de la bacteria Pseudomona protegens para que capte nitrógeno del aire y lo transforme en amonio. De esta forma, se obtiene un fertilizante natural que reduce los costos de producción. \nNicolás Ayub, investigador del Conicet que trabaja en el Instituto de Genética del INTA, se refirió a la importancia de la obtención debido a que “este desarrollo es una excelente alternativa a la fertilización nitrogenada de los cultivos y puede tener un impacto muy grande en la producción de alimentos del planeta”. \nEn general, las pérdidas de nitrógeno aplicado con los fertilizantes son elevadas, lo que disminuye sensiblemente su uso por la planta y, en consecuencia, los rendimientos del cultivo. \nAsí, en la búsqueda de una alternativa a la fertilización nitrogenada, el equipo liderado por Ayub se orientó a la modificación genética de Pseudomona protegens , bacteria que protege a las plantas de la acción de patógenos. “Pudimos introducir cerca de 50 genes que codifican para proteínas, lo que le permite a la bacteria captar nitrógeno del aire y transformarlo en amonio para que la planta pueda usarlo”, explicó. \n“ Pseudomona protegens no fija nitrógeno”, señaló Ayub. “Fue necesario introducir esa cantidad porque la nitrogenasa no es una enzima sino que es un complejo enorme que necesita como mínimo entre 20 y 25 proteínas para poder funcionar”, expresó. \nEl trigo, el maíz y el arroz se encuentran entre los cultivos más relevantes por el volumen de negocio y la cantidad de toneladas producidas, entre otros factores. “La fertilización con nitrógeno es el costo principal y representa uno de los factores limitantes para plantear el cultivo de una hectárea de cereales”, precisó. \nDe acuerdo con el especialista del INTA, “para fertilizar una hectárea de cereal, como por ejemplo trigo, se requieren unos u$s150; mientras que el uso de nuestra tecnología tiene un costo de más o menos u$s1”. En este sentido, destacó que este avance representa “mucha diferencia”. \nLos resultados alcanzados son auspiciosos, por lo que el INTA y el Conicet solicitaron la patente para esta tecnología pensada para reemplazar los fertilizantes nitrogenados. “Estos se producen a partir de nitrógeno gaseoso que es un derivado del petróleo y que, en la actualidad, se usa para su fabricación un 10% de la energía consumida a escala mundial”, dijo. \nEn línea general, estos fertilizantes están destinados especialmente a cereales, “no sólo porque son el cultivo más importante sino además porque no pueden fijar nitrógeno naturalmente”, indicó el investigador, tras detallar que “ la producción de estos fertilizantes es una de las mayores causas de emisión de gases de efecto invernadero , principales responsables del cambio climático que sufre el planeta”. \nAgregar proteínas a una bacteria \nDe acuerdo con los investigadores, el género Pseudomona no fija nitrógeno y no tiene los genes. La fijación es la reacción más endergónica, es decir, que más energía gasta de la naturaleza. “Es muy cara en términos energéticos, la más costosa de todos los procesos conocidos, de todos los organismos vivos”, detalló. \nDe esta modo, reconoció que “las bacterias y las arqueas, que son los únicos organismos capaces de fijar nitrógeno –no todos, pero los que lo hacen– tienen la fijación muy regulada, de forma tal que si hay una mínima cantidad de amonio extracelular se inhibe”. \nEn el caso de “ Pseudomona protegens, al no tener naturalmente esta maquinaria tampoco tiene el aparato que la reprime cuando hay pequeñas cantidades de amonio extracelular”. \nEl nitrógeno gaseoso (N2) constituye entre el 75 y 80% de la atmósfera. En ese estado es inerte, es decir que no reacciona con otras sustancias pero, sin embargo, es fundamental para la vida y el crecimiento de las plantas. Para poder usarlo debe ser convertido en amonio (NH4+) y este proceso puede ocurrir por la vía abiótica, es decir sin que medie acción de los microorganismos; o biótica, donde las bacterias del suelo juegan un papel fundamental. \nEl artículo científico completo se encuentra disponible en el repositorio de trabajos académicos de acceso gratuito Research Gate.", "external_links": [], "published": "2016-10-03T18:56:00.000+03:00", "crawled": "2016-10-03T20:46:01.603+03:00", "highlightTitle": ""}