{"organizations": [], "uuid": "9bb14f7e736a3a1335923786bae320b6fcb38829", "thread": {"social": {"gplus": {"shares": 0}, "pinterest": {"shares": 0}, "vk": {"shares": 0}, "linkedin": {"shares": 0}, "facebook": {"likes": 0, "shares": 0, "comments": 0}, "stumbledupon": {"shares": 0}}, "site_full": "rpp.pe", "main_image": "http://f.rpp-noticias.io/2016/10/03/340734_257423.png", "site_section": "http://rpp.pe/feed", "section_title": "RPP NOTICIAS", "url": "http://rpp.pe/famosos/celebridades/kim-kardashian-que-ha-hecho-tras-el-robo-en-paris-noticia-999264", "country": "PE", "domain_rank": 4255, "title": "Kim Kardashian: ¿qué ha hecho tras el robo en París?", "performance_score": 0, "site": "rpp.pe", "participants_count": 0, "title_full": "Kim Kardashian: ¿qué ha hecho tras el robo en París?", "spam_score": 0.0, "site_type": "news", "published": "2016-10-03T23:00:00.000+03:00", "replies_count": 0, "uuid": "9bb14f7e736a3a1335923786bae320b6fcb38829"}, "author": "", "url": "http://rpp.pe/famosos/celebridades/kim-kardashian-que-ha-hecho-tras-el-robo-en-paris-noticia-999264", "ord_in_thread": 0, "title": "Kim Kardashian: ¿qué ha hecho tras el robo en París?", "locations": [], "entities": {"persons": [], "locations": [], "organizations": []}, "highlightText": "", "language": "spanish", "persons": [], "text": "Celebridades Kim Kardashian: ¿qué ha hecho tras el robo en París? Kim Kardashian ha abandonado París tras haber sido víctima de un robo a mano armada que la ha dejado traumatizada. Redacción   10:00 AM Kim Kardashian: ¿qué ha hecho tras el robo en París? | Fuente: FB Kim Kardashian \nLa estrella de reality estadounidense Kim Kardashian abandonó hoy París, con destino desconocido, horas después de haber sido víctima de un robo a mano armada durante la madrugada en el apartamento que ocupaba en la capital gala, informaron medios locales. \nKardashian fue interrogada por la policía francesa que investiga el caso y, posteriormente, se trasladó al aeropuerto parisiense de Le Bourget, donde despegó a un destino que no ha sido comunicado, indicó la web del diario \"Le Parisien\". \nDurante la noche, la estrella sufrió un robo a mano armada en el apartamento que ocupaba en París, donde había acudido para seguir la semana de la moda que se desarrolla estos días en la capital francesa. \nLos hechos tuvieron lugar sobre las 3 de la madrugada (1.00 GMT) cuando cinco individuos enmascarados y disfrazados de policías penetraron en el apartamento que ocupaba la estrella, situado en el exclusivo distrito 8, a dos pasos de la iglesia de la Magdalena. \nTras inmovilizar a los guardianes del edificio, subieron hasta el apartamento que ocupaba Kardashian, situado en una residencia muy frecuentada por gente adinerada. \nSegún la radio \"RTL\" amordazaron a un guardaespaldas y, posteriormente, maniataron a la mujer y la obligaron a entrar en el baño mientras efectuaban el robo. \nMinutos después partieron, algunos de ellos en bicicleta, con un botín que, según las fuentes, se sitúa entre los 9 millones y los 16 millones de euros, la mayor parte en joyas, algunas prestadas por importantes marcas del sector. \nLas autoridades francesas abrieron una investigación que fue encargada a la Brigada de Represión de la delincuencia. \n\"Hacemos todo lo posible para aclarar este caso y detener a los autores\", indicó la Prefectura de Policía de París. \nKardashian, de 35 años, no sufrió ningún daño físico, pero los hechos le provocaron un gran golpe psicológico, según indicó su portavoz a medios estadounidenses. \nLa residencia, situada en el número 7 de la calle Tronchet, alberga apartamentos de lujo que suelen ser alquilados por personas adineradas, entre los que figuran Madonna, Zlatan Ibrahimovic o Leonardo di Caprio. \nPoco después del robo, el rapero Kanye West, pareja de Kardashian, detuvo el concierto que daba en el festival The Meadows en Nueva York arguyendo un problema familiar. \nSegún algunos medios, el cantante se trasladó a Europa para reencontrarse con su pareja. EFE Noticias Relacionadas", "external_links": [], "published": "2016-10-03T23:00:00.000+03:00", "crawled": "2016-10-03T18:22:32.317+03:00", "highlightTitle": ""}