{"organizations": [], "uuid": "6b53a8ce59b230ae2697cde8e3621a61deefe7f6", "thread": {"social": {"gplus": {"shares": 0}, "pinterest": {"shares": 0}, "vk": {"shares": 0}, "linkedin": {"shares": 0}, "facebook": {"likes": 0, "shares": 0, "comments": 0}, "stumbledupon": {"shares": 0}}, "site_full": "www.wittyfeed.com", "main_image": "https://og.wittyfeed.com/29770/4inwuhl51k3a49w1zhwy.jpeg", "site_section": "", "section_title": "", "url": "https://www.wittyfeed.com/story/29770/7-signos-de-que-estarn-juntos-para-siempre", "country": "US", "domain_rank": 132, "title": "7 Signos De Que Estarán Juntos Para Siempre", "performance_score": 0, "site": "wittyfeed.com", "participants_count": 0, "title_full": "7 Signos De Que Estarán Juntos Para Siempre", "spam_score": 0.199, "site_type": "news", "published": "2016-09-19T10:50:00.000+03:00", "replies_count": 0, "uuid": "6b53a8ce59b230ae2697cde8e3621a61deefe7f6"}, "author": "Noah Reaver", "url": "https://www.wittyfeed.com/story/29770/7-signos-de-que-estarn-juntos-para-siempre", "ord_in_thread": 0, "title": "7 Signos De Que Estarán Juntos Para Siempre", "locations": [], "entities": {"persons": [], "locations": [], "organizations": []}, "highlightText": "", "language": "spanish", "persons": [], "text": "IN Lifestyle ON 27 Sep, 2016 7 Signos De Que Estarán Juntos Para Siempre \nHay un momento preciso cuando sientes que tu relación se ha convertido en algo serio. Usualmente sucede en un par de meses de estar juntos, cuando ya sabes todo acerca de esa persona. Es todo para ti, y nunca amaste a nadie tanto. \nBueno, parece que la cosa se pone seria, y así lo sabrás... Sponsored 7 Signos De Que Estarán Juntos Para Siempre 754 396 \n¿Hacen cucharita mientras duermen? Si es así, esto indica que hay una gran cantidad de intimidad y comodidad entre ustedes. Es una buena señal de una relación seria. 2. Están agradecidos de tenerse. \nUn simple 'gracias' puede hacer maravillas en tu relación. Si son buenos mostrando gratitud a su pareja, su relación es sólida como roca. 3. Ambos hablan de lo mismo. \nSi están al mismo nivel involucrando las emociones, significa que se entienden bien. Sponsored \n¿Otra razón para mostrarte que tu relación es genial? Las parejas que se aprecian físicamente, duran más. 5. Les gusta salir con otras parejas. \nUn signo de salud en la relación es pasar tiempo con otras parejas. Una pareja está más sincronizada con otra pareja, más que con una persona soltera. 6. Les gusta estar juntos. \nCada Sábado a la noche no es de vestirse y salir al club. Tú y tu pareja entienden lo que es mimarse viendo una película en casa. 7. La excitación. \nSi aún recuerdas cómo te sentías con el primer beso, esto significa que aún están enamorados. Don't Forget To Watch This Video Loved this? Spread it out then ", "external_links": [], "published": "2016-09-19T10:50:00.000+03:00", "crawled": "2016-10-03T19:37:44.500+03:00", "highlightTitle": ""}