{"organizations": [], "uuid": "7f0a1f4cd8d68f2fb06ac58cfdd468ca05ce24ac", "thread": {"social": {"gplus": {"shares": 0}, "pinterest": {"shares": 0}, "vk": {"shares": 0}, "linkedin": {"shares": 0}, "facebook": {"likes": 0, "shares": 0, "comments": 0}, "stumbledupon": {"shares": 0}}, "site_full": "www.clarin.com", "main_image": "http://images.clarin.com/extrashow/tv/Marcelo-Polino-Pampita_CLAIMA20160930_0327_4.jpg", "site_section": "http://www.clarin.com/rss/extrashow/tv/", "section_title": "Clarin.com - TV", "url": "http://www.clarin.com/extrashow/tv/Marcelo-Polino-revelo-reencuentro-Pampita_0_1660034137.html", "country": "AR", "domain_rank": 1080, "title": "Marcelo Polino reveló cómo fue su reencuentro con Pampita", "performance_score": 0, "site": "clarin.com", "participants_count": 1, "title_full": "Marcelo Polino reveló cómo fue su reencuentro con Pampita", "spam_score": 0.0, "site_type": "news", "published": "2016-10-01T03:00:00.000+03:00", "replies_count": 0, "uuid": "7f0a1f4cd8d68f2fb06ac58cfdd468ca05ce24ac"}, "author": "Clarin.com", "url": "http://www.clarin.com/extrashow/tv/Marcelo-Polino-revelo-reencuentro-Pampita_0_1660034137.html", "ord_in_thread": 0, "title": "Marcelo Polino reveló cómo fue su reencuentro con Pampita", "locations": [], "entities": {"persons": [], "locations": [], "organizations": []}, "highlightText": "", "language": "spanish", "persons": [], "text": "Pampita Ardohain protagonizó uno de los escándalos más fuertes de las últimas semanas en el Bailando, cuando se levantó y se fue del programa tras unas picantes palabras de Marcelo Polino .\nLa jurado, tras varias especulaciones , estuvo anoche nuevamente en su silla para evaluar a los participantes, y Polino reveló en Intrusos cómo fue su reencuentro .\nMirá también: La eliminación de Maradona Jr. y el regreso de Pampita \nA pesar de dejar en claro que es una \"buena compañera\" , que \"llega, saluda a todos y hace su trabajo\", el periodista no tuvo palabras del todo amables con la modelo.\n\"Pampita no es muy comunicativa, y Nicole es muy divertida . Con ella tengo un vínculo más estrecho\", sostuvo, y luego confesó que le dijo a la morocha que le parecía \"una falsa \".", "external_links": [], "published": "2016-10-01T03:00:00.000+03:00", "crawled": "2016-10-01T04:07:07.110+03:00", "highlightTitle": ""}