{"organizations": [], "uuid": "6d4d585ac8a97dc88e05b2432107ad3a8e7568a7", "thread": {"social": {"gplus": {"shares": 0}, "pinterest": {"shares": 0}, "vk": {"shares": 0}, "linkedin": {"shares": 0}, "facebook": {"likes": 173, "shares": 173, "comments": 0}, "stumbledupon": {"shares": 0}}, "site_full": "www.elperiodico.com", "main_image": "http://zetaestaticos.com/cordoba/img/noticias/1/083/1083948_1.jpg", "site_section": "http://zetaestaticos.com/cordoba/rss/ultimahora_es.xml", "section_title": "RSS de última hora - Diario Córdoba", "url": "http://www.elperiodico.com/es/noticias/sociedad/yoshinori-ohsumi-gana-nobel-medicina-investigacion-sobre-autofagia-celulas-5446453", "country": "ES", "domain_rank": 6941, "title": "Yoshinori Ohsumi gana el Nobel de Medicina por su investigación sobre el reciclaje de las células", "performance_score": 1, "site": "elperiodico.com", "participants_count": 1, "title_full": "Yoshinori Ohsumi gana el Nobel de Medicina por su investigación sobre el reciclaje de las células", "spam_score": 0.0, "site_type": "news", "published": "2016-10-03T18:13:00.000+03:00", "replies_count": 0, "uuid": "6d4d585ac8a97dc88e05b2432107ad3a8e7568a7"}, "author": "EL PERIÓDICO", "url": "http://www.elperiodico.com/es/noticias/sociedad/yoshinori-ohsumi-gana-nobel-medicina-investigacion-sobre-autofagia-celulas-5446453", "ord_in_thread": 0, "title": "Yoshinori Ohsumi gana el Nobel de Medicina por su investigación sobre el reciclaje de las células", "locations": [], "entities": {"persons": [], "locations": [], "organizations": []}, "highlightText": "", "language": "spanish", "persons": [], "text": "és Yoshinori Ohsumi ha ganado el Premio Nobel de Medicina 2016 \"por sus descubrimientos en la autofagia\", según ha anunciado el Instituto Karolinska. El galardón está dotado con 933.000 euros. \nón y el reciclaje de las células. El concepto de autofagia celular emergió en la década de 1960. \"Los descubrimientos de Ohsumi han llevado a un nuevo paradigma en nuestro conocimiento sobre cómo las células reciclan su contenido\", ha señalado el Instituto Karolinska. \n\"Sus descubrimientos han abierto la vía para la comprensión de numerosos procesos fisiológicos, como la adaptación [de las células] a la inanición o la respuesta a las infecciones\", ha agregado el Karolinska.", "external_links": [], "published": "2016-10-03T18:13:00.000+03:00", "crawled": "2016-10-03T13:24:28.120+03:00", "highlightTitle": ""}