{"organizations": [], "uuid": "b67f41e5f170f0ab3000281b56e9fd1b196e3be4", "thread": {"social": {"gplus": {"shares": 0}, "pinterest": {"shares": 0}, "vk": {"shares": 0}, "linkedin": {"shares": 0}, "facebook": {"likes": 14, "shares": 14, "comments": 0}, "stumbledupon": {"shares": 0}}, "site_full": "www.elmundo.es", "main_image": "http://estaticos.elmundo.es/assets/multimedia/imagenes/2016/10/02/14754381609576.jpg", "site_section": "http://estaticos.elmundo.es/elmundo/rss/internacional.xml", "section_title": "Internacional // elmundo", "url": "http://www.elmundo.es/internacional/2016/10/03/57f16622ca4741ec1e8b459a.html", "country": "ES", "domain_rank": 623, "title": "Fiasco en la consulta, victoria en la narrativa", "performance_score": 0, "site": "elmundo.es", "participants_count": 1, "title_full": "Fiasco en la consulta, victoria en la narrativa", "spam_score": 0.0, "site_type": "news", "published": "2016-10-03T08:47:00.000+03:00", "replies_count": 0, "uuid": "b67f41e5f170f0ab3000281b56e9fd1b196e3be4"}, "author": "PABLO R. SUANZES", "url": "http://www.elmundo.es/internacional/2016/10/03/57f16622ca4741ec1e8b459a.html", "ord_in_thread": 0, "title": "Fiasco en la consulta, victoria en la narrativa", "locations": [], "entities": {"persons": [], "locations": [], "organizations": []}, "highlightText": "", "language": "spanish", "persons": [], "text": "INTERNACIONAL Fiasco en la consulta, victoria en la narrativa El primer ministro húngaro Viktor Orban, en un mitin en Budapest. LASZLO BALOGH PABLO R. SUANZES Corresponsal Bruselas 03/10/2016 02:47 \nHungría celebro el domingo su esperado referéndum . La pregunta era tramposa, como la misma convocatoria. \"¿Quiere que la Unión Europea pueda decidir sin el consentimiento de la Asamblea Nacional sobre el asentamiento de ciudadanos no húngaros en Hungría?\". Una redacción que apela a la soberanía nacional , como si las decisiones que se toman en Bruselas (el matiz es importante: se toman en Bruselas, pero no lo hace ningún ente abstracto allí establecido y con autoridad supranacional) no fueran el producto de una cesión voluntaria y paulatina. Un texto que invoca a un enemigo exterior doble: el que pretende asentarse, invadir, y el que, cegado por el buenísimo, quiere permitirlo . \nNo hubo quórum pero en realidad la victoria estaba conseguida desde hace muchos meses . Lo de ayer fue sólo la puntilla, la última humillación y desafío a Bruselas y Berlín para dejar claro que la autoridad ya no existe y que la lógica de las últimas décadas en las que los países pequeños dejaban en manos de los grandes las principales cuestiones está completamente muerta. El Gobierno no logró llevar a las urnas al 50% del electorado, lo que deja mal sabor de boca, quita munición al discurso racista y evita algunos conflictos jurídicos . Pero su objetivo, la narrativa nacionalista y populista contra \"las élites\", ha calado a fondo. \nOrban ganó hace más de un año, cuando arrancó una cruzada contra las medidas de ayuda a los refugiados y empezó una escalada de acusaciones y deriva xenófoba sin que nadie le parara los pies. En 2015 sus soflamas generaban indignación. Ahora, son parte del discurso habitual y salvo excepciones esporádicas, y de forma muy prudente, ya ningún Ejecutivo afea en público a Hungría o Eslovaquia discursos y represiones que chocan de lleno con el espíritu y las leyes comunitarias. \nOrban y sus vecinos, los 'halcones' en temas de refugiados, han doblegado a Alemania y a la Comisión, cuyo presidente, en el último discurso sobre el Estado de la UE, tuvo que dar su brazo a torcer. En mayo de 2015 el equipo de Juncker puso encima de la mesa un plan para la acogida de refugiados. Decenas de miles estaban llegando a Grecia e Italia por par, cientos morían en las travesías y los campamentos proliferaban ante la impotencia de Roma y Atenas y la indiferencia absoluta de sus vecinos, antes llamados socios. La Comisión diseñó un sistema para el reparto de los llegados entre los 28 Estados Miembros. Uno que debía ser obligatorio, vinculante. Y Europa del Este se puso en pie de guerra. \nLos miembros del Grupo de Visegrado (Hungría, Polonia, República Checa y Eslovaquia) y Rumania, con Orban como su portavoz más agresivo, dejaron claro que no les gustaba la decisión. Que nadie iba a forzar a sus países a acoger a quienes no querían . Bruselas, lejos de recular, redobló el envite, y tras un verano con cientos de miles de llegadas propuso en septiembre que esas cuota obligatorias subieran hasta 160.000 personas. Y ahora, 12 meses después y sin que Budapest o Viena hayan acogido a una sola de esas personas, se ha rendido y asume que todo el trámite sólo puede ser voluntario. \nEl referendum de Orban no es sobre leyes, sino política . La competencia sobre el tema de asilo está en la UE. Los Tratados (artículos 78 y 80) dejan pocas dudas, y en Budapest lo saben perfectamente. Lo que Orban, lo que Visegrado y algunos otros más quieren es un debate político. La decisión sobre las cuotas se aprobó el año pasado en el Consejo Europeo. No fue por consenso, fue necesaria una votación y una mayoría cualificada y Eslovaquia y la propia Hungría por ejemplo, han llevado la cuestión a la Justicia europea. \nEl debate político lo han llevado a su terreno y la ha jugado les ha salido bien. El mensaje de Orban es bastante sencillo: si un país, en referéndum, se pronuncia, ¿quién es la Unión Europea par intentar oponer lo contrario? La provocación llega tras el referéndum británico, tras ponerse Schengen al borde del precipicio y tras la deriva antirrefugiados de un buen número de países, como Austria o Dinamarca. ¿Quién es nadie para reprocharles que digan que la inmigración es un \"veneno y no una medicina\" y que cada huido de la guerra es una \"amenaza para la seguridad nacional\", salvo que tenga 300.000 euros con lo que comprar su residencia? \nEn Bruselas respiraron un poco anoche , pero saben que la pelota está en su tejado. No hay discurso, no hay narrativa y hasta Merkel se tambalea. No tienen forma de presionar a Orban . Juegan con una mano atada a la espalda y después de dos años de legislatura, están agotados y muy faltos de ideas. Campo abonado para la siguiente consulta y más derrotas.", "external_links": [], "published": "2016-10-03T08:47:00.000+03:00", "crawled": "2016-10-03T03:56:23.560+03:00", "highlightTitle": ""}