{"organizations": [], "uuid": "14611b3e39f5d70ae8cd275d39bce921be6712c9", "thread": {"social": {"gplus": {"shares": 0}, "pinterest": {"shares": 0}, "vk": {"shares": 0}, "linkedin": {"shares": 0}, "facebook": {"likes": 0, "shares": 0, "comments": 0}, "stumbledupon": {"shares": 0}}, "site_full": "www.eldiario.es", "main_image": "http://images.eldiario.es/tenerifeahora/sucesos/Coche-patrulla-Policia-Nacional_EDIIMA20150220_0750_3.jpg", "site_section": "http://www.eldiario.es/rss/section/10624", "section_title": "eldiario.es - Canarias Ahora", "url": "http://www.eldiario.es/canariasahora/sociedad/Detenido-arrojar-ventana-agredir-Policia_0_565543546.html", "country": "ES", "domain_rank": 4291, "title": "Detenido por arrojar una ventana a la calle y agredir a la Policía", "performance_score": 0, "site": "eldiario.es", "participants_count": 1, "title_full": "Detenido por arrojar una ventana a la calle y agredir a la Policía", "spam_score": 0.0, "site_type": "news", "published": "2016-10-03T16:35:00.000+03:00", "replies_count": 0, "uuid": "14611b3e39f5d70ae8cd275d39bce921be6712c9"}, "author": "contacto@eldiario.es (Efe)", "url": "http://www.eldiario.es/canariasahora/sociedad/Detenido-arrojar-ventana-agredir-Policia_0_565543546.html", "ord_in_thread": 0, "title": "Detenido por arrojar una ventana a la calle y agredir a la Policía", "locations": [], "entities": {"persons": [], "locations": [], "organizations": []}, "highlightText": "", "language": "spanish", "persons": [], "text": "sociedad Detenido por arrojar una ventana a la calle y agredir a la Policía \nVecinos del inmueble en el que se encontraba, ubicado en Las Palmas de Gran Canaria, solicitaron la presencia policial debido a su actitud violenta Efe - Las Palmas de Gran Canaria 03/10/2016 - 10:35h - PUBLICIDAD - \nCoche patrulla de la Policía Nacional. La Policía Nacional ha detenido en el barrio de Las Rehoyas de Las Palmas de Gran Canaria a un hombre de 63 años que arrojó una ventana a la vía pública y propinó puñetazos y patadas a los agentes policiales cuando le pidieron que se identificara. Según ha informado este lunes la Jefatura Superior de Policía de Canarias, el detenido, como presunto autor de un delito de atentado a un agente de la autoridad, es M.A.A.M. y cuenta con numerosos antecedentes policiales. La detención del individuo se llevó a cabo después de que vecinos del inmueble solicitaran la presencia policial debido a su actitud violenta, ya que llegó a arrancar una de las ventanas del edificio arrojándola a la vía pública. Los funcionarios policiales que se desplazaron al lugar se entrevistaron con varios vecinos, que facilitaron la ubicación del arrestado, el cual cuando se procedió a que se identificara lanzó varios puñetazos y patadas contra los agentes. Uno de los agentes, que resultó lesionado, fue asistido en un centro de salud de la capital grancanaria por un golpe recibido en la mano. El detenido pasó a disposición de la Autoridad Judicial competente, indica la nota, que precisa que la intervención policial fue llevada a cabo por miembros de la Brigada Provincial de Seguridad Ciudadana de Las Palmas. - PUBLICIDAD -", "external_links": [], "published": "2016-10-03T16:35:00.000+03:00", "crawled": "2016-10-03T11:55:00.159+03:00", "highlightTitle": ""}