{"organizations": [], "uuid": "7713a226181767814008b42a81f3e864e875b47f", "thread": {"social": {"gplus": {"shares": 0}, "pinterest": {"shares": 0}, "vk": {"shares": 0}, "linkedin": {"shares": 0}, "facebook": {"likes": 0, "shares": 0, "comments": 0}, "stumbledupon": {"shares": 0}}, "site_full": "www.eleconomista.es", "main_image": "http://s03.s3c.es/imag/efe/2016/10/03/600x400_20161003-12191265w.jpg", "site_section": "http://www.eleconomista.es/rss/rss-cultura.php", "section_title": "elEconomista  Seleccion", "url": "http://www.eleconomista.es/cultura/noticias/7866233/10/16/El-Teatro-Real-difundira-las-artes-entre-jovenes-y-estudiantes-madrilenos.html", "country": "ES", "domain_rank": 3233, "title": "El Teatro Real difundirá las artes entre jóvenes y estudiantes madrileños", "performance_score": 0, "site": "eleconomista.es", "participants_count": 0, "title_full": "El Teatro Real difundirá las artes entre jóvenes y estudiantes madrileños", "spam_score": 0.0, "site_type": "news", "published": "2016-10-03T22:19:00.000+03:00", "replies_count": 0, "uuid": "7713a226181767814008b42a81f3e864e875b47f"}, "author": "", "url": "http://www.eleconomista.es/cultura/noticias/7866233/10/16/El-Teatro-Real-difundira-las-artes-entre-jovenes-y-estudiantes-madrilenos.html", "ord_in_thread": 0, "title": "El Teatro Real difundirá las artes entre jóvenes y estudiantes madrileños", "locations": [], "entities": {"persons": [], "locations": [], "organizations": []}, "highlightText": "", "language": "spanish", "persons": [], "text": "El Teatro Real difundirá las artes entre jóvenes y estudiantes madrileños 3/10/2016 - 16:19 Madrid. los socialistas madrilenos dan su apoyo a pedro sánchez (30/09) \nMadrid, 3 oct (EFE).- La Comunidad de Madrid y el Teatro Real han firmado hoy un convenio para fomentar las artes, la música y la cultura entre jóvenes y estudiantes de la región con actividades culturales y educativas y participación de los estudiantes de arte dramático, cinematografía, canto, y de los conservatorios de danza y música. \nSegún indica el Gobierno regional en un comunicado, la presidenta regional Cristina Cifuentes y el presidente del Real, Gregorio Marañón han presentado esta iniciativa en un acto que ha tenido lugar en el céntrico teatro, que en la temporada 2016/2017 ha vendido 19.000 abonos. \nLas actividades culturales y pedagógicas de este centro contarán gracias al acuerdo con la participación los alumnos de la ECAM (Escuela de Cinematografía y del Audiovisual de la Comunidad de Madrid), la RESAD (Real Escuela Superior de Arte Dramático), el RCSMM (Real Conservatorio de Música de Madrid), la ESCM (Escuela Superior de Canto de Madrid) y los conservatorios profesionales de música y danza. \nEstos alumnos podrán asistir a ensayos musicales y de escena en la sala, tomarán parte de encuentros profesionales entre alumnos y cantantes, directores musicales y de escena y podrán participar en actividades del departamento pedagógico, según ha detallado Cristina Cifuentes, quien ha calificado el convenio de \"oportunidad única\". \nLos estudiantes también podrán realizar las prácticas externas de sus planes de estudio en el Real. \nAdemás, el convenio firmado también pretende acercar este teatro a los estudiantes de primaria y secundaria de la región mediante actividades culturales entre las que se encuentran la difusión de la ópera, que en su versión infantil (7-12 años) será retransmitida en directo en los colegios en el Día Europeo de la Ópera. \nEl Real también ofrece un programa que usa las enseñanzas artísticas y la música para la asistencia social e inclusión de niños y adolescentes desfavorecidos. \nEl convenio también contempla ventajas económicas y sorteos de entradas para los titulares del Carné Joven de Madrid. PUBLICIDAD Las FARC están dispuestas a \"rectificar\" el acuerdo de paz tras la victoria del … 17:33 Ecodiario.es - Global\nEl jefe máximo de la guerrilla de las FARC, Timoleón Jiménez, abrió este lunes la posibilidad de \"rectificar\" el acuerdo de paz que fue … Los cuatro señalados en el vestuario del Real Madrid tras el empate ante el … 17:33 Ecodiario.es - Fútbol\nEl Real Madrid se dejó puntos en Liga por tercera vez consecutiva, en un empate ante el Eibar que acabó con la pitada del Santiago … El Ayuntamiento de Madrid estudia implantar el SER también en la periferia 17:18 ElEconomista.es - Motor\nLa extensión del Servicio de Estacionamiento Regulado (SER) a puntos de la periferia de la capital vuelve a estar sobre la mesa de trabajo … Auryn dice adiós este domingo con su último concierto en Interpeñas 17:14 Ecodiario.es - Música\nEl grupo Auryn actuará en Interpeñas este domingo, 9 de octubre, a las 21:00 horas, dentro de la programación de las Fiestas del Pilar. … Podemos lanza una ofensiva al PSOE: si se abstiene con Rajoy, retirará sus … 17:08 Ecodiario.es - Política\nPodemos ha puesto en marcha este lunes una ofensiva contra el PSOE, amenazándolo con retirar sus apoyos en aquellas Comunidades donde … Cristiano Ronaldo se encaró con el Santiago Bernabéu tras el Real Madrid-Eibar 16:45 Ecodiario.es - Fútbol\nCristiano Ronaldo abandonó muy enfadado el terreno de juego del Santiago Bernabéu tras el cuarto empate (tercero en Liga) consecutivo del … Un doble atentado kamikaze deja dos muertos y 12 heridos en la ciudad siria de … 16:39 Ecodiario.es - Oriente Medio\nDos personas han muerto y 12 han resultado heridas a causa del doble atentado perpetrado este lunes en la ciudad siria de Hama, controlada … La 'barriga cervecera', el mejor pronosticador de posibles enfermedades del … 16:17 Ecodiario.es - Salud\nEl peso o índice de masa corporal (IMC) ha sido y es uno de los mejores pronosticadores ante una posible enfermedad cardiovascular. Sin … Zinedine Zidane medita un golpe al vestuario del Real Madrid tras la crisis de … 16:05 Ecodiario.es - Fútbol\nZinedine Zidane fue contundente en la rueda de prensa posterior al Real Madrid-Eibar, el cuarto empate consecutivo que dejaba al equipo … Gases lacrimógenos contra pensionistas en una manifestación en Grecia 15:51 Ecodiario.es - Europa\nLas fuerzas de seguridad de Grecia han utilizado gases lacrimógenos para dispersar una manifestación de jubilados que se oponía a los …", "external_links": [], "published": "2016-10-03T22:19:00.000+03:00", "crawled": "2016-10-03T18:54:08.196+03:00", "highlightTitle": ""}