{"organizations": [], "uuid": "09dc60e5b1daf95643cc8b650f83479780664900", "thread": {"social": {"gplus": {"shares": 0}, "pinterest": {"shares": 0}, "vk": {"shares": 0}, "linkedin": {"shares": 0}, "facebook": {"likes": 0, "shares": 0, "comments": 0}, "stumbledupon": {"shares": 0}}, "site_full": "www.coches.net", "main_image": "http://a.ccdn.es/cnet/2016/10/03/32215445/104346044_g.jpg", "site_section": "", "section_title": "", "url": "http://www.coches.net/volkswagen-eos-14-tsi-122cv-excellence-2p-gasolina-2012-en-las_palmas-32215445-covo.aspx", "country": "US", "domain_rank": 6093, "title": "volkswagen eos 1.4 tsi 122cv excellence Gasolina Blanco del 2012 con 98250km en Las Palmas 32215445", "performance_score": 0, "site": "coches.net", "participants_count": 0, "title_full": "volkswagen eos 1.4 tsi 122cv excellence Gasolina Blanco del 2012 con 98250km en Las Palmas 32215445", "spam_score": 0.765, "site_type": "news", "published": "2016-10-03T08:00:00.000+03:00", "replies_count": 0, "uuid": "09dc60e5b1daf95643cc8b650f83479780664900"}, "author": "", "url": "http://www.coches.net/volkswagen-eos-14-tsi-122cv-excellence-2p-gasolina-2012-en-las_palmas-32215445-covo.aspx", "ord_in_thread": 0, "title": "volkswagen eos 1.4 tsi 122cv excellence Gasolina Blanco del 2012 con 98250km en Las Palmas 32215445", "locations": [], "entities": {"persons": [], "locations": [], "organizations": []}, "highlightText": "", "language": "spanish", "persons": [], "text": "Garantía 12 meses (1 año) Comentarios del anunciante \nSomos Mayoristas de Vehículos y disponemos de un amplio Stock en constante renovación. Todos nuestros vehículos se entregan con sus revisiones al día, kilómetros certificado y GARANTIA DE UN AÑO. Financiación 100% de la compra. ASEGURAMOS SU VEHÍCULO A UN PRECIO EXCEPCIONAL. NACIONAL * Caja manual * Elevalunas Eléctricos * Cierre centralizado * Retrovisores Eléctricos * Retrovisores Plegables * Climatizador Bizona * Sensor de Aparcamiento trasero * Cuero * Radio CD * Bluetooth * Entrada USB Y AUX * Volante Multifunción * Sistema Start/Stop * Control de Velocidad y Crucero * Reposa brazos delantero * Paquete Deportivo exterior * Llantas de aleación * Ordenador de abordo Mayor de Vehículos ", "external_links": [], "published": "2016-10-03T08:00:00.000+03:00", "crawled": "2016-10-03T16:03:31.756+03:00", "highlightTitle": ""}