{"organizations": [], "uuid": "9023c3d2c112ce751ac20246b58c718fed0037cd", "thread": {"social": {"gplus": {"shares": 0}, "pinterest": {"shares": 0}, "vk": {"shares": 0}, "linkedin": {"shares": 26}, "facebook": {"likes": 3, "shares": 3, "comments": 0}, "stumbledupon": {"shares": 0}}, "site_full": "www.eleconomista.es", "main_image": "http://s03.s3c.es/imag/_v0/770x420/9/e/1/600x400_talgo-tren-770.jpg", "site_section": "http://www.eleconomista.es/rss/rss-seleccion-ee.php", "section_title": "elEconomista  Seleccion", "url": "http://www.eleconomista.es/empresas-finanzas/noticias/7865811/10/16/Talgo-espera-tener-entre-14-y-16-trenes-en-Arabia-Saudi-antes-de-fin-de-ano.html", "country": "ES", "domain_rank": 3233, "title": "Talgo espera tener entre 14 y 16 trenes en Arabia Saudí antes de fin de año", "performance_score": 0, "site": "eleconomista.es", "participants_count": 0, "title_full": "Talgo espera tener entre 14 y 16 trenes en Arabia Saudí antes de fin de año", "spam_score": 0.0, "site_type": "news", "published": "2016-10-03T20:19:00.000+03:00", "replies_count": 0, "uuid": "9023c3d2c112ce751ac20246b58c718fed0037cd"}, "author": "", "url": "http://www.eleconomista.es/empresas-finanzas/noticias/7865811/10/16/Talgo-espera-tener-entre-14-y-16-trenes-en-Arabia-Saudi-antes-de-fin-de-ano.html", "ord_in_thread": 0, "title": "Talgo espera tener entre 14 y 16 trenes en Arabia Saudí antes de fin de año", "locations": [], "entities": {"persons": [], "locations": [], "organizations": []}, "highlightText": "", "language": "spanish", "persons": [], "text": "Constructoras \nTalgo espera tener a finales de este año entre 14 y 16 trenes en Arabia Saudí de los 36 que fabricará en total para la línea de alta velocidad entre Medina y La Meca y de los que ya ha enviado ocho al país del Golfo Pérsico. \nCon los ocho trenes que ya están en Arabia Saudí ya se están realizando pruebas \"dinámicas\", cada vez con más regularidad, que primero se hacen a una velocidad de 100 kilómetros por hora y, luego, de hasta 300 kilómetros por hora, según fuentes de Talgo. \nEn los tramos más avanzados, como los 5 y 6, se ha llegado a una velocidad de 280 kilómetros por hora e, incluso, a 300 en algunos casos. Talgo ya tiene otros diez trenes terminados, además de 18 unidades más -una de ellas la de lujo para uso personal de la casa real saudí- en fabricación. \nLos trenes para el AVE saudí \"llevan hasta 30 modificaciones para adaptarlos al desierto\", pero eso no quiere decir que es un tren que aporte una dificultad para Talgo, explica el fabricante. \"El cliente pidió trenes con tecnología probada y Talgo tiene 46 de ese modelo corriendo por España\". \"Desertizar\" el tren \nSe han hecho adaptaciones para \"desertizar\" el tren como sopladores de las ruedas para quitar la arena, unos filtros ciclónicos de admisión de aire que si hay arena la expulsa y sólo admite el aire, o unas láminas en las ventanas para las tormentas de arena. \nEl fabricante español está convencido de que las modificaciones que incluyen los trenes destinados al AVE a La Meca \"hacen que no van a tener problemas allí\". \nTalgo ha destacado que para las compañías constructoras españolas, que son líderes mundiales y han hecho obras como la misma alta velocidad ferroviaria en España, con puentes y túneles, el AVE en Arabia Saudí \"no es novedoso ni complejo desde el punto de vista de infraestructuras\", ya que la línea transcurre por un terreno plano y, \"sí, hay arena, pero eso ya se sabía\". Lamenta la mala imagen \nEl fabricante, que asegura que \"es un proyecto que se está desarrollando de manera satisfactoria y tiene muchas bondades\", ha lamentado la mala imagen que se le da dentro de la prensa española, algo que no entiende. \nA nivel de infraestructuras mundiales es un proyecto único, \"no existe nada igual en el mundo\": un AVE en el desierto en un país donde no existe la alta velocidad, que se construye con una colaboración público-privada y una inversión de 6.300 millones de euros, ha destacado la misma fuente. \nEso es \"bastante impresionante\", pero en la prensa \"sólo se ha hablado de retrasos\", que de hecho vienen de una fase anterior, que está en manos de un consorcio chino-saudí, y, a pesar de que las compañías españolas han entrado \"a la cola\", \"llevan su desarrollo absolutamente en tiempo\", ha insistido la fuente. PUBLICIDAD", "external_links": [], "published": "2016-10-03T20:19:00.000+03:00", "crawled": "2016-10-03T15:35:06.075+03:00", "highlightTitle": ""}