{"organizations": [], "uuid": "5bf12725209a30b8ce87b2abe8197478fddcc578", "thread": {"social": {"gplus": {"shares": 0}, "pinterest": {"shares": 0}, "vk": {"shares": 0}, "linkedin": {"shares": 0}, "facebook": {"likes": 0, "shares": 0, "comments": 0}, "stumbledupon": {"shares": 0}}, "site_full": "www.rtve.es", "main_image": "http://img.rtve.es/imagenes/cachitos-hierro-cromo-debut/1475440164378.JPG", "site_section": "", "section_title": "", "url": "http://www.rtve.es/alacarta/videos/cachitos-de-hierro-y-cromo/cachitos-hierro-cromo-debut/3741745/", "country": "ES", "domain_rank": 2246, "title": "Cachitos de hierro y cromo - El Debut, Cachitos de hierro y cromo - RTVE.es A la Carta", "performance_score": 0, "site": "rtve.es", "participants_count": 0, "title_full": "Cachitos de hierro y cromo - El Debut, Cachitos de hierro y cromo - RTVE.es A la Carta", "spam_score": 0.2, "site_type": "news", "published": "2016-10-02T08:00:00.000+03:00", "replies_count": 0, "uuid": "5bf12725209a30b8ce87b2abe8197478fddcc578"}, "author": "", "url": "http://www.rtve.es/alacarta/videos/cachitos-de-hierro-y-cromo/cachitos-hierro-cromo-debut/3741745/", "ord_in_thread": 0, "title": "Cachitos de hierro y cromo - El Debut, Cachitos de hierro y cromo - RTVE.es A la Carta", "locations": [], "entities": {"persons": [], "locations": [], "organizations": []}, "highlightText": "", "language": "spanish", "persons": [], "text": "Bienvenidos a una nueva edición de \"Cachitos de hierro y cromo\". Hoy, estamos entre bambalinas, donde los artistas han esperado expectantes antes de salir al escenario a triunfar o no. A algunos, después, los hemos visto hasta en la sopa, otros no han pasado del debut. Pero siempre ha habido una primera vez ante las cámaras de TVE. Creo que todos los nervios de toda la gente de España entera y del mundo entero se vinieron para mí. Empieza hoy su andadura en el mundo de la canción. Por primera vez en televisión. Es la primera vez que actúan en televisión y en directo. -Pues sí. -En TVE, por primera vez, en directo. Es la primera vez que actúa en TVE. -Es la primera vez que van a actuar en España. Y han encontrado un público maravilloso. Cinco y acción. Ya sea grabado o en directo, pisar por primera vez un plató impone y nos imaginamos que en solitario mucho más. Algunos ya iban con el terreno más allanado porque contaban con un padrino televisivo. Otros ya artisteaban desde hace años y se les notaba las tablas. Y otros más desconocidos dejaban claro su talento impresionando al público y a los mismísimos presentadores. Los Grimm... han incorporado a su conjunto una voz que puede ser esencialmente vital para que cobre mayor fuerza. Se trata de Pablo Abraira. Que en este sentimiento que hay dentro de mí quiero pisar. Está claro que yo no soy Isabel Pantoja. Está claro que yo no soy Isabel Pantoja. A pesar de la peineta, digo. Lo que pasa es que ahora empezamos a superar el tópico. Y no hace falta peineta para decir una canción española como Dios manda. Cartas iban y venían ", "external_links": [], "published": "2016-10-02T08:00:00.000+03:00", "crawled": "2016-10-03T14:32:55.061+03:00", "highlightTitle": ""}