{"organizations": [], "uuid": "2172b1091c7f292003ec2970e51f2fc80963a8a2", "thread": {"social": {"gplus": {"shares": 0}, "pinterest": {"shares": 0}, "vk": {"shares": 0}, "linkedin": {"shares": 0}, "facebook": {"likes": 17, "shares": 17, "comments": 0}, "stumbledupon": {"shares": 0}}, "site_full": "www.biobiochile.cl", "main_image": "http://media.biobiochile.cl/wp-content/uploads/2016/10/agencia-uno-luz.jpg", "site_section": "", "section_title": "", "url": "http://www.biobiochile.cl/noticias/nacional/region-de-los-rios/2016/10/01/servicios-publicos-de-los-rios-se-capacitan-para-ahorrar-energia.shtml", "country": "CL", "domain_rank": 759, "title": "Servicios públicos de Los Ríos se capacitan para ahorrar energía", "performance_score": 0, "site": "biobiochile.cl", "participants_count": 0, "title_full": "Servicios públicos de Los Ríos se capacitan para ahorrar energía", "spam_score": 0.751, "site_type": "news", "published": "2016-10-01T19:54:00.000+03:00", "replies_count": 0, "uuid": "2172b1091c7f292003ec2970e51f2fc80963a8a2"}, "author": "Biobiochile - La Red De Prensa M S Grande De Chile.", "url": "http://www.biobiochile.cl/noticias/nacional/region-de-los-rios/2016/10/01/servicios-publicos-de-los-rios-se-capacitan-para-ahorrar-energia.shtml", "ord_in_thread": 0, "title": "Servicios públicos de Los Ríos se capacitan para ahorrar energía", "locations": [], "entities": {"persons": [], "locations": [], "organizations": []}, "highlightText": "", "language": "spanish", "persons": [], "text": "Servicios públicos de Los Ríos se capacitan para ahorrar energía 0 Visitas Felipe Delgado \nServicios públicos prometen ahorrar hasta $30 mil millones al año en energía luego de plan de gestión de energía y nueva circular de probidad y buen uso de los recursos públicos. Esto por medio de la capacitación a los distintos servicios públicos que realizará la Secretaría Regional Ministerial de Energía. \nEl seremi del ramo, Pablo Díaz, detalló que el programa “Gestiona Energía”, comprende que cada servicio público de Chile deberá designar profesionales para capacitarse en gestión de energía y reportar sus consumos, para luego planificar junto al Ministerio una estrategia de eficiencia energética . \nDíaz detalló que en el marco de la circular de probidad y buen uso de los recursos públicos, se capacitó y comenzarán los planes de ahorro y mejoras en esa materia en cada repartición pública. http://media.biobiochile.cl/wp-content/uploads/2016/10/01fdcunaene.mp3 \nCon la implementación de estas diversas medidas, se espera que el gasto del Estado destinado al pago de servicios energéticos, disminuya entre un 5% y un 15% en los próximos años, tomando sólo el gobierno central. \nEsto significa entre $10.000 millones a $30.000 millones anuales en concepto de pago de cuentas energéticas, recursos que serán redestinados a fortalecer políticas públicas de beneficio ciudadano. ", "external_links": [], "published": "2016-10-01T19:54:00.000+03:00", "crawled": "2016-10-02T12:47:59.896+03:00", "highlightTitle": ""}