{"organizations": [], "uuid": "bd87e6ac609cb816d07a3b7c1ffe8a355c7c5915", "thread": {"social": {"gplus": {"shares": 0}, "pinterest": {"shares": 0}, "vk": {"shares": 0}, "linkedin": {"shares": 0}, "facebook": {"likes": 0, "shares": 0, "comments": 0}, "stumbledupon": {"shares": 0}}, "site_full": "www.eldiario.es", "main_image": "http://images.eldiario.es/politica/Rivera-espanoles-tiempo-merecen-bloqueo_EDIIMA20161002_0001_3.jpg", "site_section": "http://www.eldiario.es/rss/section/1000", "section_title": "eldiario.es - Política", "url": "http://www.eldiario.es/politica/Rivera-espanoles-tiempo-merecen-bloqueo_0_565193476.html", "country": "ES", "domain_rank": 4291, "title": "Rivera: \"los españoles no tienen más tiempo ni merecen más bloqueo\"", "performance_score": 0, "site": "eldiario.es", "participants_count": 1, "title_full": "Rivera: \"los españoles no tienen más tiempo ni merecen más bloqueo\"", "spam_score": 0.0, "site_type": "news", "published": "2016-10-02T08:20:00.000+03:00", "replies_count": 0, "uuid": "bd87e6ac609cb816d07a3b7c1ffe8a355c7c5915"}, "author": "esglobal", "url": "http://www.eldiario.es/politica/Rivera-espanoles-tiempo-merecen-bloqueo_0_565193476.html", "ord_in_thread": 0, "title": "Rivera: \"los españoles no tienen más tiempo ni merecen más bloqueo\"", "locations": [], "entities": {"persons": [], "locations": [], "organizations": []}, "highlightText": "", "language": "spanish", "persons": [], "text": "Así lo ha indicado el líder de la formación naranja en su cuenta de Twitter sin hacer referencia explícita a la dimisión de Sánchez. \"Los españoles no tienen más tiempo ni merecen más bloqueo. Nadie está por delante de España. Solo saldremos adelante con cambios y diálogo\", ha manifestado en el tuit.\nPor su parte, el secretario de Organización del partido naranja, Fran Hervías, también ha publicado un mensaje en su cuenta de Twitter después de que Sánchez haya anunciado su dimisión como líder del PSOE tras haber perdido por 132 votos en contra y 107 a favor la votación que esta noche se ha registrado en el Comité Federal del partido para convocar un congreso extraordinario.\n\"Ninguna silla está por encima de España. Hay que ponerse a trabajar, desde el diálogo y el consenso. Tenemos que poner el país en marcha\", ha indicado Hervías en su tuit.\n- PUBLICIDAD - 02/10/2016 - 00:20h", "external_links": [], "published": "2016-10-02T08:20:00.000+03:00", "crawled": "2016-10-02T02:29:58.862+03:00", "highlightTitle": ""}