{"organizations": [], "uuid": "6f8cb42ae9587708aa2d8c1f35134932d862585c", "thread": {"social": {"gplus": {"shares": 0}, "pinterest": {"shares": 0}, "vk": {"shares": 0}, "linkedin": {"shares": 0}, "facebook": {"likes": 0, "shares": 0, "comments": 0}, "stumbledupon": {"shares": 0}}, "site_full": "ecodiario.eleconomista.es", "main_image": "http://s03.s3c.es/imag/efe/2016/10/01/600x400_20161001-12186911w.jpg", "site_section": "", "section_title": "", "url": "http://ecodiario.eleconomista.es/politica/noticias/7863286/10/16/El-Comite-Federal-votara-en-urna-si-hay-un-congreso-expres-como-pide-Sanchez.html", "country": "US", "domain_rank": 3233, "title": "El Comité Federal votará en urna si hay un congreso exprés como pide Sánchez - EcoDiario.es", "performance_score": 0, "site": "eleconomista.es", "participants_count": 0, "title_full": "El Comité Federal votará en urna si hay un congreso exprés como pide Sánchez - EcoDiario.es", "spam_score": 0.034, "site_type": "news", "published": "2016-10-01T08:00:00.000+03:00", "replies_count": 0, "uuid": "6f8cb42ae9587708aa2d8c1f35134932d862585c"}, "author": "", "url": "http://ecodiario.eleconomista.es/politica/noticias/7863286/10/16/El-Comite-Federal-votara-en-urna-si-hay-un-congreso-expres-como-pide-Sanchez.html", "ord_in_thread": 0, "title": "El Comité Federal votará en urna si hay un congreso exprés como pide Sánchez - EcoDiario.es", "locations": [], "entities": {"persons": [], "locations": [], "organizations": []}, "highlightText": "", "language": "spanish", "persons": [], "text": "El Comité Federal votará en urna si hay un congreso exprés como pide Sánchez 1/10/2016 - 18:16 Madrid Enlaces relacionados Pedro Sánchez llega a Ferraz para asistir al Comité Federal del PSOE (1/10) \nMadrid, 1 oct (EFE).- El Comité Federal del PSOE va a celebrar su su primera votación, cinco horas después de constituirse, para decidir si celebra un congreso extraordinario en noviembre, con primarias el 23 de octubre, como propone el secretario general, Pedro Sánchez, aunque los críticos podrían negarse a participar. \nLa votación se celebrará de forma secreta, mediante urna, según fuentes socialistas, y previsiblemente reflejará la correlación de fuerzas entre los partidarios del secretario general, Pedro Sánchez, y del sector crítico. \nLa decisión de votar la propuesta de la ejecutiva en funciones ha sido de la mesa del Comité Federal -con mayoría 'pedrista'-, lo que ha sublevado a los críticos, que han proferido gritos de \"cobardes\" y \"sinvergüenzas\". Enlaces relacionados ", "external_links": [], "published": "2016-10-01T08:00:00.000+03:00", "crawled": "2016-10-02T04:15:59.007+03:00", "highlightTitle": ""}