{"organizations": [], "uuid": "dd678e612cd62c26ba42be365c44d06c4147a33b", "thread": {"social": {"gplus": {"shares": 0}, "pinterest": {"shares": 0}, "vk": {"shares": 0}, "linkedin": {"shares": 0}, "facebook": {"likes": 0, "shares": 0, "comments": 0}, "stumbledupon": {"shares": 0}}, "site_full": "ecodiario.eleconomista.es", "main_image": "http://s03.s3c.es/imag3/logos/economista/bg-ee-facebook.jpg", "site_section": "", "section_title": "", "url": "http://ecodiario.eleconomista.es/sociedad/noticias/7862221/09/16/En-prision-un-profesor-de-La-SalleMaravillas-de-Madrid-por-un-asunto-relacionado-con-menores.html", "country": "US", "domain_rank": 3233, "title": "En prisión un profesor de La Salle-Maravillas de Madrid por un asunto relacionado con menores - EcoDiario.es", "performance_score": 0, "site": "eleconomista.es", "participants_count": 0, "title_full": "En prisión un profesor de La Salle-Maravillas de Madrid por un asunto relacionado con menores - EcoDiario.es", "spam_score": 0.057, "site_type": "news", "published": "2016-10-01T05:32:00.000+03:00", "replies_count": 0, "uuid": "dd678e612cd62c26ba42be365c44d06c4147a33b"}, "author": "", "url": "http://ecodiario.eleconomista.es/sociedad/noticias/7862221/09/16/En-prision-un-profesor-de-La-SalleMaravillas-de-Madrid-por-un-asunto-relacionado-con-menores.html", "ord_in_thread": 0, "title": "En prisión un profesor de La Salle-Maravillas de Madrid por un asunto relacionado con menores - EcoDiario.es", "locations": [], "entities": {"persons": [], "locations": [], "organizations": []}, "highlightText": "", "language": "spanish", "persons": [], "text": "\nEl profesor Pedro Antonio R.L., excoordinador pedagógico de Primaria del Colegio Maravilla de La Salle, fue detenido ayer y hoy ha ingresado en prisión por un asunto relacionado con menores, han confirmado a Europa Press fuentes judiciales. \nMADRID, 30 (EUROPA PRESS) \nLa dirección del centro escolar religioso ha emitido este viernes un comunicado dirigido a los padres en el que informa de la detención y posterior entrada en prisión provisional del profesor. \n\"Desde la Dirección del Colegio, siguiendo con la voluntad de transparencia que siempre hemos demostrado, queremos informales de una novedad significativa en el asunto que motivó la anterior comunicación. Se trata de la detención e ingreso en prisión provisional del Hermano Pedro Antonio R.M. por orden del Juzgado de Instrucción que está llevando a cabo las diligencias previas correspondientes\", señalan. \nAdemás, aseguran que desde el colegio y desde la Institución de los Hermanos de las Escuelas Cristianas han colaborado con los Cuerpos y Fuerzas de Seguridad del Estado en todo lo que han sido requeridos y que siguen comprometido en ayudar en este asunto. \n\"Seguimos manifestado nuestro compromiso con la defensa de los derechos de los niños y su dignidad, así como la de sus familias. Dicho compromiso es una prioridad en nuestra acción educativa\", han señalado, al tiempo que han trasmitido su \"absoluta y total confianza\" en la labor de la jueces, \"respetando de igual manera el principio de presunción de inocencia del investigado\". \nEl centro La Salle Nuestra Señora de las Maravillas recuerda finalmente que es una institución con más de 300 años de historia \"que ha velado por la educación de los niños y niñas en todo el mundo\". \"Nuestro principal objetivo es y será la formación y la educación de estos, desde la salvaguarda de sus derechos y dignidad\", han concluido. Enlaces relacionados ", "external_links": [], "published": "2016-10-01T05:32:00.000+03:00", "crawled": "2016-10-02T04:20:21.833+03:00", "highlightTitle": ""}