{"organizations": [], "uuid": "5671fac3e7759d6fee56fbfd4165ec3d5689e61e", "thread": {"social": {"gplus": {"shares": 0}, "pinterest": {"shares": 0}, "vk": {"shares": 0}, "linkedin": {"shares": 0}, "facebook": {"likes": 137, "shares": 137, "comments": 0}, "stumbledupon": {"shares": 0}}, "site_full": "www.elmundo.es", "main_image": "http://estaticos.elmundo.es/assets/multimedia/imagenes/2016/10/03/14754789242923.jpg", "site_section": "http://estaticos.elmundo.es/rss/comunidad-valenciana/castellon.xml", "section_title": "Castellón // elmundo", "url": "http://www.elmundo.es/comunidad-valenciana/castellon/2016/10/03/57f20657268e3ebb2a8b4574.html", "country": "ES", "domain_rank": 623, "title": "Arancel a la clementina española en EEUU y exención a Marruecos", "performance_score": 1, "site": "elmundo.es", "participants_count": 1, "title_full": "Arancel a la clementina española en EEUU y exención a Marruecos", "spam_score": 0.0, "site_type": "news", "published": "2016-10-03T16:04:00.000+03:00", "replies_count": 0, "uuid": "5671fac3e7759d6fee56fbfd4165ec3d5689e61e"}, "author": "BERTA RIBÉS", "url": "http://www.elmundo.es/comunidad-valenciana/castellon/2016/10/03/57f20657268e3ebb2a8b4574.html", "ord_in_thread": 0, "title": "Arancel a la clementina española en EEUU y exención a Marruecos", "locations": [], "entities": {"persons": [], "locations": [], "organizations": []}, "highlightText": "", "language": "spanish", "persons": [], "text": "Otros exportadores, como Marruecos o Chile, están exentos Arancel a la clementina española en EEUU y exención a Marruecos y Chile Cajones de clementinas dispuestas para la exportación. EUGENIO TORRES Facebook 03/10/2016 10:04 \n« Las clementinas españolas -con la Comunidad Valenciana como líder en exportación de cítricos - tienen un obstáculo adicional en el mercado estadounidense respecto a sus competidores, dado que las exportaciones españolas pagan un arancel de 1,9 c/kg». Así se detalla en el Informe de Exportación de Clemetinas a Estados Unidos Campaña 2015-2016 elaborado por la Oficina Económica y Comercial de España en Washington. \nEl informe de la Oficina Comercial pone de relevancia cómo frente al pago del arancel por parte de las exportaciones españolas de clementinas, «las ventas de Australia, Canadá, Chile, Israel, Corea del Sur,Marruecos, México y Perú están exentas de este cargo gracias a los Tratados de Libre Comercio firmados con EEUU». \nAdemás, en el informe también se apunta cómo las exportaciones de clementinas españolas a EEUU deben cumplir otras muchas condiciones , entre otras, «la firma de un acuerdo con el servicio de inspección de salud animal y vegetal del departamento de agricultura americano». \nEn total, durante la campaña invernal 2015-2016 (de octubre a marzo), EEUU ha importado 95.936 toneladas de clementinas , frente a las 92.705 toneladas de la pasada campaña, con un valor de 148,57 millones de dólares frente a los 145,08 millones en 2014-2015. \nEspaña, que ya había perdido su posición como líder de exportación en valor en los años anteriores , pierde también ahora el primer puesto de la temporada invernal, con una cuota de 26,95% frente a 40,3% de Marruecos, detalla el informe de la Oficina Comercial. Así las cosas, la participación española se reduce en comparación con la campaña 2013-2014 (39,4%) y con la campaña de 2014-2015 (34,6%). \nLa exportación de clementina española a Estados Unidos en la campaña 2015-2016 (de octubre a marzo) ha sufrido una importante caída por tercer año consecutivo.El decrecimiento fue del 20,3% en valor y del 27,6% en volumen con respecto a la campaña anterior, según los datos de la United States International Trade Commission (USITC). \nSegún los datos de la Secretaría de Estado de Comercio , la campaña ha sido un 28,3% inferior en volumen a la de 2014-2015 (de 32.410 toneladas exportadas a 23.224 toneladas), mientras que en valor ha sido un 17,3% menor (de 32,94 millones de euros, a 27,21 millones). \nEn el informe se apunta que, además del arancel, otra de las causas de la caída de exportación podría ser el tipo de cambio del euro frente al dólar . «En la campaña 2015-2016 un dólar costaba de media 0,909 euros mientras que en la campaña 2014-2015 el tipo de cambio era 0,8409, es decir, los beneficios de los exportadores expresados en euros deberían ser mayores a igualdad de precio pagado. Por lo tanto, «las exportaciones en valor tendrían que caer más según la fuente española que según la americana». No obstante, y tal y como añade el estudio, «los datos demuestran lo contrario, un decrecimiento de valor del 20,3% según USITC.", "external_links": [], "published": "2016-10-03T16:04:00.000+03:00", "crawled": "2016-10-03T11:43:51.703+03:00", "highlightTitle": ""}