{"organizations": [], "uuid": "7b46294792ce8d6efaef14e960649156487d76b9", "thread": {"social": {"gplus": {"shares": 0}, "pinterest": {"shares": 0}, "vk": {"shares": 0}, "linkedin": {"shares": 0}, "facebook": {"likes": 0, "shares": 0, "comments": 0}, "stumbledupon": {"shares": 0}}, "site_full": "www.elperiodico.com", "main_image": "http://estaticos.elperiodico.com/resources/jpg/1/5/grupo-personas-reaccionan-con-jubilo-ante-los-resultados-del-plebiscito-colombia-1475449776351.jpg", "site_section": "http://www.elperiodico.com/es/opinion/", "section_title": "Opinión - Los artículos de opinión más relevantes de la red", "url": "http://www.elperiodico.com/es/noticias/opinion/colombia-paz-por-fuerza-5446493", "country": "ES", "domain_rank": 6941, "title": "Colombia, la paz por la fuerza", "performance_score": 0, "site": "elperiodico.com", "participants_count": 1, "title_full": "Colombia, la paz por la fuerza", "spam_score": 0.841, "site_type": "news", "published": "2016-10-03T03:00:00.000+03:00", "replies_count": 0, "uuid": "7b46294792ce8d6efaef14e960649156487d76b9"}, "author": "Joan Cuenca Mataró     El destí dels impostos dels catalans  \n Jordi Riu Sant Antoni de Vilamajor  \n Participa", "url": "http://www.elperiodico.com/es/noticias/opinion/colombia-paz-por-fuerza-5446493", "ord_in_thread": 0, "title": "Colombia, la paz por la fuerza", "locations": [], "entities": {"persons": [], "locations": [], "organizations": []}, "highlightText": "", "language": "spanish", "persons": [], "text": "Siempre hemos considerado el referéndum como la encarnación absoluta de la democracia: un hombre (una mujer), un voto. Tanto el 'brexit' como el 'no' al acuerdo de paz en Colombia ponen sobre la mesa un grave defecto de fábrica en esa herramienta, tan proclive al uso demagógico. A la hora de la verdad, lo que dirimen las urnas es una lucha entre la realidad (imperfecta por definición) y la promesa de un sueño (manipulable por excelencia). Las fuerzas reaccionarias consiguieron, con gran habilidad, confundir al electorado colombiano diciéndole que con el voto negativo no se posicionaba contra la paz, sino contra «esta» paz, como si en el horizonte hubiera otra posible y más deseable. La redacción de los acuerdos ocupaba más de 250 folios de prolijos detalles, pero el referéndum no apela a un análisis de esa profundidad, sino a un voto emocional. En ese terreno, aunque las encuestas no supieran detectarlo, tenía todas las de ganar la manipulación que asimilaba el acuerdo con una rebaja del orgullo nacional; que trataba como regalo indigno el dinero invertido en desarrollo de la paz; que menospreciaba como amnistía general lo que en realidad era un modelo de justicia transicional.\nMÁS PREGUNTAS QUE OPINIONES En primera instancia, el resultado deja, por puro rigor intelectual, más preguntas que opiniones: ¿Le queda a la paz alguna bala en la recámara? ¿Qué pasa ahora con los puntos del acuerdo que no versaban directamente sobre la paz, sino sobre su gestión posterior? La firma preveía un complejo proceso de reforma agraria, recuperación de tierras, reparación a las víctimas, ocupación profesional para los exguerrilleros. ¿Qué pasa con Santos? El presidente se jugó todo su patrimonio político a la carta de la paz. Tanto él como Timochenko proclaman que no hay vuelta atrás, pero hay quien considera que, perdido el refrendo popular, el acuerdo es insostenible. La única fuerza capaz de imponer la paz es la fuerza de la razón. ¿Qué hace un país con cerca de 7.000 tipos armados cuando ha conseguido sacarlos a la luz y sentarlos a negociar?\nSu contribución a la campaña, por cierto, ha sido más bien pobre: no pidieron perdón formalmente hasta la última semana y solo el día anterior al voto reconocieron que disponen de fondos económicos que podrían destinarse a la restauración. El acuerdo, en uno de sus puntos más polémicos, les garantizaba la participación en el Congreso; ¿el 'no' los manda de vuelta a la jungla? Por último, visto que 6 de cada 10 colombianos decidieron quedarse en casa y que las grandes ciudades optaron por el 'no', al contrario que las zonas rurales y costeñas, que son las más directamente afectadas por el problema: ¿cómo se hace para unir a un país en el que más de la mitad de la población considera ajeno un problema que durante 50 años ha victimizado a más de ocho millones de personas? Como sólo se une desde la igualdad, la negra perspectiva de gastar en armamento todo lo que se iba a invertir en paz se cierne ahora sobre un país partido.\nTEMAS\nColombia FARC ", "external_links": [], "published": "2016-10-03T03:00:00.000+03:00", "crawled": "2016-10-04T14:09:00.818+03:00", "highlightTitle": ""}