{"organizations": [], "uuid": "771d415ba7d73a889fdeb84894aa8441b895a0a0", "thread": {"social": {"gplus": {"shares": 0}, "pinterest": {"shares": 0}, "vk": {"shares": 0}, "linkedin": {"shares": 0}, "facebook": {"likes": 0, "shares": 0, "comments": 0}, "stumbledupon": {"shares": 0}}, "site_full": "hosted.ap.org", "main_image": "", "site_section": "http://hosted.ap.org/dynamic/fronts/NOTICIAS_DEPORTIVAS?SITE=AP&SECTION=HOME", "section_title": "News from The Associated Press", "url": "http://hosted.ap.org/dynamic/stories/D/DEP_BEI_TIGRES_BRAVOS_SPSPT?SITE=AP&SECTION=HOME&TEMPLATE=DEFAULT&CTIME=2016-09-30-23-26-56", "country": "US", "domain_rank": 2032, "title": "Tigres respira gracias a los dos jonrones de Miguel Cabrera", "performance_score": 0, "site": "ap.org", "participants_count": 1, "title_full": "Tigres respira gracias a los dos jonrones de Miguel Cabrera", "spam_score": 0.0, "site_type": "news", "published": "2016-10-01T07:26:00.000+03:00", "replies_count": 0, "uuid": "771d415ba7d73a889fdeb84894aa8441b895a0a0"}, "author": "ap", "url": "http://hosted.ap.org/dynamic/stories/D/DEP_BEI_TIGRES_BRAVOS_SPSPT?SITE=AP&SECTION=HOME&TEMPLATE=DEFAULT&CTIME=2016-09-30-23-26-56", "ord_in_thread": 0, "title": "Tigres respira gracias a los dos jonrones de Miguel Cabrera", "locations": [], "entities": {"persons": [], "locations": [], "organizations": []}, "highlightText": "", "language": "spanish", "persons": [], "text": "ATLANTA (AP) -- El venezolano Miguel Cabrera pegó dos jonrones, Ian Kinsler y Justin Upton también se volaron la barda y los Tigres de Detroit recuperaron terreno en la lucha por la postemporada al vencer el viernes 6-2 a los Bravos de Atlanta.\nLos Tigres ganaron su tercer juego en fila y se acercaron a medio juego de Toronto en la lucha por el segundo comodín de la Liga Americana. Los Azulejos perdieron 5-3 ante Boston.\nLa temporada regular está programada a finalizar el domingo, pero los Tigres tal vez deban jugar después. Su partido ante los Indios de Cleveland fue suspendido por lluvia esta semana y tal vez deban disputar ese encuentro si es que impacta sus posibilidades de postemporada.\nDaniel Norris (4-2) permitió una carrera, cinco hits con dos bases por bolas y ocho ponches en seis innings y dos tercios.\nLos Bravos, en su última serie en Turner Field antes de mudarse a los suburbios del norte de la ciudad la próxima temporada, han ganado 10 de sus últimos 11 partidos. Matt Wisler (7-13) concluyó su actuación luego de que James McCann pegara sencillo productor para colocar la pizarra 5-0.\nPor los Tigres, el venezolano Miguel Cabrera de 5-3 con tres producidas y tres anotadas. El cubano José Iglesias de 3-0. El dominicano Erick Aybar de 1-0.\nPor los Bravos, el cubano Adonis García de 4-1. El venezolano Ender Inciarte de 4-0. El mexicano Daniel Castro de 4-0.\n ", "external_links": ["http://analytics.apnewsregistry.com/analytics/v2/image.svc/AP/RWS/hosted.ap.org/MAI/SP7084-2016-09-30T2326Z/E/prod/AT/A"], "published": "2016-10-01T07:26:00.000+03:00", "crawled": "2016-10-01T06:30:15.377+03:00", "highlightTitle": ""}