{"organizations": [], "uuid": "14b52b713ffab676ad49857b51f3743fdfa7e6fb", "thread": {"social": {"gplus": {"shares": 0}, "pinterest": {"shares": 0}, "vk": {"shares": 0}, "linkedin": {"shares": 0}, "facebook": {"likes": 0, "shares": 0, "comments": 0}, "stumbledupon": {"shares": 0}}, "site_full": "www.milenio.com", "main_image": "http://www.milenio.com/bbtfile/1004_20140630bSJq7B.jpg", "site_section": "http://www.milenio.com/", "section_title": "Milenio Noticias - Diario, TV y Radio online - Grupo Milenio", "url": "http://www.milenio.com/firmas/trascendio_monterrey/Trascendio_18_822697786.html", "country": "US", "domain_rank": 8394, "title": "Trascendió Monterrey", "performance_score": 0, "site": "milenio.com", "participants_count": 2, "title_full": "Trascendió Monterrey - Grupo Milenio", "spam_score": 0.0, "site_type": "news", "published": "2016-10-03T13:10:00.000+03:00", "replies_count": 1, "uuid": "14b52b713ffab676ad49857b51f3743fdfa7e6fb"}, "author": "Trascendió Monterrey", "url": "http://www.milenio.com/firmas/trascendio_monterrey/Trascendio_18_822697786.html", "ord_in_thread": 0, "title": "Trascendió Monterrey", "locations": [], "entities": {"persons": [], "locations": [], "organizations": []}, "highlightText": "", "language": "spanish", "persons": [], "text": ":Que mañana se cumple el primer año del Gobierno independiente de Jaime Rodríguez Calderón y entre la clase política del estado a todos se les cuecen las habas por dar su opinión sobre el tema.\nEl balance va de lo desastroso al voto de confianza, sin muchas variaciones o matices intermedios.\n:Que las aspiraciones presidenciales y el tema del combate a la corrupción, y sus malos resultados serán, sin duda, los tópicos más comentados a partir de este martes y hasta después del Informe el próximo 13 de octubre.\nPero sin duda uno de los temas que más han destacado, es el distanciamiento entre sus colaboradores, pues si bien la cohesión nunca se percibió, cada vez son más las distancias entre los bronquistas y los elizondistas, por lo que la tan mencionada Alianza por la Grandeza de Nuevo León, parece tener sus días contados.\n:Que aunque se habló del mes de octubre como la fecha en la que finalmente los priistas de Nuevo León se reunirían con su líder nacional, a Enrique Ochoa Reza no le corre prisa, pues el término de 100 días que dio para recorrer todos los comités estatales aún no expira.\nSi bien el dirigente estatal César Cavazos Caballero sigue realizando visitas a los distintos comités y sectores tratando de mantener la cohesión, lo cierto es que hay muchos nerviosos entre las filas del tricolor.\n:Que se habla incluso de algunos inquietos que están buscando formar una nueva corriente inspirada en el ideario de Luis Donaldo Colosio .\nLos colosistas sostienen que aún hay algunos muy buenos elementos en el partido que hay que rescatar.\n:Que este lunes, el presidente de la Comisión Estatal Electoral, Mario Alberto Garza , acudirá en compañía de algunos otros comisionados, a entregar una iniciativa de reformas a la Ley Electoral del Estado de Nuevo León.\nIncluso desde antes de las elecciones del 2015, Garza señalaba que la norma fue adaptada al vapor y que se requerían varios cambios para hacerla más operativa y garante de los derechos electorales de partidos, independientes y ciudadanos.\nPor lo pronto, el paquete de reformas llega en un momento bastante complicado, entre el Informe, la Glosa y el Presupuesto para el 2017, por lo que el siguiente paso para todos los integrantes de las CEE será estar insistiendo en su análisis, para que no se quede en la congeladora.", "external_links": [], "published": "2016-10-03T13:10:00.000+03:00", "crawled": "2016-10-04T00:02:51.294+03:00", "highlightTitle": ""}