{"organizations": [], "uuid": "07b3b566afb0bb5df23bf39734ae81b86f0a33e5", "thread": {"social": {"gplus": {"shares": 1}, "pinterest": {"shares": 0}, "vk": {"shares": 0}, "linkedin": {"shares": 0}, "facebook": {"likes": 404, "shares": 404, "comments": 0}, "stumbledupon": {"shares": 0}}, "site_full": "elcomercio.pe", "main_image": "http://cde.3.elcomercio.pe/ima/0/1/4/9/7/1497906.jpg", "site_section": "http://elcomercio.pe/feed/deporte-total/futbol-peruano.xml", "section_title": "", "url": "http://elcomercio.pe/deporte-total/futbol-peruano/universitario-alexi-gomez-estreno-nuevo-look-y-marco-este-gol-video-noticia-1936002", "country": "PE", "domain_rank": 1155, "title": "Universitario: Alexi Gómez estrenó nuevo look y marcó este gol [VIDEO]", "performance_score": 4, "site": "elcomercio.pe", "participants_count": 0, "title_full": "Universitario: Alexi Gómez estrenó nuevo look y marcó este gol [VIDEO]", "spam_score": 0.0, "site_type": "news", "published": "2016-10-03T06:00:00.000+03:00", "replies_count": 0, "uuid": "07b3b566afb0bb5df23bf39734ae81b86f0a33e5"}, "author": "", "url": "http://elcomercio.pe/deporte-total/futbol-peruano/universitario-alexi-gomez-estreno-nuevo-look-y-marco-este-gol-video-noticia-1936002", "ord_in_thread": 0, "title": "Universitario: Alexi Gómez estrenó nuevo look y marcó este gol [VIDEO]", "locations": [], "entities": {"persons": [], "locations": [], "organizations": []}, "highlightText": "", "language": "spanish", "persons": [], "text": "Tabla acumulada: así van las posiciones de las Liguillas A y B \nEl futbolista Alexi Gómez anotó un acrobático gol en el partido entre   y Ayacucho FC. El tanto del jugador crema significó el tercero para los merengues. \nTranscurría el minuto 42' del primer tiempo entre Universitario y Ayacucho. Joaquín Aguirre incursionó por la banda derecha. El atrevimiento del joven fue frenado con la rápida salida del portero Villasanti. \nEl balón rebotó y salió fuera del área grande. Picó justo en el borde del área de Villasanti y, en ese instante, apareció Alexi Gómez . El jugador de Universitario se lanzó en una media tijera y batió la portería de Ayacucho FC. \nLEE TAMBIÉN", "external_links": [], "published": "2016-10-03T06:00:00.000+03:00", "crawled": "2016-10-03T01:06:33.988+03:00", "highlightTitle": ""}