{"organizations": [], "uuid": "2e9d81fef053e89894ef61e12402bf406e8ca008", "thread": {"social": {"gplus": {"shares": 0}, "pinterest": {"shares": 0}, "vk": {"shares": 0}, "linkedin": {"shares": 0}, "facebook": {"likes": 1, "shares": 1, "comments": 0}, "stumbledupon": {"shares": 0}}, "site_full": "www.elmundo.es", "main_image": "http://estaticos.elmundo.es/assets/desktop/master/img/redes-sociales/logoelmundo_rrss.png", "site_section": "http://estaticos.elmundo.es/elmundo/rss/valencia.xml", "section_title": "Comunidad Valenciana // elmundo", "url": "http://www.elmundo.es/comunidad-valenciana/2016/10/01/57eea0bae2704eef518b4647.html", "country": "ES", "domain_rank": 623, "title": "Riesgo de implosión del PSOE", "performance_score": 0, "site": "elmundo.es", "participants_count": 1, "title_full": "Riesgo de implosión del PSOE", "spam_score": 0.0, "site_type": "news", "published": "2016-10-01T15:54:00.000+03:00", "replies_count": 0, "uuid": "2e9d81fef053e89894ef61e12402bf406e8ca008"}, "author": "BENIGNO CAMAÑAS", "url": "http://www.elmundo.es/comunidad-valenciana/2016/10/01/57eea0bae2704eef518b4647.html", "ord_in_thread": 0, "title": "Riesgo de implosión del PSOE", "locations": [], "entities": {"persons": [], "locations": [], "organizations": []}, "highlightText": "", "language": "spanish", "persons": [], "text": "Riesgo de implosión del PSOE do Comentar noticia BENIGNO CAMAÑAS 01/10/2016 09:54 \nRubalcaba logró para el PSOE 110 diputados, el peor resultado de su historia, y dimitió por vergüenza torera. Había tocado fondo. Le sucedió Pedro Sánchez y obtuvo 90 diputados, horadando ese suelo, pero no pasó nada. Intentó formar gobierno pero solo logró el respaldo del esforzado líder de Ciudadanos, Albert Rivera , que es el único que cree en la democracia parlamentaria y la separación de los poderes ejecutivo y legislativo. Fracasó y siguió sin ocurrir nada. Llegaron unas segundas elecciones para la misma legislatura y volvió a perforar su base electoral con 85 diputados. Tampoco sucedió nada. Acaecieron las elecciones gallegas y vascas, y los socialistas menguaron del segundo al tercer y cuarto lugar, respectivamente, superados por las izquierdas populistas. Sánchez lo consideró irrelevante y quiere preguntar a los militantes si permitían que Rajoy formara gobierno. Debe creer que el PSOE es autista. \nSánchez dispara fuegos de artificio, así se queme el PSOE, para no analizar el fracaso de su política. El debate no es Rajoy, sino qué alternativa propone la socialdemocracia para España. Si hay nuevas elecciones les irá peor y por eso dimite más de media ejecutiva, pero él simula que no hay nada relevante. Puede pactar con la izquierda populista y los separatistas, pero no solucionará el problema catalán debiéndoles sus apoyos. Hay que responder a la reducción del déficit exigida por Bruselas, pero es improbable si pacta con Podemos que quiere aumentar el gasto y romper con la UE. No hay salida consensuada salvo un gobierno de independientes con el PP, pero ni se menta. Sánchez no lo plantea porque solo trabaja su supervivencia personal. \nHa abierto en canal su partido, con riesgo de implosión, de desaparición, exigiendo fidelidad y mantener una voz única. Propicia el enfrentamiento interno, para no hablar de los desastres, incluso en federaciones como la valenciana supuestamente tranquilas: Lerma y Ábalos contra Puig y", "external_links": [], "published": "2016-10-01T15:54:00.000+03:00", "crawled": "2016-10-01T11:47:16.185+03:00", "highlightTitle": ""}