{"organizations": [], "uuid": "33d241f1cd5ce192f805d1d65a41d88d2fb61ff0", "thread": {"social": {"gplus": {"shares": 0}, "pinterest": {"shares": 0}, "vk": {"shares": 0}, "linkedin": {"shares": 0}, "facebook": {"likes": 0, "shares": 0, "comments": 0}, "stumbledupon": {"shares": 0}}, "site_full": "www.eleconomista.es", "main_image": "http://s03.s3c.es/imag3/logos/economista/bg-ee-facebook.jpg", "site_section": "http://www.eleconomista.es/rss/rss-espania.php", "section_title": "elEconomista  Seleccion", "url": "http://www.eleconomista.es/espana/noticias/7862809/10/16/La-Junta-destina-108-millones-de-euros-a-la-conservacion-de-carreteras-de-la-red-autonomica-en-la-provincia.html", "country": "ES", "domain_rank": 3233, "title": "La Junta destina 1,08 millones de euros a la conservación de carreteras de la red autonómica en la provincia", "performance_score": 0, "site": "eleconomista.es", "participants_count": 0, "title_full": "La Junta destina 1,08 millones de euros a la conservación de carreteras de la red autonómica en la provincia", "spam_score": 0.0, "site_type": "news", "published": "2016-10-01T17:22:00.000+03:00", "replies_count": 0, "uuid": "33d241f1cd5ce192f805d1d65a41d88d2fb61ff0"}, "author": "", "url": "http://www.eleconomista.es/espana/noticias/7862809/10/16/La-Junta-destina-108-millones-de-euros-a-la-conservacion-de-carreteras-de-la-red-autonomica-en-la-provincia.html", "ord_in_thread": 0, "title": "La Junta destina 1,08 millones de euros a la conservación de carreteras de la red autonómica en la provincia", "locations": [], "entities": {"persons": [], "locations": [], "organizations": []}, "highlightText": "", "language": "spanish", "persons": [], "text": "La Junta destina 1,08 millones de euros a la conservación de carreteras de la red autonómica en la provincia 1/10/2016 - 11:22 Accidentes Enlaces relacionados \nLa Consejería de Fomento y Vivienda ha contratado por 1,08 millones de euros las labores necesarias para el mantenimiento en buen estado de 31 kilómetros de carreteras de la red autonómica en la provincia de Huelva. \nHUELVA, 1 (EUROPA PRESS) \nLa Consejería de Fomento y Vivienda ha contratado por 1,08 millones de euros las labores necesarias para el mantenimiento en buen estado de 31 kilómetros de carreteras de la red autonómica en la provincia de Huelva. \nSegún ha detallado este sábado la Junta en una nota, estos trabajos tendrán una duración de 24 meses e incluyen operaciones de diversa índole adaptándose a las necesidades reales de cada carretera y punto kilométrico. Este contrato para la provincia onubense se engloba en las actuaciones que la Junta ha activado en el resto de Andalucía, por un importe total de 10,7 millones de euros para la conservación de más de 300 kilómetros de carreteras autonómicas. \nLa delegada territorial de Fomento y Vivienda, María José Bejarano, ha explicado que \"Andalucía cuenta con una red de carreteras densa y articulada y la gestión eficaz de ese patrimonio requiere de una labor de mantenimiento permanente para seguir prestando un buen servicio al usuario y garantizar su seguridad\". Por ello, \"la conservación de carreteras es una labor que contribuye a prevenir accidentes y a garantizar la seguridad vial, al tiempo que propicia una mayor comodidad en la conducción en las vías andaluzas\", ha dicho. \nPara acometer estas labores de conservación es necesario evaluar inicialmente el estado de los firmes para determinar las necesidades de actuación. Para ello se analiza, por una parte, el grado de agotamiento estructural y por otra, sus características superficiales. Este estudio previo permite determinar las necesidades en cada provincial y distribuir el presupuesto en función al estado del firme, el número de kilómetros a mejorar, la tipología de la carretera, entre otros factores. \nEl firme de una carretera supone un elemento fundamental de la misma, ya que ha de soportar estructuralmente el paso de los vehículos. Un firme idóneo debe presentar unas características geométricas homogéneas, facilitar la evacuación de agua en la zona de contacto con el neumático, producir el mínimo desgaste en los vehículos y ser poco ruidoso, todo ello para garantizar unos niveles adecuados de seguridad y comodidad para el usuario, según destaca la Junta. \nLas operaciones incluyen la ejecución de diversos tipos de aglomerados asfálticos, aplicación de lechadas bituminosas, sellados de fisuras y grietas, así como fresado de pavimentos. En zonas puntuales de las carreteras que lo necesiten se repondrá o reforzará el balizamiento mediante la colocación de ojos de gato. Además, se ejecutarán marcas sonoras sobre el pavimento para advertencia de la necesidad de moderar la velocidad en aproximaciones a glorietas u otros puntos característicos de la vía que lo precisen. Todas las actuaciones finalizan con la ejecución de la pre-señalización y posterior pintado de las marcas viales. \nRED AUTONÓMICA DE CARRETERAS \nSegún remarca la Junta, la Red Autonómica de Carreteras --formada por un total de 10.416 kilómetros-- constituye \"un patrimonio de primera magnitud cuya conservación es prioritaria para garantizar su buen estado y unas condiciones que óptimas para la seguridad vial y la confortabilidad en la conducción\". \nEstas actuaciones tiene como objetivo \"evitar el deterioro de estas infraestructuras viarias, ya que sería muy negativo por el incremento de costes diversos como los relacionados con la accidentalidad, el medio ambiente o daños ocasionados en los vehículos\". \nPara contrarrestar el deterioro normal de sus condiciones iniciales a lo largo de su vida útil, se desarrollan actuaciones programadas que permiten \"mejorar aquellos aspectos que con el paso de tiempo y la aprobación de nueva normativa queden obsoletos\". PUBLICIDAD", "external_links": [], "published": "2016-10-01T17:22:00.000+03:00", "crawled": "2016-10-01T12:36:47.557+03:00", "highlightTitle": ""}