{"organizations": [], "uuid": "ba7736aead75b6531d2dc2cb2835d8a9082a111d", "thread": {"social": {"gplus": {"shares": 0}, "pinterest": {"shares": 0}, "vk": {"shares": 0}, "linkedin": {"shares": 0}, "facebook": {"likes": 0, "shares": 0, "comments": 0}, "stumbledupon": {"shares": 0}}, "site_full": "www.meneame.net", "main_image": "//mnmstatic.net/img/mnm/logo-350x350.png", "site_section": "http://meneame.net//comments_rss", "section_title": "Menéame: comentarios", "url": "https://www.meneame.net/m/actualidad/fernandez-admite-tendran-asumir-desgaste-dejar-gobernar-rajoy", "country": "IE", "domain_rank": 8316, "title": "#2 Fernandez admite que tendrán que “asumir el desgaste” de dejar gobernar a Rajoy", "performance_score": 0, "site": "meneame.net", "participants_count": 1, "title_full": "#2 Fernandez admite que tendrán que “asumir el desgaste” de dejar gobernar a Rajoy", "spam_score": 0.0, "site_type": "news", "published": "2016-10-03T23:39:00.000+03:00", "replies_count": 0, "uuid": "ba7736aead75b6531d2dc2cb2835d8a9082a111d"}, "author": "Robus", "url": "https://www.meneame.net/m/actualidad/fernandez-admite-tendran-asumir-desgaste-dejar-gobernar-rajoy", "ord_in_thread": 0, "title": "#2 Fernandez admite que tendrán que “asumir el desgaste” de dejar gobernar a Rajoy", "locations": [], "entities": {"persons": [], "locations": [], "organizations": []}, "highlightText": "", "language": "spanish", "persons": [], "text": "por ClaraBernardo a cuartopoder.es enviado: ____ El presidente de la gestora del PSOE, Javier Fernández, ha reconocido que “va a haber que asumir el desgaste” de dejar gobernar a Mariano Rajoy, y ha argumentado que “la peor de las soluciones” para el PSOE y para España es ir a elecciones. En su primera comparecencia ante los medios de comunicación ha anunciado que convocará a los secretarios generales de las distintas federaciones para “unificar posiciones” y ha dicho que si Rajoy le llama hablará y se reunirá con él.", "external_links": [], "published": "2016-10-03T23:39:00.000+03:00", "crawled": "2016-10-03T18:56:08.123+03:00", "highlightTitle": ""}