{"organizations": [], "uuid": "cf6564e74aff8ed39ea77ba7d61a329cd5f0d985", "thread": {"social": {"gplus": {"shares": 0}, "pinterest": {"shares": 0}, "vk": {"shares": 0}, "linkedin": {"shares": 0}, "facebook": {"likes": 0, "shares": 0, "comments": 0}, "stumbledupon": {"shares": 0}}, "site_full": "www.lanacion.com.ar", "main_image": "http://bucket.glanacion.com/anexos/fotos/43/2277243.jpg", "site_section": "http://www.lanacion.com.ar/", "section_title": "Video, LN+, Proceso de paz en Colombia - LA NACION", "url": "http://www.lanacion.com.ar/1942169-hugo-sconochini-dice-que-manu-ginobili-era-batman-mucho-antes-de-llegar-a-la-nba", "country": "AR", "domain_rank": 1177, "title": "Con una anécdota casera, Hugo Sconochini reveló que Manu Ginóbili era \"Batman\" mucho antes de llegar a la NBA", "performance_score": 0, "site": "lanacion.com.ar", "participants_count": 1, "title_full": "Con una anécdota casera, Hugo Sconochini reveló que Manu Ginóbili era \"Batman\" mucho antes de llegar a la NBA - 03.10.2016 - LA NACION", "spam_score": 0.009, "site_type": "news", "published": "2016-10-03T03:00:00.000+03:00", "replies_count": 0, "uuid": "cf6564e74aff8ed39ea77ba7d61a329cd5f0d985"}, "author": "lanacion", "url": "http://www.lanacion.com.ar/1942169-hugo-sconochini-dice-que-manu-ginobili-era-batman-mucho-antes-de-llegar-a-la-nba", "ord_in_thread": 0, "title": "Con una anécdota casera, Hugo Sconochini reveló que Manu Ginóbili era \"Batman\" mucho antes de llegar a la NBA", "locations": [], "entities": {"persons": [], "locations": [], "organizations": []}, "highlightText": "", "language": "spanish", "persons": [], "text": "0 Emanuel Ginóbili, el más chico de tres hermanos, vecino de un club de básquet, hizo picar la pelota en las baldosas de la cocina de su casa cuando todavía iba al jardín. Su esfuerzo, tenacidad, enfoque y pasión lo llevaron hasta la cima. Durante años no fue ni suficientemente alto ni suficientemente extraordinario para captar la atención de entrenadores y scouters. Pero siempre fue distinto. Y de esta materia están hechas las grandes historias para ser contadas: de la materia de los sueños que solo con perseverancia y trabajo se hacen realidad.\n\" Manu es el principio de todo en el básquetbol argentino\". Así lo valora Diego Maradona en el prólogo de \"Manu, El Héroe\", un libro de reciente aparición escrito por Diego Morini, periodista del diario LA NACION. El recorrido de la obra confirma la palabra del Diez. La historia del básquetbol nacional es larga pero no fue hasta que floreció la Generación Dorada que explotó en popularidad y alcanzó la épica, con Ginóbili como ícono. Tanto que hasta lo llegaron a bautizar Batman, después de atrapar un murciélago durante un partido en la NBA .\n\"Manu, El Héroe\" recorre una vida inspiradora. En la que su familia y grandes figuras del deporte ayudan a contarla. Y Hugo Sconochini es quien reveló que Ginóbili tenía los atributos de Batman mucho antes de llegar a la NBA: \"Una noche en mi casa, en Italia, nos juntamos a cenar. Estaba mi esposa, la esposa de Manu y amigos míos. Todos nos quedamos paralizados, porque estábamos mirando la tele y se metió un murciélago por la ventana. Fue un momento en el que todos estaban impactados y nadie se animaba a agarrarlo. Manu, sin sobresaltarse demasiado, agarró un almohadón y le dio de pleno. Lo que hizo en la NBA yo ya lo había visto en mi casa\". El recuerdo de Hugo Sconocchini, que fue compañero de Manu Ginóbili, en Kinder Bologna, ayuda a comprender por qué en el 2009 el bahiense fue bautizado como Batman.\nEs que en la noche de Halloween, el 31 de octubre de 2009, Ginóbili también tuvo reflejos para capturar un murciélago que ingresó inesperadamente en el AT&T Center y obligó a interrumpir el juego. Resultó una de las historias más recordadas en los Spurs, porque Manu estiró como un felino su mano izquierda para cazarlo . Y lo logró, tanto que terminó por dárselo a una persona de mantenimiento que intentaba hacer lo mismo con un cazamariposas. Aquella noche el estadio completo ovacionó al bahiense que atrapó al murciélago en pleno vuelo y por los parlantes del estadio se escuchó la canción de Batman. \"Cuando me retire, ya tengo trabajo... ¡Cazador de murciélagos!\", había bromeado entonces Ginóbili en su cuenta de Facebook.\nHasta Popovich hablaba de aquel suceso así: \"Nunca deja de sorprenderme y lo consiguió de nuevo. Su leyenda crece. Es increíble que se diese en la noche de Halloween. Si alguien te cuenta lo que pasó y no lo viste, lo más probable es que le digas que es un mentiroso. Nosotros estábamos ahí y lo vimos en el campo\".\npl/ae\nEn esta nota: Diego Maradona NBA Manu Ginóbili", "external_links": ["http://twitter.com/share?text=Con", "http://www.facebook.com/sharer.php?s=100&u=http://www.lanacion.com.ar/1942169", "http://bucket1.glanacion.com/anexos/fotos/30/generacion-dorada-2277230w620.jpg", "http://bucket1.glanacion.com/anexos/fotos/29/generacion-dorada-2277229w280.png", "https://www.youtube.com/embed/4b2tEeV2QrA", "https://plus.google.com/share?url=http://www.lanacion.com.ar/1942169", "http://zor.livefyre.com/wjs/v1.0/javascripts/CommentCount.js"], "published": "2016-10-03T03:00:00.000+03:00", "crawled": "2016-10-03T16:01:50.861+03:00", "highlightTitle": ""}