{"organizations": [], "uuid": "9449a3afc0f3f834241856fe9f18bcfba6256d02", "thread": {"social": {"gplus": {"shares": 1}, "pinterest": {"shares": 0}, "vk": {"shares": 0}, "linkedin": {"shares": 0}, "facebook": {"likes": 370, "shares": 370, "comments": 0}, "stumbledupon": {"shares": 0}}, "site_full": "www.marca.com", "main_image": "http://e00-marca.uecdn.es/assets/multimedia/imagenes/2016/10/03/14754856278975.jpg", "site_section": "http://e03-marca.uecdn.es/rss/motor.xml", "section_title": "Motor // marca", "url": "http://www.marca.com/motor/formula1/gp-malasia/2016/10/03/57f21fcd22601d773a8b45b8.html", "country": "ES", "domain_rank": 504, "title": "De la Rosa: \"Alonso es el mejor de todos los tiempos\"", "performance_score": 3, "site": "marca.com", "participants_count": 1, "title_full": "De la Rosa: \"Alonso es el mejor de todos los tiempos\"", "spam_score": 0.0, "site_type": "news", "published": "2016-10-03T17:11:00.000+03:00", "replies_count": 0, "uuid": "9449a3afc0f3f834241856fe9f18bcfba6256d02"}, "author": "marca.com", "url": "http://www.marca.com/motor/formula1/gp-malasia/2016/10/03/57f21fcd22601d773a8b45b8.html", "ord_in_thread": 0, "title": "De la Rosa: \"Alonso es el mejor de todos los tiempos\"", "locations": [], "entities": {"persons": [], "locations": [], "organizations": []}, "highlightText": "", "language": "spanish", "persons": [], "text": "#155 04.oct.2016 | 01:26 \n@trullorons0 Interpretación a tu gusto, yo lo interpreto de otra manera, Vettel y Hamilton tuvieron dos bólidos para hacer pole muy fácil, lo cual es una ventaja para ganar, Fernando no necesita poles para ganar, la F1 no es una vuelta, un piloto no se mide por lo que hace en calificación, se mide por muchas circunstancias, Fernando es mucho mejor piloto que Hamilton y Vettel, por que cuando tuvo un coche COMPETITIVO, ganó dos títulos, se quedó a un punto de Kimi para ganar un tercero, y luchó dos títulos más hasta el último gran premio, cuando Vettel y Hamilton tuvieron un coche COMPETITIVO, no se les vió el pelo, solo cuando tuvieron un coche muy dominante ganaron, y aún asi Vettel casi pierde dos de esos títulos, y", "external_links": [], "published": "2016-10-03T17:11:00.000+03:00", "crawled": "2016-10-04T07:28:53.492+03:00", "highlightTitle": ""}