{"organizations": [], "uuid": "e442424ed01c6c617b46f5b76307c9423dbb0fe5", "thread": {"social": {"gplus": {"shares": 0}, "pinterest": {"shares": 0}, "vk": {"shares": 0}, "linkedin": {"shares": 0}, "facebook": {"likes": 0, "shares": 0, "comments": 0}, "stumbledupon": {"shares": 0}}, "site_full": "www.coches.net", "main_image": "http://a.ccdn.es/cnet/2016/10/02/32211277/104293567_g.jpg", "site_section": "", "section_title": "", "url": "http://www.coches.net/nissan-terrano-30di-sport-5p-5p-diesel-2003-en-navarra-32211277-covo.aspx", "country": "US", "domain_rank": 6093, "title": "nissan terrano 4x4 3.0di sport 5p Diesel de color Gris / Plata del año 2003 con 179000km en Navarra 32211277", "performance_score": 0, "site": "coches.net", "participants_count": 0, "title_full": "nissan terrano 4x4 3.0di sport 5p Diesel de color Gris / Plata del año 2003 con 179000km en Navarra 32211277", "spam_score": 0.002, "site_type": "news", "published": "2016-10-02T08:00:00.000+03:00", "replies_count": 0, "uuid": "e442424ed01c6c617b46f5b76307c9423dbb0fe5"}, "author": "", "url": "http://www.coches.net/nissan-terrano-30di-sport-5p-5p-diesel-2003-en-navarra-32211277-covo.aspx", "ord_in_thread": 0, "title": "nissan terrano 4x4 3.0di sport 5p Diesel de color Gris / Plata del año 2003 con 179000km en Navarra 32211277", "locations": [], "entities": {"persons": [], "locations": [], "organizations": []}, "highlightText": "", "language": "spanish", "persons": [], "text": "Garantía 12 meses (1 año) Comentarios del anunciante \nVehiculo en buen estado, mantenimientos al dia, libro de revisiones, motor 3.0 Di 154 cv, 7 plazas, lunas tintadas, bola de remolque, estribos laterales, defensa delantera todo homologado, KILOMETROS DEMOSTRABLES!!! GARANTIA UN AÑO. Se acepta vehículo como parte de pago. IRURI MOTOR, desde 1971, ESPECIALISTAS EN 4X4, GRAN VARIEDAD DE VEHICULOS. COMPRAMOS SU 4X4 Equipamiento extra ", "external_links": [], "published": "2016-10-02T08:00:00.000+03:00", "crawled": "2016-10-02T14:02:34.228+03:00", "highlightTitle": ""}