{"organizations": [], "uuid": "b4f532f041cd1c7bbb03484be28576046b557b21", "thread": {"social": {"gplus": {"shares": 0}, "pinterest": {"shares": 0}, "vk": {"shares": 0}, "linkedin": {"shares": 0}, "facebook": {"likes": 57, "shares": 57, "comments": 0}, "stumbledupon": {"shares": 0}}, "site_full": "www.laprensagrafica.com", "main_image": "http://az367282.vo.msecnd.net/gsiroot/mmediafiles/lpg/21/21458bfc-239f-4c7b-aed8-c34b49269ad0_XXLW.jpg", "site_section": "http://www.laprensagrafica.com/Generales/RSS.aspx?rss=Portada", "section_title": "La Prensa Grafica - Portada", "url": "http://www.laprensagrafica.com/2016/09/30/cinco-curiosidades-de-la-actriz-francesa-marion-cotillard", "country": "US", "domain_rank": 3044, "title": "Cinco curiosidades de la actriz francesa Marion Cotillard", "performance_score": 0, "site": "laprensagrafica.com", "participants_count": 0, "title_full": "Cinco curiosidades de la actriz francesa Marion Cotillard", "spam_score": 0.0, "site_type": "news", "published": "2016-10-01T05:38:00.000+03:00", "replies_count": 0, "uuid": "b4f532f041cd1c7bbb03484be28576046b557b21"}, "author": "", "url": "http://www.laprensagrafica.com/2016/09/30/cinco-curiosidades-de-la-actriz-francesa-marion-cotillard", "ord_in_thread": 0, "title": "Cinco curiosidades de la actriz francesa Marion Cotillard", "locations": [], "entities": {"persons": [], "locations": [], "organizations": []}, "highlightText": "", "language": "spanish", "persons": [], "text": "Cinco curiosidades de la actriz francesa Marion Cotillard Espectáculos Espectáculos Foto tomada de Internet La intérprete celebra hoy su cumpleaños más polémico, debido a que se le vinculó al divorcio de Brad Pitt y Angelina Jolie.   15:38 / Óscar González Archivado en actriz Brad Pitt Cumpleaños Marion Cotillard Peliculas rumores La ganadora de un Oscar Marion Cotillard llegó este día a los 41 años. Nació un 30 de septiembre de 1975 en París, Francia. Su debut fue en la serie de televisión “Étude sur le Mouvement”, en la que realizó un papel secundario en 1993. Es conocida por cintas como “La vie en rose” (2007), “Inception” (2010), “Rust and bone” (2012) y “El caballero de la noche asciende” (2012). Recientemente, estuvo en el centro de atención, pero no por su trabajo, sino porque se señaló como la causa principal de la ruptura entre Brad Pitt y Angelina Jolie. Ella lo negó. Hoy destacamos cinco curiosidades de esta actriz. 1. Si no fuera actriz, ella hubiera elegido ser cantante. 2. Es ecologista. Desde 2002 es miembro y vocera de Greenpeace. 3. Sus grupos o cantantes predilectos son David Bowie, Janis Joplin, The rolling stones, The Beatles, Otis Reding, Radiohead y Elvis Presley. 4. Es una gran fan de “Game of Thrones” y de la sitcom británica “Absolutely Fabulous”. 5. En 2010, diseñó su propia muñeca para la campaña francesa de Unicef, Les Frimousses Font Leur Cinéma. Más leidos", "external_links": [], "published": "2016-10-01T05:38:00.000+03:00", "crawled": "2016-10-01T01:45:19.336+03:00", "highlightTitle": ""}