{"organizations": [], "uuid": "407e012093d98f9f921a371d64aca30472d852ad", "thread": {"social": {"gplus": {"shares": 0}, "pinterest": {"shares": 0}, "vk": {"shares": 0}, "linkedin": {"shares": 0}, "facebook": {"likes": 0, "shares": 0, "comments": 0}, "stumbledupon": {"shares": 0}}, "site_full": "noticiaaldia.com", "main_image": "", "site_section": "", "section_title": "", "url": "http://noticiaaldia.com/2016/10/pasaron-30-anos-para-que-una-negra-ganara-el-miss-brasil/", "country": "US", "domain_rank": 6977, "title": "Pasaron 30 años para que una negra ganara el Miss Brasil", "performance_score": 0, "site": "noticiaaldia.com", "participants_count": 0, "title_full": "Pasaron 30 años para que una negra ganara el Miss Brasil", "spam_score": 0.2, "site_type": "news", "published": "2016-10-04T04:20:00.000+03:00", "replies_count": 0, "uuid": "407e012093d98f9f921a371d64aca30472d852ad"}, "author": "Noticia Al Dia", "url": "http://noticiaaldia.com/2016/10/pasaron-30-anos-para-que-una-negra-ganara-el-miss-brasil/", "ord_in_thread": 0, "title": "Pasaron 30 años para que una negra ganara el Miss Brasil", "locations": [], "entities": {"persons": [], "locations": [], "organizations": []}, "highlightText": "", "language": "spanish", "persons": [], "text": "Pasaron 30 años para que una negra ganara el Miss Brasil Hacía 30 años que una mujer negra no ganaba el título de la mujer más bella de la tierra de la samba. La joven Raissa Santana, quien representó al estado de Paraná, se convirtió el pasado sábado en Miss Brasil 2016 y obtuvo el derecho de representar a ese país en Miss Universo 2016 que se realizará en enero de 2017 en Filipinas. Santana, de 21 años y estudiante de comercio, es la segunda fémina afrodescendiente en llevarse la anhelada corona. La primera fue Deise Nunes en 1986. Curiosamente en esta edición del certamen, participó una mayor cantidad de candidatas afrobrasileñas, siendo seis las que lucharon por el título de belleza. Raissa obtuvo primero la banda de Miss Umuarama y después ganó Miss Paraná, esto le dio el pase para entrar al certamen nacional. Desde ese momento, era la favorita de muchos expertos en certámenes de belleza para alzarse con el galardón. La corona fue entregada por Marthina Brandt, Miss Brasil 2015 y semifinalista en Miss Universo 2015. En los últimos cinco años, las brasileñas han logrado posicionarse entre el grupo de semifinalistas de Miss Universo. En los concursos de 2011, 2012 y 2013 se colocaron entre las cinco finalistas. Raissa ya es una de las grandes favoritas para Miss Universo 2016 junto a delegadas como: Venezuela, Indonesia, Rusia, Colombia, México, República Eslovaca, Francia, Panamá, Perú, Tailandia y Filipinas. Metro.com ", "external_links": [], "published": "2016-10-04T04:20:00.000+03:00", "crawled": "2016-10-03T23:21:21.980+03:00", "highlightTitle": ""}