{"organizations": [], "uuid": "a81572dfaefd491ff1151b54e5074112db200ad3", "thread": {"social": {"gplus": {"shares": 0}, "pinterest": {"shares": 0}, "vk": {"shares": 0}, "linkedin": {"shares": 0}, "facebook": {"likes": 0, "shares": 0, "comments": 0}, "stumbledupon": {"shares": 0}}, "site_full": "depor.com", "main_image": "http://cde.3.depor.pe/ima/0/0/3/6/5/365067.jpg", "site_section": "http://depor.pe//feed", "section_title": "Depor", "url": "http://depor.com/futbol-internacional/claudio-pizarro-esta-cumpleanos-20-fotos-sus-inicios-pesquero-hasta-hoy-1081446", "country": "PE", "domain_rank": 8164, "title": "Pizarro está de cumpleaños: 21 fotos de sus inicios en Pesquero hasta hoy", "performance_score": 0, "site": "depor.com", "participants_count": 0, "title_full": "Pizarro está de cumpleaños: 21 fotos de sus inicios en Pesquero hasta hoy", "spam_score": 0.0, "site_type": "news", "published": "2016-10-03T22:20:00.000+03:00", "replies_count": 0, "uuid": "a81572dfaefd491ff1151b54e5074112db200ad3"}, "author": "", "url": "http://depor.com/futbol-internacional/claudio-pizarro-esta-cumpleanos-20-fotos-sus-inicios-pesquero-hasta-hoy-1081446", "ord_in_thread": 0, "title": "Pizarro está de cumpleaños: 21 fotos de sus inicios en Pesquero hasta hoy", "locations": [], "entities": {"persons": [], "locations": [], "organizations": []}, "highlightText": "", "language": "spanish", "persons": [], "text": "Claudio Pizarro \nClaudio Pizarro está de fiesta. Si bien es cierto que no fue convocado a la Selección Peruana para las fechas 9 y 10 de Eliminatorias Rusia, el popular Bombardero cumple hoy 38 años de edad (nació un 3 de octubre de 1978). \n► Cristiano Ronaldo hizo de recogebolas en debut de su hijo con Pozuelo \nSu debut en el mundo del fútbol se dio en 1996 en Deportivo Pesquero. Tras su buen paso en el cuadro chimbotano, fue fichado por Alianza Lima donde a base de goles se volvió titular indiscutible en el cuadro blanquiazul (28 tantos). \nFue así que en 1999, Werder Bremen puso sus ojos sobre Pizarro . Fueron dos años los que estuvo en los Lagartos en su primera etapa y luego se fue al Bayern Munich. Ganó la Bundesliga y Supercopa, y también compartió vestuario con otro peruano: Paolo Guerrero. \nEn 2007 llegó al Chelsea de José Mourinho, pero no tuvo éxito ya que jugó poco y marcó solo tres goles. Luego volvió al elenco del Bremen, para más tarde hacer lo mismo con los bávaros. Ahora vive su tercer ciclo en el elenco verdiblanco de Alexander Nouri. \nA lo largo de su carrera profesional, marcó 309 goles en 707 partidos oficiales. Si bien es cierto que es el peruano más exitoso en el deporte rey, aún sigue con la espina clavada de reeditar sus buenas actuaciones en el exterior con la Selección Peruana.", "external_links": [], "published": "2016-10-03T22:20:00.000+03:00", "crawled": "2016-10-03T17:23:42.426+03:00", "highlightTitle": ""}