{"organizations": [], "uuid": "f06d85b5747df4337f778c26b8b6ab045a822382", "thread": {"social": {"gplus": {"shares": 0}, "pinterest": {"shares": 0}, "vk": {"shares": 0}, "linkedin": {"shares": 0}, "facebook": {"likes": 10, "shares": 10, "comments": 0}, "stumbledupon": {"shares": 0}}, "site_full": "www.lapatilla.com", "main_image": "http://www.lapatilla.com/site/wp-content/uploads/2016/10-02/dbfe551c00104675ae9b4d7114324e3c.jpg", "site_section": "http://lapatilla.com/site/?feed=rss2", "section_title": "LaPatilla.com", "url": "http://www.lapatilla.com/site/2016/10/02/colombianos-en-zulia-votan-por-el-plebiscito/", "country": "EU", "domain_rank": 1008, "title": "Colombianos en Zulia votan por el plebiscito", "performance_score": 0, "site": "lapatilla.com", "participants_count": 1, "title_full": "Colombianos en Zulia votan por el plebiscito", "spam_score": 0.0, "site_type": "news", "published": "2016-10-03T00:08:00.000+03:00", "replies_count": 0, "uuid": "f06d85b5747df4337f778c26b8b6ab045a822382"}, "author": "DM", "url": "http://www.lapatilla.com/site/2016/10/02/colombianos-en-zulia-votan-por-el-plebiscito/", "ord_in_thread": 0, "title": "Colombianos en Zulia votan por el plebiscito", "locations": [], "entities": {"persons": [], "locations": [], "organizations": []}, "highlightText": "", "language": "spanish", "persons": [], "text": "Colombianos en Zulia votan por el plebiscito Oct 2, 2016 12:08 pm Foto: Panorama \n\nLos colombianos residentes en el estado Zulia acudieron masivamente a las urnas para participar en la consulta popular para el plebiscito sobre el acuerdo de paz con la guerrilla FARC. \nCon información de Globovisión \nAlrededor de la 8 de la mañana de este domingo inició el proceso en la entidad. \nEl corresponsal de Globovisión en Zulia, Carlos Caldera, reportó que el proceso refrendario transcurre sin contratiempos. Además dijo que se estima que los centros de votación cierren a las 4.00 pm. \nPara este proceso se habilitaron 35 mesas de votación en la Plaza de Toros de Maracaibo. \n24.080 ciudadanos en Zulia fueron convocados a votar en tres centros: en la Plaza de Toros de Maracaibo, en el Palacio de Combates de San Francisco y en el municipio Cabimas. Loading...", "external_links": [], "published": "2016-10-03T00:08:00.000+03:00", "crawled": "2016-10-02T19:40:33.093+03:00", "highlightTitle": ""}