{"organizations": [], "uuid": "ecab581e92114681b6908f227a02ca88c1793053", "thread": {"social": {"gplus": {"shares": 0}, "pinterest": {"shares": 0}, "vk": {"shares": 0}, "linkedin": {"shares": 0}, "facebook": {"likes": 0, "shares": 0, "comments": 0}, "stumbledupon": {"shares": 0}}, "site_full": "www.elconfidencial.com", "main_image": "http://6www.ecestaticos.com/imagestatic/clipping/671/98b/e44/67198be44e0516a9e138a3d667bb0692/imagen-sin-titulo.jpg?mtime=1475494590", "site_section": "http://rss.elconfidencial.com/espana/", "section_title": "España", "url": "http://www.elconfidencial.com/espana/2016-10-03/yeremi-vargas-antonio-ojeda-celda-vecino-tani-asesino_1269649/", "country": "US", "domain_rank": 1785, "title": "El principal sospechoso de la desaparición de Yéremi Vargas: El chiquillo no sufrió. España", "performance_score": 0, "site": "elconfidencial.com", "participants_count": 1, "title_full": "El principal sospechoso de la desaparición de Yéremi Vargas: El chiquillo no sufrió. Noticias de España", "spam_score": 0.0, "site_type": "news", "published": "2016-10-03T21:39:00.000+03:00", "replies_count": 0, "uuid": "ecab581e92114681b6908f227a02ca88c1793053"}, "author": "P. G.", "url": "http://www.elconfidencial.com/espana/2016-10-03/yeremi-vargas-antonio-ojeda-celda-vecino-tani-asesino_1269649/", "ord_in_thread": 0, "title": "El principal sospechoso de la desaparición de Yéremi Vargas: El chiquillo no sufrió. España", "locations": [], "entities": {"persons": [], "locations": [], "organizations": []}, "highlightText": "", "language": "spanish", "persons": [], "text": "El pequeño Yéremi Vargas desapareció en marzo de 2007, cuando tenía 7 años, mientras jugaba con sus primos en los alrededores de su casa de Santa Lucía de Tirajana, en Gran Canaria. A punto de cumplirse diez años de su desaparición, El Programa de Ana Rosa ha publicado este lunes las declaraciones en las que Antonio Ojeda, el principal sospechoso y preso en la cárcel de Algeciras, le cuenta a su compañero de celda que el asesino fue su vecino Tani.El chiquillo no sufrió, el chiquillo llegó muerto, asegura el sospechoso según el programa de Telecinco. Antonio Ojeda, conocido como el Rubio, cumple condena en Algeciras por violar a un niño en 2012 en el mismo municipio en el que desapareció Yéremi y la Guardia Civil comenzó a investigarle el año pasado por la desaparición de Yéremi después de que éste le contase a su compañero de celda varios detalles sobre el caso.Sin embargo, en las declaraciones que se han publicado este lunes, Ojeda insiste en su inocencia: No tuve nada que ver, fue Tani. Le puso al niño algún tipo de disolvente, droga u otra sustancia, con el fin de dormirle. Según el Rubio, su vecino fue quien llegó con su coche y con el menor a la zona en la que yo vivía, momento en el cual yo observé que Yéremi venía en el interior del coche de Tani muerto.Ojeda asegura además que puso el cuerpo del menor encima de un colchón que había en la parte de afuera de su casa y por debajo del colchón unas maderas, prendiéndole posteriormente fuego. El Rubio afirma que él fue un mero testigo y que lo único que hizo fue entregarle una bolsa a Tani porque entró a la casa y se lo pidió. Después de haber incinerado el cuerpo del menor, pude observar cómo Tani introdujo los restos en la bolsa, añade.De todos modos, no es la primera vez que Ojeda culpa a su vecino de hechos que supuestamente habría cometido él. Cuando fue acusado de agresión sexual a un menor en 2012, delito por el que cumple condena, también insistió en que era Tani quien llegó con un niño en su coche y después vio como el pequeño se escapaba de su casa.Cabe señalar además que en la versión que le contó a su compañero de celda hay ciertos aspectos que no encajan, y es que no solo señala a su vecino como el asesino de Yéremi, también habla de otras dos personas que supuestamente lo habrían raptado:  Una mujer de pelo moreno tiraba de un niño que estaba llorando, metiéndole a la fuerza en un Seat Toledo de color blanco que iba conduciendo un hombre. Le pregunté si el niño era su hijo y me dijo que era su sobrino y que no quería irse con ella.Su vecino asegura que mienteEl Programa de Ana Rosa ha entrevistado también a Tani, quien ha insistido en que Ojeda miente: A todo el que se cruce en su camino lo machaca. Soy inocente y la Guardia Civil me ha descartado, ha asegurado. Lo único que pasa es que me tiene celos y envidia. Le conozco de toda la vida, le ayudé a conseguir un trozo de tierra y a construir la cabaña que tenía.Pero al margen de las acusaciones de Ojeda contra su vecino, cabe señalar que uno de los aspectos más interesantes que le cuenta a su compañero de celda es cuál sería el lugar ideal para deshacerse de un cadáver: Eso es fácil. El sitio ideal para deshacerte de un cadáver es un vertedero que tenemos en Vecindario, está cerquita de mi casa. He ido muchas veces andando por la parte de atrás y me he colado. Nadie lo vigila, aseguró el Rubio según el diario La Provincia.", "external_links": [], "published": "2016-10-03T21:39:00.000+03:00", "crawled": "2016-10-03T15:15:14.246+03:00", "highlightTitle": ""}