{"organizations": [], "uuid": "a4111c544080ef26c6a84d0fc94cfad78e022998", "thread": {"social": {"gplus": {"shares": 0}, "pinterest": {"shares": 0}, "vk": {"shares": 0}, "linkedin": {"shares": 0}, "facebook": {"likes": 0, "shares": 0, "comments": 0}, "stumbledupon": {"shares": 0}}, "site_full": "www.biobiochile.cl", "main_image": "http://media.biobiochile.cl/wp-content/uploads/2016/10/archivo-querella-detenido-valparaiso-rayados-640x350.jpg", "site_section": "", "section_title": "", "url": "http://www.biobiochile.cl/noticias/nacional/region-de-valparaiso/2016/10/02/padre-de-menor-detenido-por-efectuar-rayados-en-valparaiso-anuncia-querella-contra-carabinero.shtml", "country": "US", "domain_rank": 759, "title": "Padre de menor detenido por efectuar rayados en Valparaíso anuncia querella contra carabinero", "performance_score": 0, "site": "biobiochile.cl", "participants_count": 0, "title_full": "Padre de menor detenido por efectuar rayados en Valparaíso anuncia querella contra carabinero", "spam_score": 0.945, "site_type": "news", "published": "2016-10-02T23:58:00.000+03:00", "replies_count": 0, "uuid": "a4111c544080ef26c6a84d0fc94cfad78e022998"}, "author": "Biobiochile - La Red De Prensa M S Grande De Chile.", "url": "http://www.biobiochile.cl/noticias/nacional/region-de-valparaiso/2016/10/02/padre-de-menor-detenido-por-efectuar-rayados-en-valparaiso-anuncia-querella-contra-carabinero.shtml", "ord_in_thread": 0, "title": "Padre de menor detenido por efectuar rayados en Valparaíso anuncia querella contra carabinero", "locations": [], "entities": {"persons": [], "locations": [], "organizations": []}, "highlightText": "", "language": "spanish", "persons": [], "text": "Padre de menor detenido por efectuar rayados en Valparaíso anuncia querella contra carabinero 0 Visitas ARCHIVO | Hans Scott | Agencia UNO Publicado por Claudia Miño \nCon prohibición de permanecer en Valparaíso fue dejado un joven que fue sorprendido realizando rayados en el sector del Paseo Wheelwright , durante el Carnaval Mil Tambores. \nLa detención del joven, identificado como Diego Urzúa, fue difundida a través de redes sociales y generó diversos comentarios. \nTras el control de detención y formalización realizado en el Juzgado de Garantía de la ciudad puerto, el padre del joven -Claudio Urzúa- anunció la presentación de una querella en contra del oficial de la Tercera Comisaría de Valparaíso por apremios ilegítimos y abuso . \nAdemás, Urzúa criticó la medida cautelar en contra de su hijo. http://media.biobiochile.cl/wp-content/uploads/2016/10/cm02rayadosvalpoft2.mp3 \nMientras, Diego Urzúa reconoció su responsabilidad en el hecho. Sin embargo, acusó haber sido violentado durante su detención y al interior de la Comisaría. \n“Asumo mi culpa de haber efectuado un rayado, pero no me merezco que me agarren a patadas en la calle” , afirmó. ", "external_links": [], "published": "2016-10-02T23:58:00.000+03:00", "crawled": "2016-10-03T15:55:20.074+03:00", "highlightTitle": ""}