{"organizations": [], "uuid": "6835f7c6cd0b6b59c75dfee5d76b53ce385aea92", "thread": {"social": {"gplus": {"shares": 0}, "pinterest": {"shares": 0}, "vk": {"shares": 0}, "linkedin": {"shares": 0}, "facebook": {"likes": 18, "shares": 18, "comments": 8}, "stumbledupon": {"shares": 0}}, "site_full": "laiguana.tv", "main_image": "http://activos.laiguana.tv/images/_nodate/37460-b3a1cd38250450431db93018f7e119d2_XL.jpg", "site_section": "", "section_title": "", "url": "http://laiguana.tv/articulos/37460-mitzy-de-ledezma-conbramientos-ministros", "country": "US", "domain_rank": 8809, "title": "Los comentarios de Mitzy de Ledezma sobre cambios en el tren ministerial (+tuits) | La iguana TV", "performance_score": 0, "site": "laiguana.tv", "participants_count": 0, "title_full": "Los comentarios de Mitzy de Ledezma sobre cambios en el tren ministerial (+tuits) | La iguana TV", "spam_score": 0.064, "site_type": "news", "published": "2016-10-02T20:15:00.000+03:00", "replies_count": 0, "uuid": "6835f7c6cd0b6b59c75dfee5d76b53ce385aea92"}, "author": "", "url": "http://laiguana.tv/articulos/37460-mitzy-de-ledezma-conbramientos-ministros", "ord_in_thread": 0, "title": "Los comentarios de Mitzy de Ledezma sobre cambios en el tren ministerial (+tuits) | La iguana TV", "locations": [], "entities": {"persons": [], "locations": [], "organizations": []}, "highlightText": "", "language": "spanish", "persons": [], "text": "Los comentarios de Mitzy de Ledezma sobre cambios en el tren ministerial (+tuits) sábado, 1 de octubre 2016 \nTras los anuncios en el cambio de gabinete que hiciera este sábado el presidente de la República Nicolás Maduro, Mitzy de Ledezma reaccionó a través de Twitter para decir que a “ese gabinete completo, con todos sus enchufados, los vamos a revocar y los primeros que cerrarán filas para firmar serán los militantes decepcionados del chavismo”. Utilizando la cuenta personal de su esposo Antonio Ledezma, quien actualmente se encuentra privado de libertad, la señora Ledezma catalogó al nuevo tren ministerial como \"reciclado\", al respecto escribió: “El mismísimo musiú con diferente cachimba”. Vale destacar que Mitzy de Ledezma emite estos comentarios autoproclamándose -como es costumbre de la derecha- representante de la voz del pueblo. (LaIguana.TV) Mitzy. Y sigue el reciclaje de los mismos ministros mientras la gente continúa sufriendo de escasez e inseguridad. pic.twitter.com/XZmwR7PzwE ", "external_links": [], "published": "2016-10-02T20:15:00.000+03:00", "crawled": "2016-10-02T15:15:26.974+03:00", "highlightTitle": ""}