{"organizations": [], "uuid": "3ac2d7209e00811af6e05beaff8f4d97c61571b5", "thread": {"social": {"gplus": {"shares": 0}, "pinterest": {"shares": 0}, "vk": {"shares": 0}, "linkedin": {"shares": 0}, "facebook": {"likes": 4, "shares": 4, "comments": 0}, "stumbledupon": {"shares": 0}}, "site_full": "www.elperiodico.com", "main_image": "http://estaticos.elperiodico.com/resources/jpg/2/8/ilu-05-09-2016-1475592947382.jpg", "site_section": "http://www.elperiodico.com/es/rss/opinion/rss.xml", "section_title": "Opinión - elPeriódico.com", "url": "http://www.elperiodico.com/es/noticias/opinion/receta-segura-para-desastre-5451063?utm_source=rss-noticias&utm_medium=feed&utm_campaign=opinion", "country": "ES", "domain_rank": 6941, "title": "Receta segura para el desastre", "performance_score": 0, "site": "elperiodico.com", "participants_count": 1, "title_full": "Receta segura para el desastre", "spam_score": 0.0, "site_type": "news", "published": "2016-10-03T03:00:00.000+03:00", "replies_count": 0, "uuid": "ba84c66960082d86d6ce98bfba92f644881096a4"}, "author": "Joan Cuenca<span class=\"loc\">Mataró</span>\n      </p>\n      <p class=\"p1\">\n         <a href=\"/es/entre-todos/participacion/desti-dels-impostos-dels-catalans-91894\">El destí dels impostos dels catalans</a>\n      </p>\n      <p class=\"autor\">Jordi Riu<span class=\"loc\">Sant Antoni de Vilamajor</span>\n      </p>\n      <a class=\"a1\" href=\"/es/entre-todos/tema/publica-una-carta-del-lector-3993\">Participa</a>", "url": "http://www.elperiodico.com/es/noticias/opinion/receta-segura-para-desastre-5451063", "ord_in_thread": 0, "title": "Receta segura para el desastre", "locations": [], "entities": {"persons": [], "locations": [], "organizations": []}, "highlightText": "", "language": "spanish", "persons": [], "text": "FRANCINA CORTÉS Comunicarse con la sociedad es hoy una tarea obligatoria para todos los científicos Carl Sagan decía que “vivimos en una sociedad profundamente dependiente de la ciencia y la tecnología, en la que tan solo una minoría sabe algo o está interesado por estos temas”. Una situación que para Sagan , defensor a ultranza del pensamiento crítico y del método científico, constituye “una receta segura para el desastre”. Ciertamente, la comunicación con la sociedad resulta hoy en día una tarea obligatoria para los científicos. Aunque no resulta nada fácil. \nPor lo general, cuando los científicos tratamos de comunicar a la sociedad nuestro conocimiento sobre un determinado tema, lo hacemos a sabiendas de que nos dirigimos a diferentes actores sociales o grupos de interés ('stakeholders') cada uno de los cuales engloba, a su vez, una amplia heterogeneidad de individuos, que no solo tienen un nivel de conocimiento científico muy desigual, sino también un grado de comprensión muy diverso de lo que son la ciencia y la tecnología , así como visiones muy distintas del uso que debe darse a estas. Por ello, los científicos admitimos que debemos recurrir a mensajes diferenciados, diseñados para cubrir distintos niveles de comunicación. Sin embargo, a la postre, resulta que la eficacia de la comunicación , queda totalmente supeditada a las creencias y valores de las personas, así como a la actitud de estas frente a las cuestiones científicas y tecnológicas.\nExiste una extensa bibliografía a propósito de las actitudes en la sociedad frente a la ciencia y la tecnología. De esta, un trabajo particularmente interesante es el que expone los resultados de una encuesta realizada en Australia en el 2013 por la Commonwealth Scientific and Industrial Research Organisation (CSIRO). Este estudio identifica cuatro grandes grupos de personas en lo que se refiere a su posicionamiento respecto a la ciencia. El grupo más positivo, verdaderos 'fans de la ciencia', está integrado por personas (el 23% de los encuestados) que expresan un alto grado de acuerdo con la afirmación de que la ciencia es importante para resolver los problemas de la sociedad, al mismo tiempo que muestran una mínima preocupación respecto a la posibilidad de que la ciencia avance a un ritmo demasiado rápido y de que presente un balance más negativo que positivo.\nUn segundo grupo, el de los 'entusiastas precavidos' (28%), está integrado por individuos que reconocen un gran interés por la ciencia pero que expresan sus reservas en algunos aspectos de la misma, mientras que un tercer grupo, el de los 'preocupados por el riesgo' (23%) se muestran menos positivos respecto a las bondades de la ciencia y se declaran más preocupados con los riesgos que conlleva. Finalmente, el cuarto grupo, el de los 'desinteresados y preocupados' (20%) incluye un colectivo que expresa poco entusiasmo sobre los beneficios de la ciencia y de la tecnología, albergando serias sospechas sobre sus motivaciones.\nCREENCIAS Y VALORES Un punto muy significativo es que las respuestas de los fans prociencia a la preguntas de la encuesta fueron significativamente diferentes de las respuestas promedio de las personas integradas en cualquiera de los otros tres grupos. De hecho, las personas de estos últimos comparten más creencias y valores entre ellos que con los del segmento prociencia. En otras palabras, que aquellos que percibimos el conocimiento científico y la tecnología como una parte esencial de la respuesta a los retos sociales somos un sector marginal, atípico, dentro del conjunto de la población.\nEsta verdad incómoda subyace a otros grandes retos de la comunicación científica identificados en el estudio, entre los que llaman poderosamente la atención los siguientes: a) frente a una información compleja, las personas tienden a tomar decisiones basadas en sus valores y creencias ; b) la gente busca reafirmarse en sus actitudes y convicciones, tendiendo a rechazar cualquier información o evidencia que las contradiga; c) las personas confían más en aquellos en los que ven reflejados sus propios valores, y d) las actitudes que no derivan de un proceso racional y lógico (basado en hechos) son poco susceptibles de ser influenciadas en base a argumentos lógicos (o mediante la exposición de hechos).\nResulta muy difícil influir con criterios lógicos y racionales a una población que toma decisiones basadas no en hechos, sino en base a su instinto, reforzado mediante la consulta con los que les rodean y le son afines. Un mensaje que trasciende el ámbito de la comunicación científica y puede ampliarse al de la política . ¿No les parece?\n\n ", "external_links": [], "published": "2016-10-03T03:00:00.000+03:00", "crawled": "2016-10-04T19:02:08.500+03:00", "highlightTitle": ""}