{"organizations": [], "uuid": "f0f295fd7fb943a1fd123d740c7d083dac57053b", "thread": {"social": {"gplus": {"shares": 0}, "pinterest": {"shares": 0}, "vk": {"shares": 0}, "linkedin": {"shares": 0}, "facebook": {"likes": 259, "shares": 259, "comments": 0}, "stumbledupon": {"shares": 0}}, "site_full": "www.lapatilla.com", "main_image": "http://www.lapatilla.com/site/wp-content/uploads/2016/10-02/Los-Santos-juan-manuel-saltos.jpg", "site_section": "http://lapatilla.com/site/?feed=rss2", "section_title": "LaPatilla.com", "url": "http://www.lapatilla.com/site/2016/10/02/la-familia-santos-votaron-por-el-si-a-la-paz-en-colombia/", "country": "EU", "domain_rank": 1008, "title": "La familia Santos votaron por el Sí a la paz en Colombia", "performance_score": 2, "site": "lapatilla.com", "participants_count": 1, "title_full": "La familia Santos votaron por el Sí a la paz en Colombia", "spam_score": 0.0, "site_type": "news", "published": "2016-10-02T20:00:00.000+03:00", "replies_count": 0, "uuid": "f0f295fd7fb943a1fd123d740c7d083dac57053b"}, "author": "AA", "url": "http://www.lapatilla.com/site/2016/10/02/la-familia-santos-votaron-por-el-si-a-la-paz-en-colombia/", "ord_in_thread": 0, "title": "La familia Santos votaron por el Sí a la paz en Colombia", "locations": [], "entities": {"persons": [], "locations": [], "organizations": []}, "highlightText": "", "language": "spanish", "persons": [], "text": "La familia Santos votaron por el Sí a la paz en Colombia Oct 2, 2016 8:00 am Publicado en: Actualidad , Internacionales Foto: semana.com \nEste domingo 2 de octubre es un día histórico. Los colombianos podrán decidir si apoyan o no el acuerdo de paz firmado entre el Gobierno y las FARC después de más de cuatro de negociaciones, así lo reseñó Semana . \nEl presidente Juan Manuel Santos dio su voto por el Sí en la Mesa 1 de la Plaza de Bolívar. “Acabo de depositar mi voto y espero acabar un conflicto de 50 años. La paz nos llevará a un mejor futuro”, dijo el mandatario. Y aprovechó para invitar a todos los colombianos a desafiar la lluvia y ejercer el derecho al voto. \nLa primera dama de la República, María Clemencia Rodríguez de Santos, votó en la misma mesa que el presidente. Loading...", "external_links": [], "published": "2016-10-02T20:00:00.000+03:00", "crawled": "2016-10-02T16:59:59.330+03:00", "highlightTitle": ""}