{"organizations": [], "uuid": "35a8a64c16d60e131fd11f724c3cf8b634a94208", "thread": {"social": {"gplus": {"shares": 0}, "pinterest": {"shares": 0}, "vk": {"shares": 0}, "linkedin": {"shares": 0}, "facebook": {"likes": 7, "shares": 7, "comments": 1}, "stumbledupon": {"shares": 0}}, "site_full": "www.biobiochile.cl", "main_image": "http://media.biobiochile.cl/wp-content/uploads/2016/09/000_dr5qq-512x350.jpg", "site_section": "", "section_title": "", "url": "http://www.biobiochile.cl/noticias/internacional/america-latina/2016/09/30/consejo-electoral-venezolano-rechaza-comunicado-de-cancilleres-sobre-referendo.shtml", "country": "US", "domain_rank": 759, "title": "Consejo electoral venezolano rechaza comunicado de cancilleres sobre referendo", "performance_score": 0, "site": "biobiochile.cl", "participants_count": 0, "title_full": "Consejo electoral venezolano rechaza comunicado de cancilleres sobre referendo", "spam_score": 0.2, "site_type": "news", "published": "2016-10-01T03:02:00.000+03:00", "replies_count": 0, "uuid": "35a8a64c16d60e131fd11f724c3cf8b634a94208"}, "author": "Biobiochile - La Red De Prensa M S Grande De Chile.", "url": "http://www.biobiochile.cl/noticias/internacional/america-latina/2016/09/30/consejo-electoral-venezolano-rechaza-comunicado-de-cancilleres-sobre-referendo.shtml", "ord_in_thread": 0, "title": "Consejo electoral venezolano rechaza comunicado de cancilleres sobre referendo", "locations": [], "entities": {"persons": [], "locations": [], "organizations": []}, "highlightText": "", "language": "spanish", "persons": [], "text": "Consejo electoral venezolano rechaza comunicado de cancilleres sobre referendo 0 Visitas Tibisay Lucena, presidenta del CNE | Agencia AFP Publicado por Rubén Quast \nEl Consejo Nacional Electoral (CNE) venezolano rechazó este viernes la declaración de un grupo de cancilleres latinoamericanos, que cuestionó el rol del organismo en el trámite de un referendo revocatorio contra el presidente Nicolás Maduro . \nEn un comunicado, el CNE tildó de “falsa” la afirmación de los cancilleres de Argentina, Brasil, Chile, Paraguay, México y Perú , de que las condiciones que impuso para la consulta bloqueaban su realización este año. \nLee también: Cancilleres latinoamericanos rechazan decisión del consejo electoral de Venezuela \n“Tal aseveración es falsa y desconoce el marco jurídico venezolano”, señaló el poder electoral. \nEl jueves, en una nota de la cancillería mexicana, los ministros de Relaciones Exteriores de los seis países manifestaron “preocupación” por medidas del organismo electoral que a su juicio afectan “el sentido de la consulta” que impulsa la oposición venezolana, al postergarla para 2017. \nEl CNE -acusado por la coalición Mesa de la Unidad Democrática (MUD) de servir al gobierno- calificó ese pronunciamiento como “una grosera intromisión” en los asuntos internos de Venezuela . \nLa oposición exige que el revocatorio se haga en 2016, pero el CNE anunció que se realizaría en febrero o marzo de 2017 si se cumple el requisito de recolectar cuatro millones de firmas (20% del padrón) del 26 al 28 de octubre. \nSi la consulta se hiciera antes del 10 de enero de 2017 y Maduro fuera revocado, se llamaría a nuevas elecciones. Pero en una fecha posterior, el mandato del gobernante socialista lo completaría su vicepresidente, aun cuando pierda. \nEl CNE, que reivindica su apego a los plazos previstos en la ley, urgió a los cancilleres a que hagan una “revisión despartidizada y responsable de la amplia información oficial disponible” sobre el proceso revocatorio. ", "external_links": [], "published": "2016-10-01T03:02:00.000+03:00", "crawled": "2016-10-01T05:32:43.650+03:00", "highlightTitle": ""}