{"organizations": [], "uuid": "0548be807e9536426f73d850d9ea94006b556cf9", "thread": {"social": {"gplus": {"shares": 0}, "pinterest": {"shares": 0}, "vk": {"shares": 0}, "linkedin": {"shares": 0}, "facebook": {"likes": 0, "shares": 0, "comments": 0}, "stumbledupon": {"shares": 0}}, "site_full": "www.eleconomista.es", "main_image": "http://s03.s3c.es/imag3/logos/economista/bg-ee-facebook.jpg", "site_section": "http://www.eleconomista.es/rss/rss-empresas.php", "section_title": "elEconomista empresas", "url": "http://www.eleconomista.es/empresas-finanzas/noticias/7864815/10/16/Allianz-alcanza-los-4-millonesde-vehiculos-asegurados-.html", "country": "ES", "domain_rank": 3233, "title": "Allianz alcanza los 4 millones de vehículos asegurados", "performance_score": 0, "site": "eleconomista.es", "participants_count": 0, "title_full": "Allianz alcanza los 4 millones de vehículos asegurados", "spam_score": 0.0, "site_type": "news", "published": "2016-10-03T12:00:00.000+03:00", "replies_count": 0, "uuid": "0548be807e9536426f73d850d9ea94006b556cf9"}, "author": "", "url": "http://www.eleconomista.es/empresas-finanzas/noticias/7864815/10/16/Allianz-alcanza-los-4-millonesde-vehiculos-asegurados-.html", "ord_in_thread": 0, "title": "Allianz alcanza los 4 millones de vehículos asegurados", "locations": [], "entities": {"persons": [], "locations": [], "organizations": []}, "highlightText": "", "language": "spanish", "persons": [], "text": "Allianz alcanza los 4 millones de vehículos asegurados eE. madrid.  ", "external_links": [], "published": "2016-10-03T12:00:00.000+03:00", "crawled": "2016-10-03T08:02:21.278+03:00", "highlightTitle": ""}