{"organizations": [], "uuid": "93624a89589baa73794f7105ccf84ff718668f1c", "thread": {"social": {"gplus": {"shares": 0}, "pinterest": {"shares": 0}, "vk": {"shares": 0}, "linkedin": {"shares": 0}, "facebook": {"likes": 0, "shares": 0, "comments": 0}, "stumbledupon": {"shares": 0}}, "site_full": "www.lavanguardia.com", "main_image": "http://www.lavanguardia.com/rsc/images/default_story_image.jpg", "site_section": "http://www.lavanguardia.com/feed/rss/home", "section_title": "Portada", "url": "http://www.lavanguardia.com/deportes/20161001/41699672022/gracias-johan.html", "country": "ES", "domain_rank": 1941, "title": "¡Gracias, Johan!", "performance_score": 0, "site": "lavanguardia.com", "participants_count": 1, "title_full": "¡Gracias, Johan!", "spam_score": 0.0, "site_type": "news", "published": "2016-10-01T08:53:00.000+03:00", "replies_count": 0, "uuid": "93624a89589baa73794f7105ccf84ff718668f1c"}, "author": "David Carabén", "url": "http://www.lavanguardia.com/deportes/20161001/41699672022/gracias-johan.html", "ord_in_thread": 0, "title": "¡Gracias, Johan!", "locations": [], "entities": {"persons": [], "locations": [], "organizations": []}, "highlightText": "", "language": "spanish", "persons": [], "text": "Pasé el jueves con un catarro en la cama. En el Telenotícies Migdia, el doctor Jordi Montero Homs, jefe de neurofisiología del hospital de Bellvitge, defendió en su despedida, antes de jubilarse, la función terapéutica de la caricia para todo tipo de pacientes. Hay una patria hecha a base de caricias, confort y seguridad que es la infancia, pensé. Cada vez que recibes una caricia, vuelves. ¿Puede haber una relación entre las caricias que uno recibe y su nacionalismo? Aquí ...\nIniciar sesión", "external_links": [], "published": "2016-10-01T08:53:00.000+03:00", "crawled": "2016-10-01T05:34:37.345+03:00", "highlightTitle": ""}