{"organizations": [], "uuid": "06c3319e03c2a4eee65b6c0d43aa3548b49659bb", "thread": {"social": {"gplus": {"shares": 0}, "pinterest": {"shares": 0}, "vk": {"shares": 0}, "linkedin": {"shares": 0}, "facebook": {"likes": 0, "shares": 0, "comments": 0}, "stumbledupon": {"shares": 0}}, "site_full": "article.wn.com", "main_image": "//cdn6.wn.com/o25/ph/img/d0/e3/bb74f4834c40fd65ac5db7078dff-grande.jpg", "site_section": "http://rss.wn.com/spanish/top-stories", "section_title": "WN.com - Top Spanish Stories", "url": "https://article.wn.com/view/2016/10/02/Hoy_se_vota_el_acuerdo_con_las_FARC_con_esperanza_y_dudas_so/", "country": "GB", "domain_rank": 5594, "title": "Hoy se vota el acuerdo con las FARC con esperanza y dudas sobre futuro", "performance_score": 0, "site": "wn.com", "participants_count": 1, "title_full": "Hoy se vota el acuerdo con las FARC con esperanza y dudas sobre futuro - Worldnews.com", "spam_score": 0.0, "site_type": "news", "published": "2016-10-02T03:00:00.000+03:00", "replies_count": 0, "uuid": "06c3319e03c2a4eee65b6c0d43aa3548b49659bb"}, "author": "wn.com", "url": "https://article.wn.com/view/2016/10/02/Hoy_se_vota_el_acuerdo_con_las_FARC_con_esperanza_y_dudas_so/", "ord_in_thread": 0, "title": "Hoy se vota el acuerdo con las FARC con esperanza y dudas sobre futuro", "locations": [], "entities": {"persons": [], "locations": [], "organizations": []}, "highlightText": "", "language": "spanish", "persons": [], "text": "Los colombianos votan hoy en un plebiscito el acuerdo de paz firmado entre el Gobierno y las FARC , con los sondeos previendo una amplia victoria del “sí”.Las esperanzas por alcanzar la paz se ensombrecen, no obstante, ante el temor de que", "external_links": [], "published": "2016-10-02T03:00:00.000+03:00", "crawled": "2016-10-03T07:57:12.889+03:00", "highlightTitle": ""}