{"organizations": [], "uuid": "7836427326de35495490769228dd19f9b7049752", "thread": {"social": {"gplus": {"shares": 1}, "pinterest": {"shares": 0}, "vk": {"shares": 0}, "linkedin": {"shares": 0}, "facebook": {"likes": 0, "shares": 0, "comments": 0}, "stumbledupon": {"shares": 0}}, "site_full": "www.meneame.net", "main_image": "https://www.meneame.net/backend/media?type=link&amp;id=2679753&amp;version=0&amp;ts=1475493006&amp;image.jpeg", "site_section": "http://meneame.net/rss2.php?status=all&category=13", "section_title": "Menéame: todas", "url": "https://www.meneame.net/m/cultura/presa-romana-mas-larga-mundo-mide-2-kilometros-aun-esta-uso", "country": "IE", "domain_rank": 8316, "title": "La presa romana más larga del mundo mide 2 kilómetros y aun está en uso", "performance_score": 0, "site": "meneame.net", "participants_count": 1, "title_full": "La presa romana más larga del mundo mide 2 kilómetros y aun está en uso", "spam_score": 0.0, "site_type": "news", "published": "2016-10-03T19:08:00.000+03:00", "replies_count": 0, "uuid": "7836427326de35495490769228dd19f9b7049752"}, "author": "sede", "url": "https://www.meneame.net/m/cultura/presa-romana-mas-larga-mundo-mide-2-kilometros-aun-esta-uso", "ord_in_thread": 0, "title": "La presa romana más larga del mundo mide 2 kilómetros y aun está en uso", "locations": [], "entities": {"persons": [], "locations": [], "organizations": []}, "highlightText": "", "language": "spanish", "persons": [], "text": "por sede a labrujulaverde.com enviado: ____ Hay una corriente rabínica que se puede rastrear en algunas versiones del Talmud que menciona un octavo mar, además de los siete que tradicionalmente se citan rodeando la tierra de Israel: el Gran Mar (Mediterráneo), el Mar de Tiberias, el Mar de Kub, el Mar de Sal (Mar Muerto), el Mar de Helath", "external_links": [], "published": "2016-10-03T19:08:00.000+03:00", "crawled": "2016-10-03T14:28:17.285+03:00", "highlightTitle": ""}