{"organizations": [], "uuid": "4e424662fa7a5a10e4455ff33655a719cd256375", "thread": {"social": {"gplus": {"shares": 0}, "pinterest": {"shares": 0}, "vk": {"shares": 0}, "linkedin": {"shares": 0}, "facebook": {"likes": 0, "shares": 0, "comments": 0}, "stumbledupon": {"shares": 0}}, "site_full": "www.emol.com", "main_image": "http://static.emol.cl/emol50/Fotos/2016/09/30/file_20160930083619.jpg", "site_section": "http://www.emol.com/tendencias/", "section_title": "Tendencias | Emol.com", "url": "http://www.emol.com/noticias/Tendencias/2016/09/30/824343/Segunda-version-del-MercedezBenz-Fashion-Week-Chile-aposto-por-ocho-disenadores-nacionales.html", "country": "CL", "domain_rank": 664, "title": "Segunda versión del Mercedez-Benz Fashion Week Chile apostó por ocho diseñadores nacionales", "performance_score": 0, "site": "emol.com", "participants_count": 1, "title_full": "Segunda versión del Mercedez-Benz Fashion Week Chile apostó por ocho diseñadores nacionales | Emol.com", "spam_score": 0.828, "site_type": "news", "published": "2016-09-30T16:36:00.000+03:00", "replies_count": 0, "uuid": "4e424662fa7a5a10e4455ff33655a719cd256375"}, "author": "Ángela Tapia F., Emol", "url": "http://www.emol.com/noticias/Tendencias/2016/09/30/824343/Segunda-version-del-MercedezBenz-Fashion-Week-Chile-aposto-por-ocho-disenadores-nacionales.html", "ord_in_thread": 0, "title": "Segunda versión del Mercedez-Benz Fashion Week Chile apostó por ocho diseñadores nacionales", "locations": [], "entities": {"persons": [], "locations": [], "organizations": []}, "highlightText": "", "language": "spanish", "persons": [], "text": "SANTIAGO.- \"Quiero que se vea que el diseño chileno sí es bueno\", comentó Magdalena Jiménez en el backstage de la pasarela más importante del mundo que paso a paso se va armando camino en el país.\nLa Mercedez-Benz Fashion Week Chile, que nuevamente es dirigida por Jiménez a través de la productora Caza Moda, comenzó su segunda versión -la 2016- este jueves, apostando por el diseño de autor nacional. Afuera quedaron las marcas comerciales para presentar una vitrina de lujo al trabajo de chilenos que están dando de qué hablar en el mundo de la moda.\nTal es el caso de Gabriel Vielma, quien viene cosechando una exitosa carrera en Londres, confeccionando colecciones para todas las edades de la mujer, desde 35 a 80, hecho que se ha coronado con el apoyo de la British Fashion Council y su presencia en la fashion week de la capital británica el año pasado.\nAquí, en su país natal, enseñó una propuesta invernal, inspirada en la película \"The Life Aquatic with Steve Zissou\", donde el naranjo y las gaviotas cobraron vida en vestidos de lana, mientras que las algas marinas y el mar se camuflaban en los colores y cortes de las cerca de 37 piezas exhibidas en Centroparque, lugar de encuentro de la MBFW Chile.\n\"Espero que esta noche la gente conozca mi trabajo y que vea que hay chilenos que estamos afuera haciendo un cosas interesantes\", comentó el diseñador minutos antes de su desfile.\nEn miras a la semana de fiesta de la moda nacional\nA diferencia del año pasado , que duró un solo día, la versión 2016 de la MBFW Chile se alargó a dos jornadas, tal como lo había previsto Michael Riebensahm, gerente corporativo de Kaufmann, marca que representa a Mercedez-Benz en Chile.\nLa \"marcha blanca\" de la que Riebensahm había hablado en 2015 fue de tal éxito que la idea de que cada año se vaya sumando otro día se ve con más fuerza, para lograr que este encuentro del diseño se transforme en una semana de fiesta de la moda nacional.\n\"Lejos de hablar de motores o tecnología, la Mercedez-Benz Fashion Week se presenta como una plataforma\" para el diseño chileno, declaró este \"cien por ciento alemán\", como dice, \"pero chileno de corazón\".\nDe hecho, con bastante satisfacción destaca que la marca que representa ha replicado este año este desfile solo en Berlín -tal como se hace en la capital alemana desde 2010-, en Madrid, Sídney, Estambul y Santiago. \"Son ciudades que tienen alma, un mensaje\", señaló.\nEl jueves, Sisa, María Cienfuegos, MO y Gabriel Vielma fueron los elegidos para enseñar sus trabajos en CentroParque. Y este viernes, el turno será de Pas Demon (Tania Von Chrismar y Daniel Fosk), Zurita (Gabriela Farías), Kika Neumann y Qüina.\nMira los diseños de la primera jornada en nuestra galería: Galerías Relacionadas Mercedes-Benz Fashion Week inauguró su pasarela en Chile Semana de la Moda de Nueva York 2015 Mercedes-Benz presenta vehículo en CES Hamilton gana el GP de Malasia y amplía dominio de Mercedes Mercedes-Benz presenta en Chile nuevo modelo Clase A Trajes de Baño en la Semana de la Moda de Miami", "external_links": ["http://twitter.com/share?url=", "http://mundografico.emol.cl/2014/03/30/29355_24744_36501870.jpg", "http://mundografico.emol.cl/2016/09/30/38117_22232_726785741.jpg", "http://mundografico.emol.cl/2016/09/30/38117_3019_5339236.jpg", "http://mundografico.emol.cl/2016/09/30/38117_30815_325388909.jpg", "http://mundografico.emol.cl/2016/09/30/38117_30226_368384163.jpg", "http://mundografico.emol.cl/2016/09/30/38117_4860_17578633.jpg", "http://mundografico.emol.cl/2016/09/30/38117_28087_137398162.jpg", "http://mundografico.emol.cl/2016/09/30/38117_25137_309749420.jpg", "http://mundografico.emol.cl//2012/07/24/14483_427.jpg", "http://mundografico.emol.cl/2016/09/30/38117_30900_379986518.jpg", "http://mundografico.emol.cl/2016/09/30/38117_22686_39710783.jpg", "http://mundografico.emol.cl/2016/09/30/38117_8409_67147589.jpg", "http://mundografico.emol.cl/2016/09/30/38117_30398_285627648.jpg", "http://mundografico.emol.cl/2016/09/30/38117_13554_182598344.jpg", "http://mundografico.emol.cl/2016/09/30/38117_2604_30362913.jpg", "http://mundografico.emol.cl/2016/09/30/38117_28122_327844076.jpg", "http://static.emol.cl/emol50/js/fotorama.min.js?v=2", "http://mundografico.emol.cl/2016/09/30/38117_22957_54154233.jpg", "http://mundografico.emol.cl/2016/09/30/38117_29551_327184062.jpg", "http://mundografico.emol.cl/2016/09/30/38117_14295_461864619.jpg", "http://mundografico.emol.cl//2015/02/24/35972_936.jpg", "http://mundografico.emol.cl/2015/08/13/34849_6961_74621612.jpg", "http://static.emol.cl/emol50/css/fotorama.min.css?v=2", "http://mundografico.emol.cl/2016/09/30/38117_17269_30881091.jpg", "http://mundografico.emol.cl/2016/09/30/38117_3392_30663321.jpg", "http://mundografico.emol.cl/2016/09/30/38117_28522_367481511.jpg", "http://mundografico.emol.cl/2016/09/30/38117_18542_21943387.jpg", "http://mundografico.emol.cl/2016/09/30/38117_30574_51109169.jpg", "http://mundografico.emol.cl//2012/10/02/16513_485.jpg", "https://plus.google.com/share?url=", "http://mundografico.emol.cl/2016/09/30/38117_31300_997974734.jpg", "http://mundografico.emol.cl/2015/01/06/32086_2721_8900491.jpg", "http://static.emol.cl/emol50/img/emol_relacionados.png"], "published": "2016-09-30T16:36:00.000+03:00", "crawled": "2016-10-01T12:16:26.005+03:00", "highlightTitle": ""}