{"organizations": [], "uuid": "cfe6499e9ce2347e5d1c1f664c9201fce4a500b2", "thread": {"social": {"gplus": {"shares": 0}, "pinterest": {"shares": 0}, "vk": {"shares": 0}, "linkedin": {"shares": 0}, "facebook": {"likes": 0, "shares": 0, "comments": 0}, "stumbledupon": {"shares": 0}}, "site_full": "www.europapress.es", "main_image": "http://img.europapress.net/fotoweb/fotonoticia_20161001145309_800.jpg", "site_section": "http://www.europapress.es/rss/rss.aspx?buscar=presidente", "section_title": "Europa Press", "url": "http://www.europapress.es/comunitat-valenciana/noticia-puig-monton-presentes-comite-federal-psoe-comienza-varias-horas-retraso-20161001145309.html", "country": "ES", "domain_rank": 9900, "title": "Puig y Montón, presentes que comienza tras varias horas de retraso", "performance_score": 0, "site": "europapress.es", "participants_count": 1, "title_full": "Puig y Montón, presentes en el Comité Federal del PSOE que comienza tras varias horas de retraso", "spam_score": 0.0, "site_type": "news", "published": "2016-10-01T22:53:00.000+03:00", "replies_count": 0, "uuid": "cfe6499e9ce2347e5d1c1f664c9201fce4a500b2"}, "author": "EUROPA PRESS", "url": "http://www.europapress.es/comunitat-valenciana/noticia-puig-monton-presentes-comite-federal-psoe-comienza-varias-horas-retraso-20161001145309.html", "ord_in_thread": 0, "title": "Puig y Montón, presentes que comienza tras varias horas de retraso", "locations": [], "entities": {"persons": [], "locations": [], "organizations": []}, "highlightText": "", "language": "spanish", "persons": [], "text": "El secretario general del PSPV y presidente de la Generalitat, Ximo Puig, y la Secretaria de Igualdad de la Comisión Ejecutiva Federal del PSOE y consellera de Sanidad, Carmen Montón, asisten este sábado al Comité Federal de los socialistas en Madrid, que finalmente ha comenzado tras varias horas de retraso, ya que estaba previsto que empezara a las 09.00 horas. En las primeras imágenes en Ferraz se ha podido ver a Montón sentada junto al secretario general de los socialistas, Pedro Sánchez, en los puestos reservados para los miembros de la Ejecutiva, de la que esta semana han dimitido 17 miembros críticos con Sánchez, entre ellos Ximo Puig.\nEl arranque del Comité se ha demorado desde las 09.00 horas por el enfrentamiento entre los dos sectores del partido que discrepaban sobre el orden del día, así como el censo de los que podían ejercer su voto en esta reunión.\nLa reunión   que parecía que iba a comenzar pasadas las 12.00 horas, ha vuelto a paralizarse al filo de las 13.00 horas de la tarde. Así, cuando todo parecía que iba a dar comienzo, ya que la Mesa que tenía que presidirla había llegado al encuentro, se ha vuelto a anunciar otro receso.\nPosteriormente,   del partido ha tomado la palabra ante el Comité Federal para proponer     del sector crítico que dimitieron esta semana y que se convoque un nuevo Comité Federal, según   fuentes socialistas.", "external_links": [], "published": "2016-10-01T22:53:00.000+03:00", "crawled": "2016-10-01T16:14:26.421+03:00", "highlightTitle": ""}