{"organizations": [], "uuid": "b79f744536bd9eb76fa6802ebe0d1381b7a52d28", "thread": {"social": {"gplus": {"shares": 0}, "pinterest": {"shares": 0}, "vk": {"shares": 0}, "linkedin": {"shares": 0}, "facebook": {"likes": 1, "shares": 1, "comments": 0}, "stumbledupon": {"shares": 0}}, "site_full": "www.marca.com", "main_image": "http://e00-marca.uecdn.es/assets/v1/img/logo-marca.png", "site_section": "http://rss.marca.com/rss/descarga.htm?data2=425", "section_title": "Portada // marca", "url": "http://www.marca.com/otros-deportes/2016/09/29/57ecd21de2704ea56d8b45f7.html", "country": "ES", "domain_rank": 504, "title": "Sigue en directo la Red Bull Air Race desde Indianápolis", "performance_score": 0, "site": "marca.com", "participants_count": 1, "title_full": "Sigue en directo la Red Bull Air Race desde Indianápolis", "spam_score": 0.0, "site_type": "news", "published": "2016-10-02T16:47:00.000+03:00", "replies_count": 0, "uuid": "b79f744536bd9eb76fa6802ebe0d1381b7a52d28"}, "author": "marca.com", "url": "http://www.marca.com/otros-deportes/2016/09/29/57ecd21de2704ea56d8b45f7.html", "ord_in_thread": 0, "title": "Sigue en directo la Red Bull Air Race desde Indianápolis", "locations": [], "entities": {"persons": [], "locations": [], "organizations": []}, "highlightText": "", "language": "spanish", "persons": [], "text": "Ronda de 8: domingo 2 de octubre. 15:00 hora local/ 21:00 hora España LO MÁ", "external_links": [], "published": "2016-10-02T16:47:00.000+03:00", "crawled": "2016-10-03T06:24:38.486+03:00", "highlightTitle": ""}