{"organizations": [], "uuid": "17ebc6377444d2c565d19b8d2d3b44cfe9db3642", "thread": {"social": {"gplus": {"shares": 0}, "pinterest": {"shares": 0}, "vk": {"shares": 0}, "linkedin": {"shares": 0}, "facebook": {"likes": 0, "shares": 0, "comments": 0}, "stumbledupon": {"shares": 0}}, "site_full": "www.libertaddigital.com", "main_image": "", "site_section": "http://feeds2.feedburner.com/libertaddigital/deportes", "section_title": "Libertad Digital: Deportes", "url": "http://www.libertaddigital.com/deportes/formula1/2016-10-03/la-increible-remontada-de-fernando-alonso-desde-su-casco-1276583766/", "country": "ES", "domain_rank": 4793, "title": "La increíble remontada de Fernando Alonso desde su casco", "performance_score": 0, "site": "libertaddigital.com", "participants_count": 0, "title_full": "La increíble remontada de Fernando Alonso desde su casco", "spam_score": 0.0, "site_type": "news", "published": "2016-10-04T03:44:00.000+03:00", "replies_count": 0, "uuid": "17ebc6377444d2c565d19b8d2d3b44cfe9db3642"}, "author": "", "url": "http://www.libertaddigital.com/deportes/formula1/2016-10-03/la-increible-remontada-de-fernando-alonso-desde-su-casco-1276583766/", "ord_in_thread": 0, "title": "La increíble remontada de Fernando Alonso desde su casco", "locations": [], "entities": {"persons": [], "locations": [], "organizations": []}, "highlightText": "", "language": "spanish", "persons": [], "text": "Fernando Alonso. | \nSegún Pedro Martínez de la Rosa, Fernando Alonso es el mejor piloto de la historia. Desde hace unos años, el asturiano no pelea por un título mundial pero sigue dejando auté \nLa última se produjo este domingo en el Gran Premio de Malasia donde salía desde la última plaza de la parrilla. Fernando Alonso consiguió, en menos de una vuelta, alcanzar la septima posició \nEn el siguiente vídeo, podrán comprobar como Fernando Alonso tiene que sortear hasta un accidente entre Sebastian Vettel \nStart: P22  End of lap one: P12  \nVIDEO: Onboard with ALO for his astonishing opening lap at the >", "external_links": [], "published": "2016-10-04T03:44:00.000+03:00", "crawled": "2016-10-03T21:50:06.317+03:00", "highlightTitle": ""}