{"organizations": [], "uuid": "6372d93580ceeb97136b7fe1035c85d29bf6c372", "thread": {"social": {"gplus": {"shares": 0}, "pinterest": {"shares": 0}, "vk": {"shares": 0}, "linkedin": {"shares": 0}, "facebook": {"likes": 1, "shares": 1, "comments": 0}, "stumbledupon": {"shares": 0}}, "site_full": "www.eluniverso.com", "main_image": "http://www.eluniverso.com/sites/all/themes/eluniverso/images/eu-imagen-redes.jpg", "site_section": "http://www.eluniverso.com/rss/gran_guayaquil.xml", "section_title": "ELUNIVERSO.COM - Gran Guayaquil", "url": "http://www.eluniverso.com/vida-estilo/2016/10/02/nota/5831437/euvyepag7021020163", "country": "US", "domain_rank": 1753, "title": "El evangelio de hoy", "performance_score": 0, "site": "eluniverso.com", "participants_count": 0, "title_full": "El evangelio de hoy", "spam_score": 0.0, "site_type": "news", "published": "2016-10-02T13:00:00.000+03:00", "replies_count": 0, "uuid": "6372d93580ceeb97136b7fe1035c85d29bf6c372"}, "author": "", "url": "http://www.eluniverso.com/vida-estilo/2016/10/02/nota/5831437/euvyepag7021020163", "ord_in_thread": 0, "title": "El evangelio de hoy", "locations": [], "entities": {"persons": [], "locations": [], "organizations": []}, "highlightText": "", "language": "spanish", "persons": [], "text": "  El evangelio de hoy \n#1 Lectura de la profecía de Habacuc (1,2-3;2,2-4): ¿Hasta cuándo clamaré, Señor, sin que me escuches? ¿Te gritaré: «Violencia», sin que me salves? ¿Por qué me haces ver desgracias, me muestras trabajos, violencias y catástrofes, surgen luchas, se alzan contiendas? \nEl Señor me respondió así: “Escribe la visión, grábala en tablillas, de modo que se lea de corrido. La visión espera su momento, se acerca su término y no fallará; si tarda, espera, porque ha de llegar sin retrasarse. El injusto tiene el alma hinchada, pero el justo vivirá por su fe”. Palabra de Dios \n#2 Lectura de la segunda carta del apóstol san Pablo a Timoteo (1,6-8.13-14): Reaviva el don de Dios, que recibiste cuando te impuse las manos; porque Dios no nos ha dado un espíritu cobarde, sino un espíritu de energía, amor y buen juicio. \nNo te avergüences de dar testimonio de nuestro Señor y de mí, su prisionero. Toma parte en los duros trabajos del Evangelio, según la fuerza de Dios. Ten delante la visión que yo te di con mis palabras sensatas y vive con fe y amor en Cristo Jesús. Guarda este precioso depósito con la ayuda del Espíritu Santo que habita en nosotros. \nPalabra de Dios", "external_links": [], "published": "2016-10-02T13:00:00.000+03:00", "crawled": "2016-10-02T13:32:58.938+03:00", "highlightTitle": ""}