{"organizations": [], "uuid": "9dead147e191ca00a581298a7b2e10a785043a72", "thread": {"social": {"gplus": {"shares": 0}, "pinterest": {"shares": 0}, "vk": {"shares": 0}, "linkedin": {"shares": 0}, "facebook": {"likes": 0, "shares": 0, "comments": 0}, "stumbledupon": {"shares": 0}}, "site_full": "ecodiario.eleconomista.es", "main_image": "http://s03.s3c.es/imag3/logos/economista/bg-ee-facebook.jpg", "site_section": "", "section_title": "", "url": "http://ecodiario.eleconomista.es/espana/noticias/7862939/10/16/La-Comunidad-da-luz-verde-al-nuevo-contrato-de-limpieza-en-9-hospitales-publicos.html", "country": "US", "domain_rank": 3233, "title": "La Comunidad da luz verde al nuevo contrato de limpieza en 9 hospitales públicos - EcoDiario.es", "performance_score": 0, "site": "eleconomista.es", "participants_count": 0, "title_full": "La Comunidad da luz verde al nuevo contrato de limpieza en 9 hospitales públicos - EcoDiario.es", "spam_score": 0.2, "site_type": "news", "published": "2016-10-01T20:55:00.000+03:00", "replies_count": 0, "uuid": "9dead147e191ca00a581298a7b2e10a785043a72"}, "author": "", "url": "http://ecodiario.eleconomista.es/espana/noticias/7862939/10/16/La-Comunidad-da-luz-verde-al-nuevo-contrato-de-limpieza-en-9-hospitales-publicos.html", "ord_in_thread": 0, "title": "La Comunidad da luz verde al nuevo contrato de limpieza en 9 hospitales públicos - EcoDiario.es", "locations": [], "entities": {"persons": [], "locations": [], "organizations": []}, "highlightText": "", "language": "spanish", "persons": [], "text": "La Comunidad da luz verde al nuevo contrato de limpieza en 9 hospitales públicos 1/10/2016 - 12:55 Convenio colectivo Enlaces relacionados El TSJ inadmite el recurso de la Universidad Católica contra la exclusión de las prácticas en hospitales públicos (23/09) \nLa Comunidad de Madrid va a contratar, por procedimiento abierto y pluralidad de criterios, el servicio de limpieza integral de nueve hospitales y sus centros de Atención Especializada, así como del Centro de Transfusión, organismos todos ellos del Servicio Madrileño de Salud. \nMADRID, 1 (EUROPA PRESS) \nLa Comunidad de Madrid va a contratar, por procedimiento abierto y pluralidad de criterios, el servicio de limpieza integral de nueve hospitales y sus centros de Atención Especializada, así como del Centro de Transfusión, organismos todos ellos del Servicio Madrileño de Salud. \nAsí, el Gobierno regional destinará 112.768.014,90 euros, distribuidos en tres lotes y durante un periodo de 31 meses a partir del 1 de enero de 2017, ha informado hoy el Ejecutivo autonómico en una nota de prensa. \nEn este nuevo procedimiento se hace especial hincapié en la salvaguarda de los derechos de los trabajadores, la adecuación de las superficies a los lotes de adjudicación y los servicios complementarios que aporten las empresas, han indicado. \nAdemás de la valoración del precio ofertado, con 80 puntos, también se valora con 20 puntos servicios complementarios como la desinsectación, desinfección y desratización y aspectos concretos como la instalación de secamanos eléctricos. \nLos complejos hospitalarios incluidos son el Ramón y Cajal, Niño Jesús, Clínico San Carlos, Santa Cristina, Virgen de la Torre, La Princesa, Príncipe de Asturias, Getafe y El Escorial y sus Centros de Especialidades y de Salud Mental adscritos, así como el Centro de Trasfusión de la Comunidad. \nEl Gobierno regional ha resaltado también que se penalizará por no cubrir las bajas laborales. También se obliga a que se respete el convenio colectivo del centro y se penalizan las bajas no cubiertas, especialmente en zonas críticas. El nuevo contrato refuerza las penalizaciones por incumplimiento de la calidad del servicio, que se ocupará, entre otros, de la limpieza de los edificios, instalaciones y equipamientos. Enlaces relacionados ", "external_links": [], "published": "2016-10-01T20:55:00.000+03:00", "crawled": "2016-10-02T04:18:21.313+03:00", "highlightTitle": ""}