{"organizations": [], "uuid": "b5ec24325cff5efa756f05cb6c7f095464887859", "thread": {"social": {"gplus": {"shares": 0}, "pinterest": {"shares": 0}, "vk": {"shares": 0}, "linkedin": {"shares": 0}, "facebook": {"likes": 0, "shares": 0, "comments": 0}, "stumbledupon": {"shares": 0}}, "site_full": "www.el-nacional.com", "main_image": "", "site_section": "http://el-nacional.com/rss/", "section_title": "El Nacional - Home", "url": "http://www.el-nacional.com/politica/Denuncian-inciminar-Juan-Carlos-Caldera_0_932906839.html", "country": "US", "domain_rank": 1868, "title": "Dirigentes opositores denuncian plan para inciminar a Juan Carlos Caldera", "performance_score": 0, "site": "el-nacional.com", "participants_count": 1, "title_full": "Dirigentes opositores denuncian plan para inciminar a Juan Carlos Caldera", "spam_score": 0.0, "site_type": "news", "published": "2016-10-04T01:08:00.000+03:00", "replies_count": 0, "uuid": "b5ec24325cff5efa756f05cb6c7f095464887859"}, "author": "el-nacional.com", "url": "http://www.el-nacional.com/politica/Denuncian-inciminar-Juan-Carlos-Caldera_0_932906839.html", "ord_in_thread": 0, "title": "Dirigentes opositores denuncian plan para inciminar a Juan Carlos Caldera", "locations": [], "entities": {"persons": [], "locations": [], "organizations": []}, "highlightText": "", "language": "spanish", "persons": [], "text": "El presidente de la Asamblea Nacional, Henry Ramos Allup, publicó en su cuenta de Twitter un mensaje en el que denunciaba un presunto plan del Servicio Bolivariano de Inteligencia para incriminar al dirigente de Primero Justicia, Juan Carlos Caldera.\nPor su parte Luis Florido, diputado a la AN por el estado Lara, mostró su solidaridad con el dirigente de PJ mediante un tuit, en el que aseguró que \"no podrán con la Unidad\". \nCaldera se pronunció en su cuenta, declarando que el diputado Tomás Guanipa reveló que el presunto plan consiste en sembrarle armas y explosivos al dirigente opositor, agregando que su lucha \"ha sido, es, y será en el camino democrático (...) No hay amedrentamiento o pesecución que detenga nuestro compromiso\", sentencIó el dirigente de PJ.\n\n\nDenunciamos esbirros sebin preparan plan delictivo siembra \"pruebas\" falsas (armas y explosivos) para incriminar a @CalderaJuan .\n— Henry Ramos Allup (@hramosallup) 3 de octubre de 2016 \n\nSolidario con el dirigente dePJ @CalderaJuan ante el plan del régimen de sembrarle armas y explosivos. No podrán con la @unidadvenezuela \n— Luis Florido (@LuisFlorido) 3 de octubre de 2016 \n\nDENUNCIA:El Dip. Tomas Guanipa reveló un presunto plan de siembra de armas y explosivos por organos de seguridad del Estado en mi contra.1/4\n— Juan Carlos Caldera (@CalderaJuan) 3 de octubre de 2016 \n\nSiempre mi lucha ha sido, es y será en el camino democrático, con el arma mas poderosa del pueblo: EL VOTO. Allí me mantendré firme 2/4\n— Juan Carlos Caldera (@CalderaJuan) 3 de octubre de 2016 \n\nSe equivocan una vez mas conmigo, lucho desde las convicciones y no hay amedrentamiento o persecución que detenga nuestro compromiso. 3/4\n— Juan Carlos Caldera (@CalderaJuan) 3 de octubre de 2016 \nSeguire firme junto a la UNIDAD en el CNE, defendiendo el derecho de millones de Venezolanos que exigen REFERENDO REVOCATORIO 2016. 4/4\n— Juan Carlos Caldera (@CalderaJuan) 3 de octubre de 2016", "external_links": [], "published": "2016-10-04T01:08:00.000+03:00", "crawled": "2016-10-04T01:05:52.354+03:00", "highlightTitle": ""}