{"organizations": [], "uuid": "8d3ddbbd5cb33c186e409e0446be3dba1d714146", "thread": {"social": {"gplus": {"shares": 0}, "pinterest": {"shares": 0}, "vk": {"shares": 0}, "linkedin": {"shares": 0}, "facebook": {"likes": 0, "shares": 0, "comments": 0}, "stumbledupon": {"shares": 0}}, "site_full": "es.reuters.com", "main_image": "", "site_section": "", "section_title": "", "url": "http://es.reuters.com/article/businessNews/idESKCN1200WS", "country": "US", "domain_rank": 408, "title": "Telefónica pierde un 4,5% tras cancelar la colocación de Telxius | Negocios | Reuters", "performance_score": 0, "site": "reuters.com", "participants_count": 0, "title_full": "Telefónica pierde un 4,5% tras cancelar la colocación de Telxius | Negocios | Reuters", "spam_score": 0.218, "site_type": "news", "published": "2016-09-30T16:19:00.000+03:00", "replies_count": 0, "uuid": "8d3ddbbd5cb33c186e409e0446be3dba1d714146"}, "author": "", "url": "http://es.reuters.com/article/businessNews/idESKCN1200WS", "ord_in_thread": 0, "title": "Telefónica pierde un 4,5% tras cancelar la colocación de Telxius | Negocios | Reuters", "locations": [], "entities": {"persons": [], "locations": [], "organizations": []}, "highlightText": "", "language": "spanish", "persons": [], "text": "Telefónica pierde un 4,5% tras cancelar la colocación de Telxius viernes 30 de septiembre de 2016 10:19 CEST [ - ] Texto [ + ] \nMADRID (Reuters) - Las acciones de Telefónica perdían el viernes más de un 4,5 por ciento tras anunciar la víspera que cancelaba la salida a bolsa de su filial de infraestructuras Telxius al no despertar suficiente apetito inversor durante el periodo de prospección de la demanda. \n\"Se trata de la segunda operación consecutiva que Telefónica no puede llevar a cabo para reducir su deuda\", dijeron analistas de Haitong, aunque destacaron que la importancia de Telxius es relativa en relación con la venta frustrada de O2 a principios de año. \nEn todo caso, los mismos analistas dijeron que se puede argumentar también que la decisión muestra que la operadora tiene un balance suficientemente fuerte como para no aceptar cualquier precio. \nLa operadora sigue buscando alternativas con las que reducir sus más de 52.500 millones de euros de deuda vigilada de cerca por las agencias de calificación crediticia. \nCon la colocación de Telxius, la operadora buscaba captar al menos 1.200 millones de euros y ahora seguirá analizando \"alternativas estratégicas\" que podrían incluir una eventual venta parcial mientras trabaja con la posible opv de O2 (con la que podría captar tres veces más). \nLas acciones de Telefónica perdían a las 10 y 10 hora local un 4,6 por ciento a 8,965 euros. © Thomson Reuters 2016 All rights reserved. ", "external_links": [], "published": "2016-09-30T16:19:00.000+03:00", "crawled": "2016-10-03T23:29:46.677+03:00", "highlightTitle": ""}