{"organizations": [], "uuid": "a76c21aa23a4b7faedc1b5842b135920ae9d91d5", "thread": {"social": {"gplus": {"shares": 0}, "pinterest": {"shares": 0}, "vk": {"shares": 0}, "linkedin": {"shares": 0}, "facebook": {"likes": 0, "shares": 0, "comments": 0}, "stumbledupon": {"shares": 0}}, "site_full": "es.noticias.yahoo.com", "main_image": "https://s.yimg.com/uu/api/res/1.2/APT70K18wTh3Yk1qxgQYhw--/aD01MzM7dz04MDA7c209MTthcHBpZD15dGFjaHlvbg--/http://media.zenfs.com/es_ES/News/efe.com.es/12189880w.jpg", "site_section": "https://es.noticias.yahoo.com/rss/", "section_title": "Yahoo Noticias España - Los titulares de hoy", "url": "https://es.noticias.yahoo.com/elorza-duda-s%C3%A1nchez-volver-ganar-primarias-psoe-085412556.html", "country": "US", "domain_rank": 5, "title": "Elorza no duda de que Sánchez podrá volver para ganar las primarias del PSOE", "performance_score": 0, "site": "yahoo.com", "participants_count": 0, "title_full": "Elorza no duda de que Sánchez podrá volver para ganar las primarias del PSOE", "spam_score": 0.0, "site_type": "news", "published": "2016-10-03T16:54:00.000+03:00", "replies_count": 0, "uuid": "a76c21aa23a4b7faedc1b5842b135920ae9d91d5"}, "author": "", "url": "https://es.noticias.yahoo.com/elorza-duda-s%C3%A1nchez-volver-ganar-primarias-psoe-085412556.html", "ord_in_thread": 0, "title": "Elorza no duda de que Sánchez podrá volver para ganar las primarias del PSOE", "locations": [], "entities": {"persons": [], "locations": [], "organizations": []}, "highlightText": "", "language": "spanish", "persons": [], "text": "El diputado socialista Odón Elorza. EFE/Archivo Más San Sebastián, 3 oct (EFE).- El diputado socialista Odón Elorza, ha señalado que \"no tiene dudas\" de que el exsecretario general del PSOE Pedro Sánchez \"podrá volver, con un discurso victimista, para ganar\" las primarias del partido ya que cuenta con el \"apoyo de gran parte de la militancia\". En una entrevista en Onda Vasca, Elorza ha dicho que ésta ha sido una \"semana negra\" para el PSOE en la que \"se han sucedido los errores\" y una \"serie de órdagos\" políticos que han conducido a un \"suicidio colectivo gratuito e innecesario\". El exalcalde de San Sebastián ha considerado que Sánchez tiene \"legitimidad\" para presentarse a las primarias \"igual que Susana Díaz\" pero ha indicado que \"puede haber una tercera persona que reúna legitimidad\" y \"no haya tenido un papel\" en las discusiones \"lamentables\" del partido. Elorza ha remarcado que del comité federal celebrado el sábado \"ha salido derrotado el PSOE y la ciudadanía\" y ha reconocido que siente \"vergüenza\" cuando la gente que les ha apoyado pregunta por la calle \"qué ha hecho\" el partido con la confianza que le han otorgado y \"para qué se enfrentan de esa manera\". Ha señalado que Sánchez ha salido del comité federal como \"víctima de una serie de malas artes para expulsarlo, de una presión desde los medios comunicación, desde la derecha y desde el propio partido por los resultados electorales\". Sánchez, ha agregado que \"sale con la fuerza de una gran parte de la militancia socialista y no se va a quemar en las decisiones importantes\" como la abstención o no sobre la investidura a Mariano Rajoy o el resultado de unas posibles terceras elecciones. El diputado socialista ha subrayado que \"se ha perdido la oportunidad\" de \"intentar con convencimiento\" la construcción de un gobierno alternativo al PP que, a su juicio, \"era perfectamente posible\" y ha deseado \"que la gestora\" nombrada en el partido socialista \"acierte con los pasos a dar y se abra definitivamente al debate\". Rebloguear", "external_links": [], "published": "2016-10-03T16:54:00.000+03:00", "crawled": "2016-10-03T12:36:23.341+03:00", "highlightTitle": ""}