{"organizations": [], "uuid": "36739cc1be2ccfe9d7ae4e1e9a6c2af4de12bbab", "thread": {"social": {"gplus": {"shares": 0}, "pinterest": {"shares": 0}, "vk": {"shares": 0}, "linkedin": {"shares": 0}, "facebook": {"likes": 0, "shares": 0, "comments": 0}, "stumbledupon": {"shares": 0}}, "site_full": "www.debate.com.mx", "main_image": "http://www.debate.com.mx/__export/1475291369467/sites/debate/img/2016/09/30/diaridetarragona1.jpg_1637213498.jpg", "site_section": "http://www.debate.com.mx/rss.html", "section_title": "EL DEBATE - RSS", "url": "http://www.debate.com.mx/mundo/Caen-presuntos-polizones-que-transportaban-cocaina-20160930-0221.html", "country": "MX", "domain_rank": 2269, "title": "Caen presuntos polizones que transportaban cocaína", "performance_score": 0, "site": "debate.com.mx", "participants_count": 0, "title_full": "Caen presuntos polizones que transportaban cocaína", "spam_score": 0.0, "site_type": "news", "published": "2016-10-01T11:15:00.000+03:00", "replies_count": 0, "uuid": "36739cc1be2ccfe9d7ae4e1e9a6c2af4de12bbab"}, "author": "", "url": "http://www.debate.com.mx/mundo/Caen-presuntos-polizones-que-transportaban-cocaina-20160930-0221.html", "ord_in_thread": 0, "title": "Caen presuntos polizones que transportaban cocaína", "locations": [], "entities": {"persons": [], "locations": [], "organizations": []}, "highlightText": "", "language": "spanish", "persons": [], "text": "Publicada el 30/09/2016 - 21:15 HS Caen presuntos polizones que transportaban cocaína Para el general Nieto \"esta es una nueva modalidad\" para enviar la droga fuera del país \nFoto temática 0 0 \nBogotá, Colombia.- Las autoridades informaron el viernes la captura de 11 presuntos polizones y dijeron que eran utilizados por narcotraficantes para enviar cocaína al exterior en una nueva modalidad en el trasiego de la droga. \nEl director de la policía colombiana, general Jorge Nieto, en rueda de prensa, señaló que los narcotraficantes los trasladaban en lanchas hasta buques cargueros y petroleros en la oscuridad de la noche y los subían como polizones con la cocaína para llevarlas a diferentes países. \nEsta operación la realizaban en naves en ancladas en los puertos de Cartagena de Indias y Barranquilla, en el norte de Colombia. \nPara el general Nieto \"esta es una nueva modalidad\" para enviar la droga fuera del país. \nNieto explicó que los polizones mantenían contacto telefónico desde los buques con miembros de la red de narcotraficantes del Clan Usuga, principal red de narcotráfico colombiano, y recibían información de los contactos a quienes deberían entregar la cocaína en el exterior. \nLas capturas de los 11, todos colombianos, se realizaron en los últimos tres días en las ciudades de Popayán, Buenaventura, Palmira, Maicao, Cartagena y Barranquilla. También se le incautaron 246 kilogramos de cocaína. \nCon información de AP", "external_links": [], "published": "2016-10-01T11:15:00.000+03:00", "crawled": "2016-10-01T06:29:53.957+03:00", "highlightTitle": ""}