{"organizations": [], "uuid": "7eb37a31002b9c8f0b8d2f010e37cca0dfbca7af", "thread": {"social": {"gplus": {"shares": 0}, "pinterest": {"shares": 0}, "vk": {"shares": 0}, "linkedin": {"shares": 0}, "facebook": {"likes": 0, "shares": 0, "comments": 0}, "stumbledupon": {"shares": 0}}, "site_full": "ecodiario.eleconomista.es", "main_image": "http://s03.s3c.es/imag3/logos/economista/bg-ee-facebook.jpg", "site_section": "", "section_title": "", "url": "http://ecodiario.eleconomista.es/espana/noticias/7862681/10/16/Agrosiero-acoge-el-VII-Concursu-Nacional-de-Gochu-Asturcelta.html", "country": "US", "domain_rank": 3233, "title": "Agrosiero acoge el VII Concursu Nacional de Gochu Asturcelta - EcoDiario.es", "performance_score": 0, "site": "eleconomista.es", "participants_count": 0, "title_full": "Agrosiero acoge el VII Concursu Nacional de Gochu Asturcelta - EcoDiario.es", "spam_score": 0.66, "site_type": "news", "published": "2016-10-01T18:04:00.000+03:00", "replies_count": 0, "uuid": "7eb37a31002b9c8f0b8d2f010e37cca0dfbca7af"}, "author": "", "url": "http://ecodiario.eleconomista.es/espana/noticias/7862681/10/16/Agrosiero-acoge-el-VII-Concursu-Nacional-de-Gochu-Asturcelta.html", "ord_in_thread": 0, "title": "Agrosiero acoge el VII Concursu Nacional de Gochu Asturcelta - EcoDiario.es", "locations": [], "entities": {"persons": [], "locations": [], "organizations": []}, "highlightText": "", "language": "spanish", "persons": [], "text": "Agrosiero acoge el VII Concursu Nacional de Gochu Asturcelta 1/10/2016 - 10:04 \nMedio centanar de ejemplares de gochu asturcelta de unas cinco ganaderías se darán cita en Agrosiero para celebrar su VII Concursu Nacional éste sábado y domingo. Será en el mercado de ganados de Pola de Siero en un acto está organizado por la Asociación de Criadores del Gochu Asturcelta, ACGA, y gracias a la ayuda del Ayuntamiento de Siero. \nOVIEDO, 30 (EUROPA PRESS) \nAl haber menos ejemplares para esta edición, la cuantía de los premios se verá mermada en sus respectivas categorías, siendo: mejor berrón, mejor gocha, mejor llabasca (hembra menor de siete meses), mejor llabascu (macho menor de siete meses), mejor rebaño, mejor gocha con gochines (todas ellas se evaluarán este sábado desde las 10 horas) y el Nacional de Manejo del Gochu, esta última se desarrollará el domingo a las 12.00 horas en su segunda edición y que consistirá en mostrar la habilidad de guía que posee el ganadero sobre el animal a través de un circuito de obstáculos. \nEste sábado a las 17.00 horas, tendrá lugar una ponencia sobre embutidos y salazones, donde se enseñará a embutir chorizos y morcillas y a preparar un jamón para salar. También habrá degustación para todo el público. Ya el domingo y a la misma hora, los jóvenescocineros Borja Alcázar y Pablo Arbesú cocinarán diferentes platos con el gochu asturcelta como ingrediente principal. \nUn año más, la Asociación de Criadores del Gochu Asturcelta entregará su galardón anual 'Amigos del Gochu', que reconoce aquellas personas o asociaciones que muestren su compromiso por Asturias y por el gochu asturcelta. \nEste año los premiados son Nacho Manzano, cocinero y dos estrellas 'Michelín', por haber incluido al gochu asturcelta en su carta; y Daniel Berdasco, gerente de la empresa cárnica Benfer, por haber donado casi 6.000 euros en las dos subastas benéficas que ACGA viene celebrando en Grado. Otras noticias El flash: toda la última hora 1/10 ", "external_links": [], "published": "2016-10-01T18:04:00.000+03:00", "crawled": "2016-10-02T04:17:38.420+03:00", "highlightTitle": ""}