{"organizations": [], "uuid": "09cdf2aa568cbecf27f4bb5f97ae9dae380ff761", "thread": {"social": {"gplus": {"shares": 0}, "pinterest": {"shares": 0}, "vk": {"shares": 0}, "linkedin": {"shares": 0}, "facebook": {"likes": 0, "shares": 0, "comments": 0}, "stumbledupon": {"shares": 0}}, "site_full": "www.milenio.com", "main_image": "http://www.milenio.com/estados/desbordamiento-presa-Hielo-provoco-emergencia_MILIMA20161001_0024_14.jpg", "site_section": "http://www.milenio.com/estados/", "section_title": "Estados - Grupo Milenio", "url": "http://www.milenio.com/estados/Lluvias_en_Durango_dejan_cinco_muertos-inundaciones_en_Durango-lluvias_en_Mexico_0_821317881.html", "country": "US", "domain_rank": 8394, "title": "Lluvias en Durango dejan cinco muertos", "performance_score": 0, "site": "milenio.com", "participants_count": 1, "title_full": "Lluvias en Durango dejan cinco muertos - Grupo Milenio", "spam_score": 0.062, "site_type": "news", "published": "2016-10-01T12:19:00.000+03:00", "replies_count": 0, "uuid": "09cdf2aa568cbecf27f4bb5f97ae9dae380ff761"}, "author": "Redacción", "url": "http://www.milenio.com/estados/Lluvias_en_Durango_dejan_cinco_muertos-inundaciones_en_Durango-lluvias_en_Mexico_0_821317881.html", "ord_in_thread": 0, "title": "Lluvias en Durango dejan cinco muertos", "locations": [], "entities": {"persons": [], "locations": [], "organizations": []}, "highlightText": "", "language": "spanish", "persons": [], "text": "478x324 El desbordamiento de la presa Del Hielo provocó la emergencia. (Especial)\n478x324 La precipitación duró casi ocho horas. (Notimex)\nRedacción 01/10/2016 04:19 AM\nMéxico\nEl fallecimiento de cinco personas, entre ellas, dos mujeres y un menor de edad, además de inundaciones y daños severos en viviendas, fueron el resultado de las intensas lluvias que cayeron la madrugada de este viernes en la ciudad de Durango.\nDe acuerdo con reportes oficiales, las afectaciones se presentan en 80 por ciento de la zona noroeste y oriente de la ciudad, que sufrieron inundaciones debido al desbordamiento de la presa Del Hielo.\nEl gobernador, José Rosas Aispuro, destacó durante un recorrido por la zona más devastada que “fueron ocho horas intensas de lluvia, lo que ocasionó un problema muy serio, se desbordó la presa Del Hielo, lo que generó las inundaciones y lamentablemente hay cinco decesos hasta este momento”.\nAyer al mediodía se aseguró que la situación ya estaba controlada; el mandatario estatal agradeció el apoyo al Ejército, a través del general Homero Mendoza; de Protección Civil federal, con Ricardo de la Cruz, además de la Comisión Nacional del Agua.\nReconoció al ayuntamiento todo el compromiso de las áreas de Protección Civil, que desde la noche del jueves tomaron las medidas preventivas, pero el fenómeno fue mayor a lo que se había previsto.\nDurante las horas críticas de la contingencia participaron elementos de la Unidad Estatal de Protección Civil, la Policía Estatal, la Dirección Municipal de Protección Civil, Bomberos, el Ejército, así como de la Cruz Roja.\nAPOYO FEDERAL\nProtección Civil de la Secretaría de Gobernación emitió ayer una declaratoria de emergencia extraordinaria para la capital de Durango tras las inundaciones.\nAdemás, informó que se realizaron operativos de búsqueda, rescate y salvamento de la población afectada.\nLa dependencia agregó que en coordinación con los tres órdenes de gobierno se llevan a cabo labores de limpieza y saneamiento, monitoreo constante de las presas, evacuaciones en zonas de riesgo y recorridos en las comunidades afectadas.\nSe pusieron en operación dos refugios temporales de los 18 habilitados, que albergaban hasta la tarde de ayer a 87 personas, porque la mayoría de las personas afectadas por las lluvias retornaron a sus viviendas. Dichos lugares continuarán operando ante el pronóstico de más lluvias .\nGobernación exhortó a la población a atender las recomendaciones emitidas únicamente por fuentes oficiales, así como evitar propagar rumores.\nEn tanto, se activaron los recursos del Fondo para la Atención de Emergencias (Fonden) y el gobierno estatal contará con recursos para las necesidades alimenticias, de abrigo y de salud de la población afectada.\nEn tanto, el presidente Enrique Peña Nieto instruyó ayer a la Coordinación Nacional de Protección Civil a atender a la población afectada por las fuertes lluvias.\nEl mandatario difundió este mensaje en su cuenta de Twitter: “Ante las fuertes lluvias en #Durango, he dado instrucciones a @PcSegob de respaldar al @gobdgo en la atención a la población afectada”.\nPor la tarde, el mandatario informó que el Ejército y la Marina ya se habían desplazado hasta esa entidad y se puso en marcha el Plan DN-III.\nAFECTACIONES EN LA CDMX\nLa Secretaría de Desarrollo Económico de la Ciudad de México apoya a 300 negocios que resultaron afectados por las lluvias, informó el titular de la dependencia, Salomón Chertorivski.\nEn entrevista, precisó que se ofrecen programas del gobierno a los micronegocios dañados para que puedan acceder a créditos o estímulos económicos y reponer la mercancía o el mobiliario afectado.\n“Estaremos ayudando a los pequeños negocios, tenemos 300 que resultaron con alguna afectación”, señaló al concluir la entrega de vales del programa Yo te Apoyo.\nLas lluvias de esta semana afectaron alrededor de 500 viviendas en Iztapalapa y Xochimilco y dejaron afectaciones en zonas productivas de esta última delegación al dañar cultivos de flores de cempasúchil y nochebuena.\nCon información de: Silvia Ayala, Lorena López, Daniel Venegas y Pedro Domínguez/Durango y México.", "external_links": [], "published": "2016-10-01T12:19:00.000+03:00", "crawled": "2016-10-01T20:32:55.523+03:00", "highlightTitle": ""}