{"organizations": [], "uuid": "22c68f61c57784a33ff24d0dbacc21a20e490dc1", "thread": {"social": {"gplus": {"shares": 0}, "pinterest": {"shares": 0}, "vk": {"shares": 0}, "linkedin": {"shares": 0}, "facebook": {"likes": 0, "shares": 0, "comments": 0}, "stumbledupon": {"shares": 0}}, "site_full": "www.milenio.com", "main_image": "http://www.milenio.com/policia/guanajuato-ataque-militares-comonfort_MILIMA20161001_0194_14.jpg", "site_section": "https://news.google.com.mx/news/feeds", "section_title": "Noticias destacadas: Google Noticias", "url": "http://www.milenio.com/policia/enfrentamiento-civiles-armados-muerto-soldado-guanajuato-comonfort-milenio_0_821318010.html", "country": "MX", "domain_rank": 8394, "title": "Enfrentamiento entre soldados y civiles en Guanajuato deja un muerto - Milenio.com", "performance_score": 0, "site": "milenio.com", "participants_count": 0, "title_full": "Enfrentamiento entre soldados y civiles en Guanajuato deja un muerto - Milenio.com", "spam_score": 0.0, "site_type": "news", "published": "2016-10-02T03:40:00.000+03:00", "replies_count": 0, "uuid": "22c68f61c57784a33ff24d0dbacc21a20e490dc1"}, "author": "", "url": "http://www.milenio.com/policia/enfrentamiento-civiles-armados-muerto-soldado-guanajuato-comonfort-milenio_0_821318010.html", "ord_in_thread": 0, "title": "Enfrentamiento entre soldados y civiles en Guanajuato deja un muerto - Milenio.com", "locations": [], "entities": {"persons": [], "locations": [], "organizations": []}, "highlightText": "", "language": "spanish", "persons": [], "text": "Instagram Enfrentamiento entre soldados y civiles en Guanajuato deja un muerto Un militar falleció y dos delincuentes quedaron heridos durante la balacera en el municipio de Comonfort. En el lugar se decomisaron dos armas largas, un AR-15, un AK-47 y tres vehículos de lujo. Más de policía Durante la refriega se dio una persecución entre militares y civiles armados a lo largo de 10 kilómetros. (Especial) 01/10/2016 02:24 PM Guanajuato \nUn enfrentamiento entre delincuentes y elementos del Ejército dejó como saldo un militar muerto, dos sicarios detenidos y el aseguramiento de armas largas y vehículos de lujo en el municipio de Comonfort, Guanajato. \nLos hechos se registraron a la media noche de este viernes cuando en dos camionetas y un auto circulaban unas 15 personas armadas, por el camino viejo a Comonfort cerca de la comunidad de Escobedo. \nExtraoficialmente se confirmó que se habrían encontrado de frente con una unidad del Ejército Mexicano que patrullaba la zona. \nAhí inició un primer ataque a balazos, generándose una persecución en casi 10 kilómetros hasta llegar a la comunidad de \"La Canterita\", donde el grupo armado ingresó a un racho. \nEn ese lugar la balacera se intensificó donde murió el militar y dos delincuentes quedaron heridos, el resto de los sujetos lograron huir debido a la cercanía del monte. \nA la zona llegaron elementos de la Policía Federal, Gendarmería, Fuerzas de Seguridad Pública del Estado y Ejército. \nPese a que se implementó un operativo en toda la zona hasta este momento no se ha informado la detención de alguna persona. \nLa presencia policíaca continúa bloqueando principalmente las salidas de presuntos delincuentes. \nComonfort colinda con el estado de Querétaro y con los municipios de San Miguel de Allende, Juventino Rosas, Celaya y Apaseo El Grande en Guanajuato. \nMILENIO confirmó que en la zona se aseguró dos armas largas, un AR-15 y una AK-47, además de tres automóviles, una Hummer, Avalanch y un Honda. \nLos elementos de seguridad de las diferentes corporaciones recomiendan a los ciudadanos no salir de sus casas y todos los vehículos que circulan en la zona son revisados. \nEste enfrentamiento se da a sólo horas de que civiles armados emboscaron a militares en Culiacán, Sinaloa, y asesinaran a cinco elementos del Ejército mexicano. \nERM", "external_links": [], "published": "2016-10-02T03:40:00.000+03:00", "crawled": "2016-10-01T23:16:25.860+03:00", "highlightTitle": ""}