{"organizations": [], "uuid": "f1c4a5a831a78907ffcf586172da9b6bdf426ce6", "thread": {"social": {"gplus": {"shares": 1}, "pinterest": {"shares": 0}, "vk": {"shares": 0}, "linkedin": {"shares": 0}, "facebook": {"likes": 221, "shares": 221, "comments": 0}, "stumbledupon": {"shares": 0}}, "site_full": "lagaceta.com.ar", "main_image": "http://img.lagaceta.com.ar/fotos/notas/2016/09/30/701526_20160930222928.jpg", "site_section": "http://feeds.feedburner.com/LaGaceta-General?format=xml", "section_title": "La Gaceta On Line", "url": "http://lagaceta.com.ar/nota/701526/economia/podria-haber-bono-fin-ano-se-exceptuaria-ganancias-al-medio-aguinaldo.html", "country": "AR", "domain_rank": 2102, "title": "Podría haber un bono de fin de año y se exceptuaría de Ganancias al medio aguinaldo", "performance_score": 2, "site": "lagaceta.com.ar", "participants_count": 0, "title_full": "Podría haber un bono de fin de año y se exceptuaría de Ganancias al medio aguinaldo", "spam_score": 0.0, "site_type": "news", "published": "2016-10-01T06:29:00.000+03:00", "replies_count": 0, "uuid": "f1c4a5a831a78907ffcf586172da9b6bdf426ce6"}, "author": "", "url": "http://lagaceta.com.ar/nota/701526/economia/podria-haber-bono-fin-ano-se-exceptuaria-ganancias-al-medio-aguinaldo.html", "ord_in_thread": 0, "title": "Podría haber un bono de fin de año y se exceptuaría de Ganancias al medio aguinaldo", "locations": [], "entities": {"persons": [], "locations": [], "organizations": []}, "highlightText": "", "language": "spanish", "persons": [], "text": "ANUNCIO Podría haber un bono de fin de año y se exceptuaría de Ganancias al medio aguinaldo \"Vamos a hacer un esfuerzo para beneficiar a los sectores de salarias más bajos\", dijo Prat-Gay. 14 minutos . TÉLAM CÓRDOBA.- El ministro de Hacienda de la Nación, Alfonso Prat-Gay, anunció hoy que se podría exceptuar de Ganancias al medio aguinaldo y que se trabaja para el pago de un bono de fin de año para \"los sectores de salarios más bajos\". \"Aún no definimos la forma, pero vamos a hacer un esfuerzo para pagar un bono a fin de año a los trabajadores y exceptuar del pago de Ganancias sobre el medio el aguinaldo, pero diferenciado entre los que ganen 20.000 pesos y los que cobren 1.000.000 de pesos\", dijo al exponer en la jornada de cierre de la Convención Anual del Instituto Argentino de Ejecutivos de Finanzas que se lleva a cabo en la ciudad de Córdoba. Además, habló sobre las negociaciones con los sindicalistas: \"ayer iniciamos el diálogo con los sindicatos. Era la primera vez que la CGT se sentaba con cinco ministros. Esta foto no la van a encontrar en el pasado y esto es lo que propone el Gobierno: un diálogo para avanzar en dirección a la pobreza cero\". Sobre el Indec \"Por primera vez en diez años, el INDEC nos dijo la verdad: 32,2% de los argentinos se encuentra bajo la línea de pobreza. Es una cifra que nos tiene que escandalizar\", dijo el ministro, quien subrayó que esta cuestión es \"la gran deuda pendiente de la democracia\". Asimismo, afirmó que \"es un problema que no podemos resolver solos: no es problema de un gobierno, es de la sociedad. Llegó el momento de poner punto final al ?sálvese quien pueda?, es inadmisible que uno de cada dos niños viva en la pobreza\". (TÉLAM) \nCÓRDOBA.- El ministro de Hacienda de la Nación, Alfonso Prat-Gay , anunció hoy que se podría exceptuar de Ganancias al medio aguinaldo y que se trabaja para el pago de un bono de fin de año para \"los sectores de salarios más bajos\". \n\"Aún no definimos la forma, pero vamos a hacer un esfuerzo para pagar un bono a fin de año a los trabajadores y exceptuar del pago de Ganancias sobre el medio el aguinaldo, pero diferenciado entre los que ganen 20.000 pesos y los que cobren 1.000.000 de pesos\", dijo al exponer en la jornada de cierre de la Convención Anual del Instituto Argentino de Ejecutivos de Finanzas que se lleva a cabo en la ciudad de Córdoba. \nAdemás, habló sobre las negociaciones con los sindicalistas: \"ayer iniciamos el diálogo con los sindicatos. Era la primera vez que la CGT se sentaba con cinco ministros. Esta foto no la van a encontrar en el pasado y esto es lo que propone el Gobierno: un diálogo para avanzar en dirección a la pobreza cero\". \nSobre el Indec \n\"Por primera vez en diez años, el INDEC nos dijo la verdad: 32,2% de los argentinos se encuentra bajo la línea de pobreza. Es una cifra que nos tiene que escandalizar\", dijo el ministro, quien subrayó que esta cuestión es \"la gran deuda pendiente de la democracia\". \nAsimismo, afirmó que \"es un problema que no podemos resolver solos: no es problema de un gobierno, es de la sociedad. Llegó el momento de poner punto final al ?sálvese quien pueda?, es inadmisible que uno de cada dos niños viva en la pobreza\". (TÉLAM) Comentar", "external_links": [], "published": "2016-10-01T06:29:00.000+03:00", "crawled": "2016-10-01T04:44:54.077+03:00", "highlightTitle": ""}