{"organizations": [], "uuid": "07fe14298e9f91d07127c770944bd0c4450093a9", "thread": {"social": {"gplus": {"shares": 0}, "pinterest": {"shares": 0}, "vk": {"shares": 0}, "linkedin": {"shares": 0}, "facebook": {"likes": 0, "shares": 0, "comments": 0}, "stumbledupon": {"shares": 0}}, "site_full": "es.reuters.com", "main_image": "", "site_section": "", "section_title": "", "url": "http://es.reuters.com/article/smallCapsNews/idESL5N1C94LW", "country": "US", "domain_rank": 408, "title": "EN BREVE-OHL vende un 4,425 pct de Abertis para amortizar crédito de 266 mlns eur | Reuters", "performance_score": 0, "site": "reuters.com", "participants_count": 0, "title_full": "EN BREVE-OHL vende un 4,425 pct de Abertis para amortizar crédito de 266 mlns eur | Reuters", "spam_score": 0.093, "site_type": "news", "published": "2016-10-04T00:19:00.000+03:00", "replies_count": 0, "uuid": "07fe14298e9f91d07127c770944bd0c4450093a9"}, "author": "", "url": "http://es.reuters.com/article/smallCapsNews/idESL5N1C94LW", "ord_in_thread": 0, "title": "EN BREVE-OHL vende un 4,425 pct de Abertis para amortizar crédito de 266 mlns eur | Reuters", "locations": [], "entities": {"persons": [], "locations": [], "organizations": []}, "highlightText": "", "language": "spanish", "persons": [], "text": "EN BREVE-OHL vende un 4,425 pct de Abertis para amortizar crédito de 266 mlns eur lunes 3 de octubre de 2016 18:19 CEST \n3 oct (Reuters) - Ohl \n* Dice encarga colocación de 4,425 por ciento de Abertis a UBS, Merrill Lynch y JP Morgan \n* OHL dice empleará los fondos para amortizar crédito de 266 mlns eur garantizado por acciones de Abertis y reducir deuda bruta con recurso Más información de la empresa (Información de Redacción de Madrid) © Thomson Reuters 2016 All rights reserved. \nThomson Reuters Corporate: Copyright | Aviso legal | Protección datos | Carreras \n[International Editions]: África | Árabe | Argentina | Brasil | Canadá | China | Francia | Alemania | La India | Italia | Japón | América Latina | México | Rusia (Cirílica) | España | Reino Unido | Estados Unidos \nThomson Reuters is the world's largest international multimedia news agency, providing investing news, world news, business news, technology news, headline news, small business news, news alerts, personal finance, stock market, and mutual funds information available on Reuters.com, video, mobile, and interactive television platforms. Thomson Reuters journalists are subject to an Editorial Handbook which requires fair presentation and disclosure of relevant interests. ", "external_links": [], "published": "2016-10-04T00:19:00.000+03:00", "crawled": "2016-10-03T23:30:00.661+03:00", "highlightTitle": ""}