{"organizations": [], "uuid": "c3ba843489768b75191649ee527d02136dfaa984", "thread": {"social": {"gplus": {"shares": 0}, "pinterest": {"shares": 0}, "vk": {"shares": 0}, "linkedin": {"shares": 0}, "facebook": {"likes": 2, "shares": 2, "comments": 0}, "stumbledupon": {"shares": 0}}, "site_full": "www.milenio.com", "main_image": "http://www.milenio.com/region/Ejercito-arribo-lugar_MILIMA20160930_0331_14.jpg", "site_section": "http://www.milenio.com/", "section_title": "Milenio Noticias - Diario, TV y Radio online - Grupo Milenio", "url": "http://www.milenio.com/region/Lluvia-afecta-casas-Ocoyoacac_0_820718176.html", "country": "US", "domain_rank": 8394, "title": "Lluvia afecta 250 casas de Ocoyoacac", "performance_score": 0, "site": "milenio.com", "participants_count": 1, "title_full": "Lluvia afecta 250 casas de Ocoyoacac - Grupo Milenio", "spam_score": 0.199, "site_type": "news", "published": "2016-10-01T01:41:00.000+03:00", "replies_count": 0, "uuid": "c3ba843489768b75191649ee527d02136dfaa984"}, "author": "Milenio Digital", "url": "http://www.milenio.com/region/Lluvia-afecta-casas-Ocoyoacac_0_820718176.html", "ord_in_thread": 0, "title": "Lluvia afecta 250 casas de Ocoyoacac", "locations": [], "entities": {"persons": [], "locations": [], "organizations": []}, "highlightText": "", "language": "spanish", "persons": [], "text": "El Ejército arribó al lugar. (Especial) Milenio Digital 30/09/2016 05:41 PM\nOcoyoacac\nLa presidenta municipal de Ocoyoacac, Diana Pérez Barragán, aseguró que fueron 250 domicilios los afectados por las lluvias en el Llanito, Cholula y el Pedregal.\nSeñaló que las primeras dos todavía están con problemas, porque el cauce natural de la laguna Chignahuapan provoca que los trabajos se dificulten.\nComentó que hasta ahorita hay 250 casas censadas con problemas de inundación, pero la filtración es ya severa porque algunos están abajo del nivel del río Lerma.\nDijo que la gente ya no quiere botas, ni cobijas, ni despensas, por ello solicitó al presidente Enrique Peña Nieto les apoye con un cárcamo y es un compromiso para el año próximo.\nDiana Pérez, aseguró que hicieron trabajos de prevención en los ríos Chichipicas y Ocoyoacac pero fue una lluvia atípica que provocó que se desbordaran.\nTrabajan seis bombas para rebombear calles principales de Cholula.\nEl ejército apoya en las labores de apoyo a las familias afectadas.", "external_links": [], "published": "2016-10-01T01:41:00.000+03:00", "crawled": "2016-10-01T04:24:35.796+03:00", "highlightTitle": ""}