{"organizations": [], "uuid": "3a632ce2f7e39a73b4bb7581d24d8dab625fb989", "thread": {"social": {"gplus": {"shares": 0}, "pinterest": {"shares": 0}, "vk": {"shares": 0}, "linkedin": {"shares": 0}, "facebook": {"likes": 0, "shares": 0, "comments": 0}, "stumbledupon": {"shares": 0}}, "site_full": "www.biobiochile.cl", "main_image": "http://media.biobiochile.cl/wp-content/uploads/2016/09/000_gl88c-e1475195058826-730x350.jpg", "site_section": "", "section_title": "", "url": "http://www.biobiochile.cl/noticias/deportes/futbol/futbol-internacional/2016/09/29/san-lorenzo-sera-el-rival-de-palestino-en-cuartos-de-final-de-la-copa-sudamericana.shtml", "country": "US", "domain_rank": 759, "title": "San Lorenzo serĂĄ el rival de Palestino en cuartos de final de la Copa Sudamericana", "performance_score": 0, "site": "biobiochile.cl", "participants_count": 0, "title_full": "San Lorenzo serĂĄ el rival de Palestino en cuartos de final de la Copa Sudamericana", "spam_score": 0.205, "site_type": "news", "published": "2016-09-30T05:23:00.000+03:00", "replies_count": 0, "uuid": "3a632ce2f7e39a73b4bb7581d24d8dab625fb989"}, "author": "Jeser Lara", "url": "http://www.biobiochile.cl/noticias/deportes/futbol/futbol-internacional/2016/09/29/san-lorenzo-sera-el-rival-de-palestino-en-cuartos-de-final-de-la-copa-sudamericana.shtml", "ord_in_thread": 0, "title": "San Lorenzo serĂĄ el rival de Palestino en cuartos de final de la Copa Sudamericana", "locations": [], "entities": {"persons": [], "locations": [], "organizations": []}, "highlightText": "", "language": "spanish", "persons": [], "text": "San Lorenzo serĂĄ el rival de Palestino en cuartos de final de la Copa Sudamericana 0 Jeser Lara \nSan Lorenzo clasificĂł este jueves a los cuartos de final de la Copa Sudamericana 2016 al derrotar 2-0 como visitante al venezolano Deportivo La Guaira , con incuestionable solvencia y goles de Emmanuel MĂĄs y NicolĂĄs Blandi. \nLas anotaciones de Mas y Blandi en los minutos 19 y 33 permitieron al ‘CiclĂłn’ arrasar en el partido de vuelta por los octavos de final, disputado en el estadio Metropolitano de Barquisimeto (noroeste), frente a un rival que, dominado por la frustraciĂłn, acabĂł con nueve hombres por las expulsiones de Franklin Lucena y ArquĂ­mides Figuera. \nEl conjunto de Diego Aguirre habĂ­a ganado 2-1 el encuentro de ida en el Nuevo GasĂłmetro en Buenos Aires. \nDe esta manera San Lorenzo se enfrentarĂĄ en la prĂłxima fase a Palestino, que el miĂŠrcoles eliminĂł en un infartante partido a Flamengo en Brasil. ", "external_links": [], "published": "2016-09-30T05:23:00.000+03:00", "crawled": "2016-10-01T05:33:10.776+03:00", "highlightTitle": ""}