{"organizations": [], "uuid": "5eb043f4ec7649df38f1efa794682858ac35ca12", "thread": {"social": {"gplus": {"shares": 0}, "pinterest": {"shares": 0}, "vk": {"shares": 0}, "linkedin": {"shares": 1}, "facebook": {"likes": 1, "shares": 1, "comments": 0}, "stumbledupon": {"shares": 0}}, "site_full": "www.eluniverso.com", "main_image": "http://www.eluniverso.com/sites/all/themes/eluniverso/images/eu-imagen-redes.jpg", "site_section": "http://www.eluniverso.com/rss/campeonato", "section_title": "ELUNIVERSO.COM - Campeonato", "url": "http://www.eluniverso.com/deportes/2016/10/01/nota/5829862/respiro-orientales-pelea-descenso", "country": "US", "domain_rank": 1753, "title": "Respiro de orientales en pelea del descenso", "performance_score": 0, "site": "eluniverso.com", "participants_count": 0, "title_full": "Respiro de orientales en pelea del descenso", "spam_score": 0.0, "site_type": "news", "published": "2016-10-01T13:00:00.000+03:00", "replies_count": 0, "uuid": "5eb043f4ec7649df38f1efa794682858ac35ca12"}, "author": "", "url": "http://www.eluniverso.com/deportes/2016/10/01/nota/5829862/respiro-orientales-pelea-descenso", "ord_in_thread": 0, "title": "Respiro de orientales en pelea del descenso", "locations": [], "entities": {"persons": [], "locations": [], "organizations": []}, "highlightText": "", "language": "spanish", "persons": [], "text": "Sábado, 1 de octubre, 2016 Respiro de Aucas en pelea del descenso Manta \nAucas rescató un punto en su visita a Delfín (1-1), resultado que no le permitió ascender en la tabla, pero que suma en su pelea por salvar el descenso. \nCon juego asociado y velocidad por las bandas, el local buscó sorprender en el arranque. Delfín controló el balón, pero no encontró claridad en los metros finales y Aucas reaccionó. \nLos visitantes equilibraron el medio campo y apelaron a un juego vertical para llegar al área de los manabitas. \nObligados a ganar, los dos planteles se lanzaron al ataque; sin embargo, en el ida y vuelta se lucieron los goleros. \nEzequiel Vidal pudo anotar de chilena (35m), pero la acción fue controlada por el golero de Aucas, Johan Padilla, que luego, al 39m, desvió otro remate de Maximiliano Barreiro. \nEl gol llegó de penal. Miguel Ibarra derribó a Villacrés en el área (41m) y se sancionó penal, anotado por Preciado al 42m, para el 1-0 visitante. \nEn la segunda mitad se repitió el libreto inicial, con Delfín en domino del balón, pero otra vez la figura de Padilla evitó el gol manabita, en remates de José Valle y Efrén Mera. \nDelfín obligó a replegarse a Aucas y al 62m encontró una acción penal discutida, que dejó la expulsión del zaguero Édison Carcelén y el empate a 1 (64m), obra de Barreiro. \nEn la recta final, el local no pudo sacar ventaja en cancha y predominó un ordenado sistema defensivo de Aucas, que sumó un punto, pero no sale del fondo de la tabla. (D) \nDELFÍN 1 Ortiz; Ibarra (F. Caicedo, 65m), Saucedo, Silva, Aguirre; Jordan Sierra, Mera (Macías, 90m), Cangá, Vidal; Valle (Alman, 84m), Barreiro. DT: Octavio Zambrano. \nAUCAS 1 Padilla; Quiñónez, J. Hurtado, Carcelén, Suárez; C. Hurtado, Bolaños, Preciado, Rojas (Betancourt, 82m), Borja (Bonett, 70m); Villacrés (Corozo, 66m). DT: Armando Osma. \nÁrbitro: Omar Ponce. Amonestó a Padilla (56m), Rojas (67m), Bolaños (67m) de Aucas. Expulsó a Carcelén (62m) de Aucas. Incidencias: Partido de la décima jornada del campeonato nacional disputado en el estadio Jocay ante 1.500 aficionados aproximadamente.", "external_links": [], "published": "2016-10-01T13:00:00.000+03:00", "crawled": "2016-10-01T15:43:57.213+03:00", "highlightTitle": ""}