{"organizations": [], "uuid": "b93c11acbc138e5f08f0a4dacb023d2f8fb2d9db", "thread": {"social": {"gplus": {"shares": 0}, "pinterest": {"shares": 0}, "vk": {"shares": 0}, "linkedin": {"shares": 0}, "facebook": {"likes": 14, "shares": 14, "comments": 0}, "stumbledupon": {"shares": 0}}, "site_full": "www.eluniversal.com", "main_image": "http://cdnmed.eluniversal.com//resources/jpg/2/2/1475454282722.jpg", "site_section": "", "section_title": "", "url": "http://www.eluniversal.com/noticias/internacional/santos-timochenko-reconoce-victoria-del-plebiscito-colombiano_594514", "country": "US", "domain_rank": 6697, "title": "Santos y \"Timochenko\" reconoce... - Internacional | EL UNIVERSAL", "performance_score": 0, "site": "eluniversal.com", "participants_count": 0, "title_full": "Santos y \"Timochenko\" reconoce... - Internacional | EL UNIVERSAL", "spam_score": 0.19, "site_type": "news", "published": "2016-10-03T08:43:00.000+03:00", "replies_count": 0, "uuid": "b93c11acbc138e5f08f0a4dacb023d2f8fb2d9db"}, "author": "Yarexi", "url": "http://www.eluniversal.com/noticias/internacional/santos-timochenko-reconoce-victoria-del-plebiscito-colombiano_594514", "ord_in_thread": 0, "title": "Santos y \"Timochenko\" reconoce... - Internacional | EL UNIVERSAL", "locations": [], "entities": {"persons": [], "locations": [], "organizations": []}, "highlightText": "", "language": "spanish", "persons": [], "text": "02 de octubre de 2016 20:24 PM Actualizado el 02 de octubre de 2016 20:38 PM PARA COMPARTIR \nLíder de las Farc reitera disposición de la guerrila a \"usar la palabra como única arma\". \nCaracas.- “Soy el primero en reconocer este resultado”, dijo este viernes Juan Manuel Santos, presidente de Colombia, sobre la victoria del “no” en el plebiscito sobre el acuerdo paz entre el Gobierno y la guerrilla de las FARC. También manifestó que el cese al fuego bilateral y de hostilidades sigue vigente. \n“Buscaremos puntos de encuentro que garanticen la paz de Colombia”, aseguró el mandatario en una alocución. Añadió que giró instrucciones para que las autoridades mantengan informadas a las FARC sobre la decisión de los colombianos , en la que 50,23% votó a favor del “no” y 49,76 por el “sí”. \nAnunció que convocará a todas las fuerzas políticas, sobre todo a las que se inclinaron por el “no”. \n“No me rendiré, seguiré buscando la paz hasta el último minuto de mi mandato porque ese es el camino para dejarles un mejor país a nuestros hijos”, concluyó el mandatario colombiano. \nPor su parte, Rodrigo Londoño Echeverri, conocido como “Timochenko” dijo al canal Caracol que las Fuerzas Armadas Revolucionarias de Colombia (Farc) “reiteran su disposición de usar solamente la palabra como arma de construcción hacia el futuro”. \nContenido relacionado ", "external_links": [], "published": "2016-10-03T08:43:00.000+03:00", "crawled": "2016-10-03T03:44:17.715+03:00", "highlightTitle": ""}