{"organizations": [], "uuid": "7c050d752f0f0b66c7031e9229328bc8d2feb9a6", "thread": {"social": {"gplus": {"shares": 0}, "pinterest": {"shares": 0}, "vk": {"shares": 0}, "linkedin": {"shares": 0}, "facebook": {"likes": 8, "shares": 8, "comments": 0}, "stumbledupon": {"shares": 0}}, "site_full": "lagaceta.com.ar", "main_image": "http://img.lagaceta.com.ar/fotos/notas/2016/10/02/701702_20161002191628.jpg", "site_section": "http://feeds.feedburner.com/LaGacetaUltimoMomento?format=xml", "section_title": "La Gaceta On Line", "url": "http://lagaceta.com.ar/nota/701702/deportes/colon-le-gano-defensa-se-mantiene-pelea.html", "country": "AR", "domain_rank": 2102, "title": "Colón le ganó a Defensa y se mantiene en la pelea", "performance_score": 0, "site": "lagaceta.com.ar", "participants_count": 0, "title_full": "Colón le ganó a Defensa y se mantiene en la pelea", "spam_score": 0.0, "site_type": "news", "published": "2016-10-03T04:06:00.000+03:00", "replies_count": 0, "uuid": "7c050d752f0f0b66c7031e9229328bc8d2feb9a6"}, "author": "", "url": "http://lagaceta.com.ar/nota/701702/deportes/colon-le-gano-defensa-se-mantiene-pelea.html", "ord_in_thread": 0, "title": "Colón le ganó a Defensa y se mantiene en la pelea", "locations": [], "entities": {"persons": [], "locations": [], "organizations": []}, "highlightText": "", "language": "spanish", "persons": [], "text": "Colón le ganó a Defensa y se mantiene en la pelea Hace 6 minutos DEPORTESENRED.COM ampliar (1 foto) Olivera marcó el gol del \"Sabalero\", que jugó mejor. Mirá el gol. \nSANTA FE.- Colón arrancó con todo, sólido y tranquilo arriba para abrir la cuenta ante el complicado Defensa y Justicia a los 10 minutos de juego y de ahi no paró. Ganó 1-0 y trepó en la tabla. \nEl autor del gol \"Sabalero\" fue Olivera, que certificó el gran arranque de su equipo, necesario porque al igual que el rival, debe sumar para escaparle al descenso. Eso sólo le sirvió a los santafecinos para poder sumar de a tres y comenzar a soñar con dar pelea entre los de arriba. \nDefensa, que tan bien había jugado contra River esta vez no llegó al arco y se fue con las manos vacías del Cementerio de los Elefantes. ¡GOL DE COLÓN! Olivera abre el marcador ante Defensa y Justicia, en Santa Fe https://t.co/QXYF0GFHvR", "external_links": [], "published": "2016-10-03T04:06:00.000+03:00", "crawled": "2016-10-03T02:25:46.296+03:00", "highlightTitle": ""}