{"organizations": [], "uuid": "129a51edb2f04822ad6180710d433e3f91ff6bfa", "thread": {"social": {"gplus": {"shares": 0}, "pinterest": {"shares": 0}, "vk": {"shares": 0}, "linkedin": {"shares": 0}, "facebook": {"likes": 0, "shares": 0, "comments": 0}, "stumbledupon": {"shares": 0}}, "site_full": "www.coches.net", "main_image": "http://a.ccdn.es/cnet/2016/10/03/32217817/104370656_g.jpg", "site_section": "", "section_title": "", "url": "http://www.coches.net/mercedes-benz-clase-c-c-220-cdi-elegance-4p-diesel-2006-en-guadalajara-32217817-covo.aspx", "country": "ES", "domain_rank": 6093, "title": "mercedes-benz clase c c 220 cdi elegance Diesel Gris / Plata (gris cubanita) del 2006 con 253000km en Guadalajara 32217817", "performance_score": 0, "site": "coches.net", "participants_count": 0, "title_full": "mercedes-benz clase c c 220 cdi elegance Diesel Gris / Plata (gris cubanita) del 2006 con 253000km en Guadalajara 32217817", "spam_score": 0.75, "site_type": "news", "published": "2016-10-03T08:00:00.000+03:00", "replies_count": 0, "uuid": "129a51edb2f04822ad6180710d433e3f91ff6bfa"}, "author": "", "url": "http://www.coches.net/mercedes-benz-clase-c-c-220-cdi-elegance-4p-diesel-2006-en-guadalajara-32217817-covo.aspx", "ord_in_thread": 0, "title": "mercedes-benz clase c c 220 cdi elegance Diesel Gris / Plata (gris cubanita) del 2006 con 253000km en Guadalajara 32217817", "locations": [], "entities": {"persons": [], "locations": [], "organizations": []}, "highlightText": "", "language": "spanish", "persons": [], "text": "Garantía 12 meses (1 año) Comentarios del anunciante \nMercedes-Benz C220 CDI de 150 cv, cambio automático, acabado Elegance, 4 puertas, nacional, 253.000 km con libro de revisiones al día en servicio oficial. 12 meses de garantía incluida en el precio anunciado. Cobertura sin límite de kilómetros. Kilometraje garantizado por escrito en el contrato de compra-venta. Equipamiento: - Airbags - Cargador de CDs - Cierre centralizado - Control por voz - Control de velocidad de crucero - Climatizador dual de dos zonas - Dirección asistida - Elevalunas eléctricos - Faros antiniebla - Limitador de velocidad - Llantas de aluminio 16 pulgadas - Navegador GPS color - Retrovisores exteriores eléctricos y abatibles - Sensor de lluvia - Sensor de luz - Tapicería de tela - Teléfono integrado - Airbag del pasajero desconectable, etc. Algamauto ", "external_links": [], "published": "2016-10-03T08:00:00.000+03:00", "crawled": "2016-10-03T23:03:20.854+03:00", "highlightTitle": ""}