{"organizations": [], "uuid": "0b4b4c232ccc7fb0072fa5dc39fb6081c997d000", "thread": {"social": {"gplus": {"shares": 0}, "pinterest": {"shares": 0}, "vk": {"shares": 0}, "linkedin": {"shares": 0}, "facebook": {"likes": 0, "shares": 0, "comments": 0}, "stumbledupon": {"shares": 0}}, "site_full": "www.biobiochile.cl", "main_image": "http://media.biobiochile.cl/wp-content/uploads/2016/09/000_c19eh-e1475193484875-730x350.jpg", "site_section": "", "section_title": "", "url": "http://www.biobiochile.cl/noticias/deportes/futbol/futbol-internacional/2016/09/29/tecnico-de-argentina-senalo-que-paolo-guerrero-es-el-jugador-mas-peligroso-de-peru.shtml", "country": "US", "domain_rank": 759, "title": "TĂŠcnico de Argentina seĂąalĂł que Paolo Guerrero es el jugador mĂĄs peligroso de PerĂş", "performance_score": 0, "site": "biobiochile.cl", "participants_count": 0, "title_full": "TĂŠcnico de Argentina seĂąalĂł que Paolo Guerrero es el jugador mĂĄs peligroso de PerĂş", "spam_score": 0.509, "site_type": "news", "published": "2016-09-30T04:58:00.000+03:00", "replies_count": 0, "uuid": "0b4b4c232ccc7fb0072fa5dc39fb6081c997d000"}, "author": "Jeser Lara", "url": "http://www.biobiochile.cl/noticias/deportes/futbol/futbol-internacional/2016/09/29/tecnico-de-argentina-senalo-que-paolo-guerrero-es-el-jugador-mas-peligroso-de-peru.shtml", "ord_in_thread": 0, "title": "TĂŠcnico de Argentina seĂąalĂł que Paolo Guerrero es el jugador mĂĄs peligroso de PerĂş", "locations": [], "entities": {"persons": [], "locations": [], "organizations": []}, "highlightText": "", "language": "spanish", "persons": [], "text": "TĂŠcnico de Argentina seĂąalĂł que Paolo Guerrero es el jugador mĂĄs peligroso de PerĂş 0 Jeser Lara \nEl delantero Paolo Guerrero de la selecciĂłn peruana es el jugador mĂĄs desequilibrante y peligroso que Argentina enfrentarĂĄ en Lima en el partido por la novena fecha de la clasificatoria sudamericana al Mundial Rusia-2018, dijo el tĂŠcnico de la Albiceleste, Edgardo Bauza. \n“Me parece que el mĂĄs desequilibrante es Guerrero, por su historia y por todo lo que representa. Paolo es uno de los jugadores lĂ­deres y ese liderazgo lo pone de manifiesto en cada partido”, dijo Bauza al canal de televisiĂłn CMD desde Argentina. \n“Es un jugador que dentro del ĂĄrea resuelve muy bien las situaciones y es para los defensores muy peligroso”, comentĂł el seleccionador argentino al destacar tambiĂŠn al mediocampista Christian Cueva, del brasileĂąo Sao Paulo. \nEl ‘PatĂłn’ Bauza manifestĂł que la selecciĂłn Argentina llegarĂĄ para este duelo con tres importantes bajas por lesiĂłn: Lionel Messi, Augusto FernĂĄndez y Lucas Biglia. \n“Esperemos que en los partidos del fin de semana (torneos locales) los jugadores citados no tengan ningĂşn problema para llegar a Lima y entrenar con anticipaciĂłn”, aĂąadiĂł el DT. \nParte de la selecciĂłn albiceleste llegarĂĄ el domingo a la capital limeĂąa, mientras que los ‘legionarios’ llegarĂĄn un dĂ­a despuĂŠs. \n“Queremos tener un dĂ­a mĂĄs para entrenar porque en la convocatoria anterior solo tuvimos tres practicas. Es necesario tener un dĂ­a mĂĄs para aprovechar a los jugadores”, explicĂł. \nLos albicelestes, ubicados en el tercer lugar de la clasificatoria, jugarĂĄn ante PerĂş en Lima el 6 de octubre y recibirĂĄn a Paraguay el 11 de ese mes en la provincia de CĂłrdoba (centro). ", "external_links": [], "published": "2016-09-30T04:58:00.000+03:00", "crawled": "2016-10-01T05:34:18.092+03:00", "highlightTitle": ""}