{"organizations": [], "uuid": "a0948300dab924f8be3cf8f9ae4040d4d0451e47", "thread": {"social": {"gplus": {"shares": 0}, "pinterest": {"shares": 0}, "vk": {"shares": 0}, "linkedin": {"shares": 0}, "facebook": {"likes": 0, "shares": 0, "comments": 0}, "stumbledupon": {"shares": 0}}, "site_full": "noticieros.televisa.com", "main_image": "http://noticieros.televisa.com/content/dam/televisa/noticieros/2016/09/30/latinos-elecciones-eu.jpg/jcr:content/renditions/cq5dam.thumbnail.624.351.jpg", "site_section": "", "section_title": "", "url": "http://noticieros.televisa.com/ee-uu/2016-09-30/mas-medio-millon-inmigrantes-podrian-quedarse-votar-eu/", "country": "US", "domain_rank": 4446, "title": "Más de medio millón de inmigrantes podrían quedarse sin votar en EU", "performance_score": 0, "site": "televisa.com", "participants_count": 0, "title_full": "Más de medio millón de inmigrantes podrían quedarse sin votar en EU", "spam_score": 0.2, "site_type": "news", "published": "2016-10-01T09:30:00.000+03:00", "replies_count": 0, "uuid": "a0948300dab924f8be3cf8f9ae4040d4d0451e47"}, "author": "Noticieros Televisa", "url": "http://noticieros.televisa.com/ee-uu/2016-09-30/mas-medio-millon-inmigrantes-podrian-quedarse-votar-eu/", "ord_in_thread": 0, "title": "Más de medio millón de inmigrantes podrían quedarse sin votar en EU", "locations": [], "entities": {"persons": [], "locations": [], "organizations": []}, "highlightText": "", "language": "spanish", "persons": [], "text": "Más de medio millón de inmigrantes podrían quedarse sin votar en EU Foto: Getty Según cifras del Servicio de Ciudadanía e Inmigración de Estados Unidos (USCIS) hay 524 mil solicitudes pendientes de ciudadanos potenciales \nNUEVA YORK, Estados Unidos, sep. 30, 2016.- Más de 500 mil inmigrantes en Estados Unidos, que este año solicitaron la ciudadanía a fin de participar en los próximos comicios presidenciales, podrían quedarse sin votar por retrasos burocráticos en el procesamiento de sus solicitudes. \n\nEn un informe difundido este viernes, el organismo Alianza Nacional para los Nuevos Estadunidenses (NPNA) destacó que de acuerdo con cifras del Servicio de Ciudadanía e Inmigración de Estados Unidos (USCIS) hay 524 mil solicitudes pendientes de ciudadanos potenciales. \n\nDe septiembre de 2015, al mismo mes de este año, poco más de 928 mil individuos han solicitado la ciudadanía de Estados Unidos. Tan sólo en el tercer trimestre del año fiscal, el número de este tipo de solicitudes aumentó 32.1 por ciento respecto al mismo periodo del año anterior. \n\nEste incremento en el interés por obtener la ciudadanía se debe, en buena medida, al esfuerzo de muchos organismos civiles para convencer a inmigrantes a fin de que pudieran votar en las próximas elecciones de Estados Unidos. \n\nEn paralelo al incremento de las solicitudes ha aumentado también el retraso en su procesamiento, para sumar 524 mil 014 en el tercer trimestre de este año. \n\nEl informe precisó que los retrasos en estados columpio, que serán clave para decidir la elección, es extremadamente preocupante. Quince estados cuentan por el retraso de 441 mil 111 solicitudes pendientes de ciudadanía, lo que equivale al 84.2 por ciento del total. \n\nEl documento refiere el caso de Francisca Fierro, publicado originalmente en el diario The New York Times, una inmigrante mexicana que solicitó su ciudadanía desde enero pasado en el estado de Nevada, y que aún sigue esperando una respuesta. \n\nEl límite para registrarse para votar en Nevada es octubre 18, por lo que Fierro cuenta por apenas unos pocos días para convertirse en ciudadana y poder sufragar. \n\nEl informe resaltó que también las solicitudes para obtener beneficios en el programa de Acción Diferida (DACA) han sufrido significativos retrasos. \n\nLos retrasos tanto en las solicitudes de naturalización como en DACA apuntan a malos manejos sistémicos en el USCIS que son totalmente inaceptables, de acuerdo con el informe. \n\nNevada, un estado clave en la lucha electoral, ha registrado un aumento de 53.4 por ciento de solicitudes, pero su retraso ha aumentado 89.4 por ciento. \n\nFlorida, otro estado clave, tiene poco más de 66 mil solicitudes pendientes, lo que significa un crecimiento en el retraso en el procesamiento de 59.9 por ciento. \n\nLa directora ejecutiva de la Coalición para la Inmigración de Florida (FLIC), María Rodríguez, expresó que fallar a personas que pagaron y se esforzaron por ser ciudadanos equivale a la supresión del voto inmigrante al negar los derechos que han ganado. \n\nNuestra más profunda preocupación no es simplemente el retraso de este año, que es inexcusable, sino que éste logró crecer en el momento más crítico de nuestro proceso democrático, explicó Tara Raghuveer, subdirectora de NPNA. \n", "external_links": [], "published": "2016-10-01T09:30:00.000+03:00", "crawled": "2016-10-01T04:31:33.836+03:00", "highlightTitle": ""}