{"organizations": [], "uuid": "50f9cb07e105cf9c04d8a2c4d78695b4c85711c2", "thread": {"social": {"gplus": {"shares": 0}, "pinterest": {"shares": 0}, "vk": {"shares": 0}, "linkedin": {"shares": 0}, "facebook": {"likes": 0, "shares": 0, "comments": 0}, "stumbledupon": {"shares": 0}}, "site_full": "internacional.elpais.com", "main_image": "http://ep00.epimg.net/internacional/imagenes/2016/10/03/actualidad/1475522474_497136_1475522666_rrss_normal.jpg", "site_section": "http://www.elpais.com/rss/feed.html?feedId=17070", "section_title": "Noticias sobre Conflictos", "url": "http://internacional.elpais.com/internacional/2016/10/03/actualidad/1475522474_497136.html", "country": "ES", "domain_rank": 485, "title": "La tragedia de Sergio Jaramillo", "performance_score": 0, "site": "elpais.com", "participants_count": 1, "title_full": "La tragedia de Sergio Jaramillo | Internacional | EL PAÍS", "spam_score": 0.0, "site_type": "news", "published": "2016-10-04T05:24:00.000+03:00", "replies_count": 0, "uuid": "50f9cb07e105cf9c04d8a2c4d78695b4c85711c2"}, "author": "John Carlin", "url": "http://internacional.elpais.com/internacional/2016/10/03/actualidad/1475522474_497136.html", "ord_in_thread": 0, "title": "La tragedia de Sergio Jaramillo", "locations": [], "entities": {"persons": [], "locations": [], "organizations": []}, "highlightText": "", "language": "spanish", "persons": [], "text": "Según anciana tradición, la tragedia requiere un muerto. Habrá muchos, a no ser que los dioses se apiaden de Colombia, como consecuencia del voto en el plebiscito del domingo en contra de la paz y a favor de la guerra. Pero si fuese posible que existiera un héroe trágico capaz de sobrevivir su destino no habría mejor candidato en aquel sufrido país que Sergio Jaramillo, la persona que más tiempo, energía e inteligencia ha invertido en el intento de alcanzar una paz negociada que pusiera fin a 52 años de un conflicto absurdo y cruel.\nEn los medios colombianos se refieren habitualmente a Jaramillo (Bogotá, 1966) como el “arquitecto” del ahora frustrado proceso de paz. No hacen justicia a su labor. Más que el presidente Juan Manuel Santos, más que cualquiera de los cientos de individuos de todos los rincones del mundo que durante los cuatro años de los diálogos de La Habana se volcaron en el intento de labrar el acuerdo de paz colombiano, Jaramillo ha sido el hombre indispensable. Sí, fue el arquitecto, o el Alto Comisionado de la Paz según su título oficial , pero también fue el capataz que día tras día colocaba los ladrillos, cortaba la madera, instalaba los circuitos de electricidad.\nMÁS INFORMACIÓN Futuro entorpecido, pero inevitable Muchos ‘likes’, pocos votos El año que vivimos estúpidamente Colombia resiste Si no hay luz en Colombia hoy, la culpa no es suya. Lo conozco bien y, como saben muchos que lo conocen mejor dentro y fuera de Colombia, es un hombre retraído que hizo lo que hizo no por gloria personal, mucho menos por ambición política.\nHijo de una familia ilustrada colombiana, Jaramillo podría haber optado por una vida menos embarradamente terrenal. Hasta los 32 años dedicó su tiempo a leer, ganándose el pan (y poco más) en Europa trabajando en bares lavando platos y sirviendo cafés. Estudió filosofía griega, especializándose en la obra de Platón, en las universidades de Oxford y Cambridge en Inglaterra, de Heidelberg, en Alemania. En Moscú aprendió ruso, sumando esta lengua a las otras cinco en las que regularmente se aplica a la afición de leer poesía: inglés, francés, italiano y alemán, además de español.\nPodría haber optado por seguir los pasos de otros exiliados intelectuales latinoamericanos pero después de un año en Moscú decidió que “la vida”, como él dice, estaba en su país natal. Volvió a Bogotá, tras 17 años de ausencia, y consiguió trabajo como asesor en la cancillería en “diplomacia de la paz”, tarea cuyas múltiples facetas llegaría a dominar como pocos. Fue nombrado después asesor para asuntos políticos y estratégicos del ministerio de defensa. Ahí ayudó a redactar la política de “defensa y seguridad democrática” que fue el pilar de la política del entonces presidente, Álvaro Uribe. Dejó el funcionariado en 2004 para dirigir un think-tank privado llamado Fundación Ideas para la Paz. Su principal labor ahí fue escribir 40 detallados análisis de enfrentamientos entre el ejército y las FARC, lo cual le nutrió de información militar imprescindible para cuando volvió a Defensa en 2006, como viceministro bajo las órdenes del futuro presidente Juan Manuel Santos.\nSu misión aquí consistió, por un lado, en convencer a los militares que violar los derechos humanos, por ejemplo cuando caían en la práctica de cometer ejecuciones extrajudiciales, perjudicaba el objetivo contrainsurgente de conquistar mentes y corazones; por otro, en liderar una campaña tremendamente efectiva para convencer a los guerrilleros que se desmovilizaran . Nunca paró de absorber información que le sería valiosa a la hora de sentarse a negociar con las FARC, de conocer al enemigo--entre otras cosas pasando largas horas entrevistando a guerrilleros desmovilizados.\nPoco después de llegar Santos al poder en 2010, Jaramillo fue nombrado, primero, Alto Asesor Presidencial de Seguridad Nacional y, un par de años después, cuando se iniciaron los diálogos con las FARC, Alto Comisionado de la Paz. Los cuatro años en La Habana fueron de una intensidad descomunal, como una expedición a través de una selva desconocida. Santos fue el líder de la expedición pero, utilizando una metáfora que me dio un miembro de su leal e industrioso equipo de apoyo, el único que tenía el mapa y la brújula era Jaramillo. Todo estaba dentro de su cabeza.\nÉl fue el que redactó en La Habana conjuntamente con la delegación de las FARC, palabra por palabra, el documento de 297 páginas que acabaría siendo el acuerdo final de paz (“cada coma cuenta”, suele decir); él fue quien los líderes de las FARC consideraron el miembro más inflexible del equipo negociador del gobierno; él fue quién se encargó de reclutar un grupo de asesores internacionales de élite para el gobierno; él, el que se encargó de conseguir financiación de gobiernos como los de Canadá y Noruega; él fue el negociador que tenía la línea más directa al presidente Santos.\nComo persona, Jaramillo es singular. Sorprende la perfección de su inglés, igual a la de un nativo. Su piso es una especie de biblioteca, las paredes llenas de libros en los seis idiomas que domina. Podría intimidar a sus invitados con su erudición , pero es un atento anfitrión al que le gusta conversar hasta las tantas de la noche. Siempre hay música de fondo clásica o de jazz en el salón de su casa; siempre hay vino o whisky del bueno. Pero por lo demás, poco le interesa lo material. Solo ha poseído un coche en toda su vida: un Land Rover fabricado en 1964.\nUn esteta, pero a su vez un hombre de acción, se ha pasado la última década recorriendo la selva y la montaña colombiana en helicópteros militares. Tiene un aire de intelectual abstraído, pero a eso le agrega una poderosa intuición, lo cual produce la misma impresión en sus amigos, que en los políticos de su gobierno, que en los negociadores de las FARC de ser como un ajedrecista que sabe con sobrada antelación lo que están pensando los que le rodean.\nA lo que no se supo anticipar fue al resultado del plebiscito, una bofetada al presidente Santos, a los mandatarios de todo el mundo que fueron testigos de la prematura firma del acuerdo de paz en Cartagena Indias la semana pasada y a la misión a la que Jaramillo ha encomendado la mayor parte de su vida adulta.\nSu esposa, Ana María Romero, es la persona que mejor lo conoce y más lo admira. Le pregunté la semana pasada que me definiera a su marido. Pensó un momento y me contestó, “Apunta esto: que Sergio no es de esta tierra.”\nNo. Sergio Jaramillo no es del todo esta tierra. Ni la tierra donde nació se lo merece.\nArchivado en: Proceso paz Colombia John Carlin FARC Conflicto Colombia Guerrillas Conflictos armados Proceso paz Gobierno Colombia Gobierno Guerra Grupos terroristas Terrorismo Conflictos Administración Estado Política Administración pública Más información Colombia busca un nuevo rumbo para salvar el proceso de paz Colombia dice ‘no’ al acuerdo de paz con las FARC Vídeos Newsletters", "external_links": [], "published": "2016-10-04T05:24:00.000+03:00", "crawled": "2016-10-03T22:54:36.213+03:00", "highlightTitle": ""}