{"organizations": [], "uuid": "6294f727d55f26b66d69ef031114c6c986f666ec", "thread": {"social": {"gplus": {"shares": 0}, "pinterest": {"shares": 0}, "vk": {"shares": 0}, "linkedin": {"shares": 0}, "facebook": {"likes": 0, "shares": 0, "comments": 0}, "stumbledupon": {"shares": 0}}, "site_full": "ecodiario.eleconomista.es", "main_image": "http://s03.s3c.es/imag3/logos/economista/bg-ee-facebook.jpg", "site_section": "", "section_title": "", "url": "http://ecodiario.eleconomista.es/espana/noticias/7862999/10/16/El-alcalde-recibe-en-el-Ayuntamiento-al-regidor-de-Friburgo-ciudad-con-la-que-Granada-esta-hermanada.html", "country": "US", "domain_rank": 3233, "title": "El alcalde recibe en el Ayuntamiento al regidor de Friburgo, ciudad con la que Granada está hermanada - EcoDiario.es", "performance_score": 0, "site": "eleconomista.es", "participants_count": 0, "title_full": "El alcalde recibe en el Ayuntamiento al regidor de Friburgo, ciudad con la que Granada está hermanada - EcoDiario.es", "spam_score": 0.585, "site_type": "news", "published": "2016-10-01T21:35:00.000+03:00", "replies_count": 0, "uuid": "6294f727d55f26b66d69ef031114c6c986f666ec"}, "author": "", "url": "http://ecodiario.eleconomista.es/espana/noticias/7862999/10/16/El-alcalde-recibe-en-el-Ayuntamiento-al-regidor-de-Friburgo-ciudad-con-la-que-Granada-esta-hermanada.html", "ord_in_thread": 0, "title": "El alcalde recibe en el Ayuntamiento al regidor de Friburgo, ciudad con la que Granada está hermanada - EcoDiario.es", "locations": [], "entities": {"persons": [], "locations": [], "organizations": []}, "highlightText": "", "language": "spanish", "persons": [], "text": "El alcalde recibe en el Ayuntamiento al regidor de Friburgo, ciudad con la que Granada está hermanada 1/10/2016 - 13:35 Rsc. la unacc se une a la fundación once para colaborar en el proyecto 'finanzas inclusivas' (30/09) \nEl alcalde de Granada, Francisco Cuenca, ha recibido en el Ayuntamiento al regidor de Friburgo (Alemania), Dieter Salomon, que, en el marco de una visita privada a la ciudad, ha querido mantener un encuentro con su homólogo en Granada cuando se cumplen 25 años del hermanamiento entre ambos municipios. \nGRANADA, 1 (EUROPA PRESS) \nSegún ha informado el Ayuntamiento, durante la visita al Consistorio, el regidor granadino ha mostrado al mandatario alemán las principales dependencias del edificio y, seguidamente, han mantenido una charla privada sobre asuntos de interés de ambas instituciones. \nAsimismo, los regidores de sendas ciudades, han celebrado que este año se cumplan 25 años desde el hermanamiento entre Granada y Friburgo, una fecha que, en palabras de Francisco Cuenca, \"supone el impulso para promover proyectos conjuntos y continuar estrechando lazos de colaboración en cuantas cuestiones puedan redundar en beneficio de nuestras capitales\". \nLa finalidad de los hermanamientos de las ciudades es \"potenciar\" desde el punto de vista cultural, histórico, social, económico o geográfico los elementos de similitud y encuentro de los municipios hermanados y promover actuaciones de interés común. \nCONCIERTO LÍRICO EN EL 25 ANIVERSARIO \nEntre las actividades realizadas con motivo del 25 aniversario del hermanamiento la ciudad con Friburgo, el pasado 21 de septiembre, el teatro municipal 'Isabel La Católica' acogió el concierto lírico '6 ciudades, 6 voces', con la participación de algunas de las capitales que también están hermanadas con Granada. \nFriburgo de Brisgovia es la cuarta ciudad más grande de Baden-Wurtemberg (Alemania) y la ciudad más meridional de Alemania. Situada en las inmediaciones de Suiza y Francia, es un municipio de dimensiones parecidas a Granada, con 214.000 habitantes. También, al igual que en el caso de Granada, es una ciudad de servicios e investigación en la que la Universidad constituye un sector importante en la vida de la localidad. \nFriburgo tiene varias ciudades hermanadas con las que establece vínculos comerciales y turísticos. Es el caso de Besançon, Francia desde 1959; Innsbruck, Austria desde 1963; Padua, Italia desde 1967; Guildford, Reino Unido desde 1979; Madison, Wisconsin, Estados Unidos desde 1987; Matsuyama, Japón desde 1988 Lviv, Ucrania desde 1989; Granada, España desde 1991; Isfahán, Irán desde 2000 y Bahía Blanca, Argentina. \nPor su parte, Granada está hermanada con los municipios de Aix-En-Provence (Francia), por acuerdo plenario de 1979; Tetuán (Reino de Marruecos), con acuerdo plenario de 1988; Tlemcen (Argelia), desde 1989; Coral Gables (EE.UU), con acuerdo plenario desde 1989; Friburgo de Brisgovia (Alemania), en 1991; Marrakech (Reino de Marruecos) y Belo Horizonte (Brasil), con acuerdo plenario firmado 2002. Enlaces relacionados ", "external_links": [], "published": "2016-10-01T21:35:00.000+03:00", "crawled": "2016-10-02T04:16:58.566+03:00", "highlightTitle": ""}