{"organizations": [], "uuid": "af703acaa4e0691eed547eeacf4a4eaf9459350b", "thread": {"social": {"gplus": {"shares": 0}, "pinterest": {"shares": 0}, "vk": {"shares": 0}, "linkedin": {"shares": 0}, "facebook": {"likes": 0, "shares": 0, "comments": 0}, "stumbledupon": {"shares": 0}}, "site_full": "ecodiario.eleconomista.es", "main_image": "http://s03.s3c.es/imag3/logos/economista/bg-ee-facebook.jpg", "site_section": "", "section_title": "", "url": "http://ecodiario.eleconomista.es/espana/noticias/7862784/10/16/Cs-lleva-al-Congreso-la-pesima-accesibilidad-en-dos-apeaderos-del-Cercanias-en-Fuengirola.html", "country": "US", "domain_rank": 3233, "title": "C's lleva al Congreso la \"pésima\" accesibilidad en dos apeaderos del Cercanías en Fuengirola - EcoDiario.es", "performance_score": 0, "site": "eleconomista.es", "participants_count": 0, "title_full": "C's lleva al Congreso la \"pésima\" accesibilidad en dos apeaderos del Cercanías en Fuengirola - EcoDiario.es", "spam_score": 0.031, "site_type": "news", "published": "2016-10-01T19:07:00.000+03:00", "replies_count": 0, "uuid": "af703acaa4e0691eed547eeacf4a4eaf9459350b"}, "author": "", "url": "http://ecodiario.eleconomista.es/espana/noticias/7862784/10/16/Cs-lleva-al-Congreso-la-pesima-accesibilidad-en-dos-apeaderos-del-Cercanias-en-Fuengirola.html", "ord_in_thread": 0, "title": "C's lleva al Congreso la \"pésima\" accesibilidad en dos apeaderos del Cercanías en Fuengirola - EcoDiario.es", "locations": [], "entities": {"persons": [], "locations": [], "organizations": []}, "highlightText": "", "language": "spanish", "persons": [], "text": "C's lleva al Congreso la \"pésima\" accesibilidad en dos apeaderos del Cercanías en Fuengirola 1/10/2016 - 11:07 Ciutadans Enlaces relacionados Alcalde Valladolid: el PSOE \"se arrepentirá\" si cree que tras una abstención podrá hacer una oposición fuerte al PP (30/09) \nLa diputada nacional de Ciudadanos (C's) por Málaga Irene Rivera ha llevado al Congreso de los Diputados la \"pésima\" accesibilidad existente en dos de los apeaderos del tren de Cercanías, concretamente en los de Carvajal y Torreblanca del municipio malagueño de Fuengirola. \nMÁLAGA, 1 (EUROPA PRESS) \nDichos apeaderos, ha apuntado, son \"prácticamente inaccesibles no sólo para las personas con discapacidad sino para acciones tan cotidianas como subir un carrito de bebé o llevar muletas. Es casi imposible usar el Cercanías para ellos\". \nRivera ha lamentado en declaraciones a Europa Press que un municipio turístico como Fuengirola tenga estas \"carencias\": \"no tiene sentido que, en pleno siglo XXI, nos encontremos dos apeaderos prácticamente inaccesibles\". \nEn este punto, ha recordado la celebración de la Semana Europea de la Movilidad y del Fomento del Transporte Público y ha criticado que \"poco se puede hacer si el Gobierno en funciones sigue suspendiendo en accesibilidad\". \nLa diputada ha preguntado al Ejecutivo en funciones sobre las medidas puestas en marcha para garantizar el derecho de accesibilidad universal en Fuengirola, además de qué inversión y en qué nivel de ejecución se encuentran las aportaciones que \"por ley deben realizarse\". \nPrecisamente, el portavoz del grupo de Ciudadanos en el Ayuntamiento, Javier Toro, ha recordado que \"no solo hemos propuesto una solución a nivel local, con una moción para que el Consistorio inste al Gobierno a arreglar la situación, sino que intentamos buscar soluciones reales a través del Congreso\". \nEn este sentido, Toro ha resaltado que la citada moción presentada por C's Fuengirola fue aprobada con el respaldo de todos los grupos municipales del Consistorio. \"Estamos totalmente comprometidos con los vecinos, que llevan décadas olvidados en materia de accesibilidad y que necesitan solventar de forma inmediata esta problemática\", ha finalizado. Enlaces relacionados ", "external_links": [], "published": "2016-10-01T19:07:00.000+03:00", "crawled": "2016-10-02T04:18:00.698+03:00", "highlightTitle": ""}