{"organizations": [], "uuid": "131524fd4969b8cb69fbe7351cf03b2f3171b3d1", "thread": {"social": {"gplus": {"shares": 0}, "pinterest": {"shares": 0}, "vk": {"shares": 0}, "linkedin": {"shares": 0}, "facebook": {"likes": 61, "shares": 61, "comments": 0}, "stumbledupon": {"shares": 0}}, "site_full": "tn.com.ar", "main_image": "http://tn-ar.cdncmd.com/sites/default/files/styles/470x269/public/2016/10/02/blandigol.jpg", "site_section": "http://tn.com.ar/rss.xml", "section_title": "TN.com.ar", "url": "http://tn.com.ar/deportes/after-play/san-lorenzo-se-ilusiona-con-los-goles-de-blandi-y-belluschi_742137", "country": "AR", "domain_rank": 4852, "title": "San Lorenzo se ilusiona con los goles de Blandi y Belluschi", "performance_score": 0, "site": "tn.com.ar", "participants_count": 1, "title_full": "San Lorenzo se ilusiona con los goles de Blandi y Belluschi", "spam_score": 0.0, "site_type": "news", "published": "2016-10-03T03:45:00.000+03:00", "replies_count": 0, "uuid": "131524fd4969b8cb69fbe7351cf03b2f3171b3d1"}, "author": "Todo Noticias", "url": "http://tn.com.ar/deportes/after-play/san-lorenzo-se-ilusiona-con-los-goles-de-blandi-y-belluschi_742137", "ord_in_thread": 0, "title": "San Lorenzo se ilusiona con los goles de Blandi y Belluschi", "locations": [], "entities": {"persons": [], "locations": [], "organizations": []}, "highlightText": "", "language": "spanish", "persons": [], "text": "Derrotó 2 a 1 a Atlético Rafaela en el Nuevo Gasómetro.   16:30 Play \nSan Lorenzo sigue sumando resultados positivos con el correr de las fechas. Ya está en cuartos de final de la Copa Sudamericana y hoy, con el 2 a 0 a Atlético Rafaela, quedó a un punto del líder, Estudiantes . \nEs cierto que hoy el Ciclón no hizo un buen partido. Tuvo muy buenos 30 minutos en el primer tiempo, pero después se apagó . Arrancó de la mejor manera: un golazo de Fernando Belluschi a los 13 segundos. \nA los 25 minutos amplió la ventaja Nicolás Blandi , que ya tiene cuatro goles en este torneo y sin dudas atraviesa uno de los mejores momentos de su carrera . \nRafaela mejoró en el complemento, descontó con el gol de Gabriel Gudiño pero no logró el ansiado empate . Tags relacionados", "external_links": [], "published": "2016-10-03T03:45:00.000+03:00", "crawled": "2016-10-03T01:53:15.689+03:00", "highlightTitle": ""}