{"organizations": [], "uuid": "faf1fe88af1abad925c899d6b9b9b9d62909951b", "thread": {"social": {"gplus": {"shares": 0}, "pinterest": {"shares": 0}, "vk": {"shares": 0}, "linkedin": {"shares": 0}, "facebook": {"likes": 23, "shares": 23, "comments": 0}, "stumbledupon": {"shares": 0}}, "site_full": "elcomercio.pe", "main_image": "http://cde.3.elcomercio.pe/ima/0/1/4/9/8/1498284.jpg", "site_section": "http://elcomercio.pe//feed/portada.xml", "section_title": "", "url": "http://elcomercio.pe/sociedad/lima/barranco-zona-monumental-riesgo-fotos-noticia-1936123", "country": "PE", "domain_rank": 1155, "title": "Barranco: la zona monumental en riesgo [FOTOS]", "performance_score": 0, "site": "elcomercio.pe", "participants_count": 0, "title_full": "Barranco: la zona monumental en riesgo [FOTOS]", "spam_score": 0.0, "site_type": "news", "published": "2016-10-04T00:14:00.000+03:00", "replies_count": 0, "uuid": "faf1fe88af1abad925c899d6b9b9b9d62909951b"}, "author": "", "url": "http://elcomercio.pe/sociedad/lima/barranco-zona-monumental-riesgo-fotos-noticia-1936123", "ord_in_thread": 0, "title": "Barranco: la zona monumental en riesgo [FOTOS]", "locations": [], "entities": {"persons": [], "locations": [], "organizations": []}, "highlightText": "", "language": "spanish", "persons": [], "text": "Lunes 03 de octubre del 2016 | 11:14 Barranco: la zona monumental en riesgo [FOTOS] 1 de 12    \nMás de la mitad de las viviendas en Barranco son de vulnerabilidad muy alta.(Dante Piaggio/El Comercio) Lea También... Barranco pretende reducir su zona monumental \nEl 57% de Barranco está considerado como zona monumental y, por tanto, es zona de reglamentación especial (ZRE). Ya en una ordenanza del 2001 dividió la zona monumental (de aproximadamente 126,19 hectáreas) en cuatro sectores. Entonces se estableció la altura de los inmuebles, de 9, 12 y 14 metros de alto como máximo. De esta forma, se buscaba la conservación y puesta en valor del tradicional balneario limeño. \nSegún la Municipalidad Distrital de Barranco– la inversión pública y privada se ve limitada por las restricciones en la ZRE. “Hay zonas de Barranco que no tienen ninguna casona, pero están en la zona monumental”, señala el alcalde Antonio Mezarina. \nA las restricciones, por tratarse de un área de valor histórico, se suma el peligro que constituyen las viejas casonas de Barranco. Según el Instituto Nacional de Defensa Civil (Indeci), más de la mitad de inmuebles de Barranco se encuentran en vulnerabilidad alta y muy alta frente a un eventual sismo. Tags relacionados", "external_links": [], "published": "2016-10-04T00:14:00.000+03:00", "crawled": "2016-10-03T19:21:11.954+03:00", "highlightTitle": ""}