{"organizations": [], "uuid": "2d6ce0cf2264a5c4b365cadd671e24afb139f94b", "thread": {"social": {"gplus": {"shares": 0}, "pinterest": {"shares": 0}, "vk": {"shares": 0}, "linkedin": {"shares": 0}, "facebook": {"likes": 0, "shares": 0, "comments": 0}, "stumbledupon": {"shares": 0}}, "site_full": "rpp.pe", "main_image": "http://f.rpp-noticias.io/2016/10/03/010301_257467.png", "site_section": "http://rpp.pe/feed", "section_title": "RPP NOTICIAS", "url": "http://rpp.pe/peru/puno/asaltan-48-pasajeros-en-via-puerto-maldonado-juliaca-noticia-999280", "country": "PE", "domain_rank": 4255, "title": "Asaltan a 48 pasajeros y dejan herido a chofer en vía Puerto Maldonado – Juliaca", "performance_score": 0, "site": "rpp.pe", "participants_count": 0, "title_full": "Asaltan a 48 pasajeros y dejan herido a chofer en vía Puerto Maldonado – Juliaca", "spam_score": 0.0, "site_type": "news", "published": "2016-10-04T00:27:00.000+03:00", "replies_count": 0, "uuid": "2d6ce0cf2264a5c4b365cadd671e24afb139f94b"}, "author": "", "url": "http://rpp.pe/peru/puno/asaltan-48-pasajeros-en-via-puerto-maldonado-juliaca-noticia-999280", "ord_in_thread": 0, "title": "Asaltan a 48 pasajeros y dejan herido a chofer en vía Puerto Maldonado – Juliaca", "locations": [], "entities": {"persons": [], "locations": [], "organizations": []}, "highlightText": "", "language": "spanish", "persons": [], "text": "Asaltan a 48 pasajeros y dejan herido a chofer en vía Puerto Maldonado – Juliaca Delincuentes encapuchados y fuertemente armados llevaron a un descampado a los pasajeros para quitarles todas sus pertenencias.   11:27 AM El atraco se produjo en el sector Juru Juru, a 20 minutos del distrito de Macusani. | Fuente: Rpp/Referencial \nSujetos encapuchados provisto de armas de fuego asaltaron a 48 pasajeros del bus de la empresa San Martín de placa de rodaje V5Z – 955 que se dirigía de Puerto Maldonado (Madre de Dios) a la ciudad de Juliaca (región Puno). \nEl asalto se produjo aproximadamente a las 3:50 de la madrugada en el kilómetro 109 + 100 de la carretera Interoceánica, sector Juru Juru, a 20 minutos del distrito de Macusani, en la provincia puneña de Carabaya. \nSe registró una balacera y quedó herido el chofer del vehículo, identificado como Carlos Horacio Soco Quispe, quien fue llevado a un establecimiento de salud. Las víctimas del asalto indicaron que los delincuentes los llevaron a una trocha carrozable para quitarles todas su pertenencias como celulares, dinero en efectivo, oro, entre otros. \nHace una semana ocurrió otro asalto en la misma ruta, donde incluso los asaltantes ultrajaron a dos de las pasajeras. Al respecto, el alcalde provincial de Carabaya, Edward Rodríguez, indicó que se necesita una estrategia entre la población, autoridades y la Policía Nacional para contrarrestar dichos asaltos. Noticias Relacionadas", "external_links": [], "published": "2016-10-04T00:27:00.000+03:00", "crawled": "2016-10-03T20:08:49.879+03:00", "highlightTitle": ""}