{"organizations": [], "uuid": "f36e95898f1005a87e0632bd8d5519e392630d6a", "thread": {"social": {"gplus": {"shares": 0}, "pinterest": {"shares": 0}, "vk": {"shares": 0}, "linkedin": {"shares": 0}, "facebook": {"likes": 0, "shares": 0, "comments": 0}, "stumbledupon": {"shares": 0}}, "site_full": "www.mundodeportivo.com", "main_image": "http://www.mundodeportivo.com/r/GODO/MD/p3/Futbol/Imagenes/2016/10/03/Recortada/img_mmontilla_20150923-210651_imagenes_md_propias_mmontilla_vigo_23-kUIH-U417608914215sF-980x554@MundoDeportivo-Web.jpg", "site_section": "http://feeds.feedburner.com/mundodeportivo-futbol-titulares", "section_title": "Fútbol", "url": "http://www.mundodeportivo.com/futbol/celta-vigo/20161003/41760891421/un-grupo-empresarial-chino-visita-las-instalaciones-del-celta.html", "country": "ES", "domain_rank": 2564, "title": "Un grupo empresarial chino visita las instalaciones del Celta", "performance_score": 0, "site": "mundodeportivo.com", "participants_count": 0, "title_full": "Un grupo empresarial chino visita las instalaciones del Celta", "spam_score": 0.0, "site_type": "news", "published": "2016-10-04T03:25:00.000+03:00", "replies_count": 0, "uuid": "f36e95898f1005a87e0632bd8d5519e392630d6a"}, "author": "", "url": "http://www.mundodeportivo.com/futbol/celta-vigo/20161003/41760891421/un-grupo-empresarial-chino-visita-las-instalaciones-del-celta.html", "ord_in_thread": 0, "title": "Un grupo empresarial chino visita las instalaciones del Celta", "locations": [], "entities": {"persons": [], "locations": [], "organizations": []}, "highlightText": "", "language": "spanish", "persons": [], "text": "Un grupo empresarial chino visita las instalaciones del Celta El portero Sergio Álvarez asegura que el equipo “no está preocupado por la venta del club” Sergio Álvarez, guerdameta del Celta de Vigo (Manel Montilla - Manel Montilla)   MUNDODEPORTIVO.COM   21:25 La venta del Celta de Vigo es ya prácticamente un hecho. Una comitiva del grupo empresarial chino CITS, interesado en comprar el paquete accionarial del presidente del Celta, Carlos Mouriño, en el club visitó ayer las instalaciones deportivas y su futura sede, en la céntrica calle Príncipe. Mientras el equipo se entrenaba a las órdenes de Berizzo, alrededor de diez ejecutivos, acompañados por los directivos de la empresa ‘Prime Time Sport’ Esteva Calzada y Joan Román Minguell, visitaron la Ciudad Deportiva celeste. Tras visitar las instalaciones, los representantes de la delegación asiática, que no hicieron declaraciones a la prensa, acudieron a la antigua sede del Círculo Mercantil, adquirida por el club el pasado año para convertirla en su nueva sede. El portero Sergio Álvarez , uno de los capitanes de la primera plantilla del Celta, aseguró ayer que en el vestuario no existe preocupación por la venta del club. “No estamos intranquilos porque no nos transmiten nada de eso. El presidente está con nosotros pero no nos ha transmitido nada. Nosotros no vamos a tomar ninguna decisión, es su club y él no nos va a preguntar a nosotros lo que tiene que hacer”, comentó el portero en su comparecencia ante los medios de comunicación”  ", "external_links": [], "published": "2016-10-04T03:25:00.000+03:00", "crawled": "2016-10-03T23:09:54.626+03:00", "highlightTitle": ""}