{"organizations": [], "uuid": "e02d02b1d4dea63c07bd09628714a207373b383e", "thread": {"social": {"gplus": {"shares": 0}, "pinterest": {"shares": 0}, "vk": {"shares": 0}, "linkedin": {"shares": 0}, "facebook": {"likes": 1, "shares": 1, "comments": 0}, "stumbledupon": {"shares": 0}}, "site_full": "www.eleconomista.es", "main_image": "http://s03.s3c.es/imag3/logos/economista/bg-ee-facebook.jpg", "site_section": "http://www.eleconomista.es/rss/rss-espania.php", "section_title": "elEconomista  Seleccion", "url": "http://www.eleconomista.es/espana/noticias/7865004/10/16/Oblanca-Foro-rechaza-el-pago-fraccionado-del-Impuesto-de-Sociedades-propuesto-por-el-Gobierno.html", "country": "ES", "domain_rank": 3233, "title": "Oblanca (Foro) rechaza el pago fraccionado del Impuesto de Sociedades propuesto por el Gobierno", "performance_score": 0, "site": "eleconomista.es", "participants_count": 0, "title_full": "Oblanca (Foro) rechaza el pago fraccionado del Impuesto de Sociedades propuesto por el Gobierno", "spam_score": 0.0, "site_type": "news", "published": "2016-10-03T16:08:00.000+03:00", "replies_count": 0, "uuid": "e02d02b1d4dea63c07bd09628714a207373b383e"}, "author": "", "url": "http://www.eleconomista.es/espana/noticias/7865004/10/16/Oblanca-Foro-rechaza-el-pago-fraccionado-del-Impuesto-de-Sociedades-propuesto-por-el-Gobierno.html", "ord_in_thread": 0, "title": "Oblanca (Foro) rechaza el pago fraccionado del Impuesto de Sociedades propuesto por el Gobierno", "locations": [], "entities": {"persons": [], "locations": [], "organizations": []}, "highlightText": "", "language": "spanish", "persons": [], "text": "Renault-Nissan: \"El puesto de número uno mundial es totalmente posible de … 10:05 ElEconomista.es - Entrevistas\nCon ocasión del Salón Mundial del Automóvil de París, el Presidente y director general de Renault-Nissan explica a Les Échos su visión … Guti la lía en Twitter tras la derrota del Barça: así tiró el ex del Madrid … 09:53 Ecodiario.es - Fútbol\nFue una jornada aciaga para los dos grandes colosos de la Liga. Mientras que el Real Madrid se dejaba dos puntos en casa tras empatar con un … Rivera pide a PP y PSOE que empiecen a negociar un nuevo gobierno: \"Ya no hay … 09:52 Ecodiario.es - Política\nEl presidente de Ciudadanos, Albert Rivera, ha pedido este lunes al PP y al PSOE que empiecen a negociar para hacer posible que se forme un … Fernández Díaz nombra nuevo comisario de la Policía Judicial a Eloy Quirós 09:42 Ecodiario.es - Política\nEl ministro del Interior en funciones, Jorge Fernández Díaz, ha nombrado al comisario principal Eloy Quirós Álvarez, hasta ahora jefe de … Nueva 'pelea' entre el Real Madrid y Colombia: la selección obliga a James a … 09:34 Ecodiario.es - Fútbol\nLa ya tensa de por sí relación entre el Real Madrid y la selección colombiana vivió ayer un nuevo giro negativo después de conocerse que … Infiniti QX Sport Inspiration Concept: un adelanto de cómo será la siguiente … 09:33 ElEconomista.es - Novedades\nPresentado por primera vez en el pasado Salón de Pekín, el concept car QX Sport Inspiration se ha mostrado por primera vez en Europa. Se … La 'cruz' de Ter Stegen: Claudio Bravo fue el 'héroe' del City y muchos culés … 08:41 Ecodiario.es - Fútbol\nFue un día dispar para los dos últimos porteros titulares del Barça, ya que ocurrió lo que ningún directivo culé quería: que una mala … La torre que transforma la contaminación en joyas 30/09 ElEconomista.es - Tec\nDurante la Semana Internacional del Diseño de Pekín, el artista holandés Daan Roosegaarde ha presentado el mayor purificador atmosférico … Karl Lagerfeld y Faber-Castell presentan un kit de lujo para grandes artistas 30/09 ElEconomista.es - Caprichos\nLas colaboraciones de lujo son la esencia de las marcas más prestigiosas. Por ello, el conocido diseñador de moda Karl Lagerfeld, director … Viviendas de lujo, el nuevo hogar de la matanza de Atocha 29/09 ElEconomista.es - Casas\nEl edificio del número 55 de la madrileña calle Atocha, escenario la 'matanza de Atocha' donde murieron cinco abogados laboralistas a manos …", "external_links": [], "published": "2016-10-03T16:08:00.000+03:00", "crawled": "2016-10-03T11:15:33.031+03:00", "highlightTitle": ""}