{"organizations": [], "uuid": "f500fe361b67072e70f0bb838d012090def940d6", "thread": {"social": {"gplus": {"shares": 0}, "pinterest": {"shares": 0}, "vk": {"shares": 0}, "linkedin": {"shares": 0}, "facebook": {"likes": 2, "shares": 2, "comments": 0}, "stumbledupon": {"shares": 0}}, "site_full": "www.lavanguardia.com", "main_image": "http://www.lavanguardia.com/r/GODO/LV/p3/WebSite/2016/09/30/Recortada/img_svazquez_20160930-222846_imagenes_lv_otras_fuentes_red_barca-kGhC-U41697590513Z9H-992x558@LaVanguardia-Web.jpg", "site_section": "http://www.lavanguardia.com/deportes", "section_title": "Deportes", "url": "http://www.lavanguardia.com/deportes/20161001/41697590513/cantante-red-hot-chili-peppers-neymar-barca.html", "country": "ES", "domain_rank": 1941, "title": "El cantante de los red Hot Chili Peppers visita el entrenamiento del Barça", "performance_score": 0, "site": "lavanguardia.com", "participants_count": 1, "title_full": "El cantante de los red Hot Chili Peppers visita el entrenamiento del Barça", "spam_score": 0.002, "site_type": "news", "published": "2016-10-01T01:11:00.000+03:00", "replies_count": 0, "uuid": "f500fe361b67072e70f0bb838d012090def940d6"}, "author": "Redacción , Barcelona", "url": "http://www.lavanguardia.com/deportes/20161001/41697590513/cantante-red-hot-chili-peppers-neymar-barca.html", "ord_in_thread": 0, "title": "El cantante de los red Hot Chili Peppers visita el entrenamiento del Barça", "locations": [], "entities": {"persons": [], "locations": [], "organizations": []}, "highlightText": "", "language": "spanish", "persons": [], "text": "Anthony Kiedis , cantante y líder del grupo Red Hot Chili Peppers , ha presenciado el entrenamiento del Futbol Club Barcelona en el día de hoy. El estadounidense ha acudido a la sesión con su hija, que se ha llevado una camiseta personalizada y una foto con su ídolo, Neymar .\nAnthony Kiedis se encuentra en Barcelona ya que los Red Hot Chili Peppers actúan este fin de semana en el Palau Sant Jordi , y no ha querido perder la ocasión de visitar uno de los últimos entrenamientos de los de Luis Enrique antes de viajar a Vigo, donde se enfrentarán al Celta el próximo domingo.", "external_links": ["https://www.youtube.com/embed/A4-kpHv48D0"], "published": "2016-10-01T01:11:00.000+03:00", "crawled": "2016-10-01T01:28:02.591+03:00", "highlightTitle": ""}