{"organizations": [], "uuid": "83828aaab24191ae6ee747a190518c6ca66ef9cc", "thread": {"social": {"gplus": {"shares": 0}, "pinterest": {"shares": 0}, "vk": {"shares": 0}, "linkedin": {"shares": 0}, "facebook": {"likes": 0, "shares": 0, "comments": 0}, "stumbledupon": {"shares": 0}}, "site_full": "www.eleconomista.es", "main_image": "http://s03.s3c.es/imag3/logos/economista/bg-ee-facebook.jpg", "site_section": "http://www.eleconomista.es/rss/rss-espania.php", "section_title": "elEconomista  Seleccion", "url": "http://www.eleconomista.es/espana/noticias/7862897/10/16/El-Hemisfric-estrena-el-documental-de-naturaleza-America-Wild-Parques-naturales-el-proximo-viernes.html", "country": "ES", "domain_rank": 3233, "title": "El Hemisfèric estrena el documental de naturaleza 'America Wild. Parques naturales' el próximo viernes", "performance_score": 0, "site": "eleconomista.es", "participants_count": 0, "title_full": "El Hemisfèric estrena el documental de naturaleza 'America Wild. Parques naturales' el próximo viernes", "spam_score": 0.0, "site_type": "news", "published": "2016-10-01T18:30:00.000+03:00", "replies_count": 0, "uuid": "83828aaab24191ae6ee747a190518c6ca66ef9cc"}, "author": "", "url": "http://www.eleconomista.es/espana/noticias/7862897/10/16/El-Hemisfric-estrena-el-documental-de-naturaleza-America-Wild-Parques-naturales-el-proximo-viernes.html", "ord_in_thread": 0, "title": "El Hemisfèric estrena el documental de naturaleza 'America Wild. Parques naturales' el próximo viernes", "locations": [], "entities": {"persons": [], "locations": [], "organizations": []}, "highlightText": "", "language": "spanish", "persons": [], "text": "El Hemisfèric estrena el documental de naturaleza 'America Wild. Parques naturales' el próximo viernes 1/10/2016 - 12:30 Alpinismo Enlaces relacionados Cooper Standard Tarazona alcanzará los 400 empleos en 2019 (26/09) \nEl Hemisfèric de la Ciudad de las Artes y las Ciencias renueva este otoño su programación con la nueva película IMAX 'America Wild. Parques naturales', que como anuncia su título recorre la naturaleza más salvaje de EE.UU preservada gracias a la creación hace cien años del sistema de parques nacionales. \nVALENCIA, 1 (EUROPA PRESS) \nPara celebrar este estreno, según ha explicado la Generalitat en un comunicado, desde la Ciudad de las Artes y las Ciencias se pone en marcha esta semana un concurso de preguntas sobre algunas curiosidades cinéfilas relacionadas con los parques nacionales norteamericanos. Así, tanto en Twitter como en Facebook, los seguidores podrán participar y ganar entradas gratis para ser de los primeros en disfrutar de la nueva película del Hemisfèric. \nLos protagonistas de 'America Wild. Parques naturales' son supervolcanes en teoría inactivos pero cuyo calor genera géiseres que hacen dudar; la lección de humildad que nos ofrece el Parque Nacional Redwood y sus milenarias secuoyas rojas que pueden superar los 100 metros de altura; el Parque Nacional de los Arcos, con más de 2.000 arcos de piedra arenisca natural, cañones de vértigo, paisajes de montaña, nieve y hielo, los grandes lagos, entre otros. \nLas imágenes de Yosemite, Yellowstone, el Gran Cañón, el Parque Nacional Glacier y Everglades adquieren \"una espectacularidad mayor\" gracias a la experiencia inmersiva que supone dejarse envolver por la pantalla gigante del Hemisfèric. El público comparte este viaje a través de las aventuras de tres modernos exploradores: el alpinista Conrad Anker, el fotógrafo de aventura Max Lowe y la artista Rachel Pohl. \nLa proyección, que celebra el centenario de la creación del sistema de parques nacionales en EE.UU, intercala escenas recreadas y fotografías originales del presidente Theodore Roosevelt y del naturalista John Muir en Glacier Point, en el parque nacional Yosemite, un viaje que supuso el inicio de la protección pública de estos espacios naturales a principios del siglo pasado y que culminó con la aprobación de la ley en 1916. PUBLICIDAD El Comité Federal del PSOE comienza pero sin constituirse por el problema de … 12:44 Ecodiario.es - Flash\nEl Comité Federal del PSOE continúa sin constituirse tres horas después de lo previsto -estaba convocado a las 9.00-, al no haber acuerdo … EN DIRECTO | Reunión decisiva del Comité Federal del PSOE 12:44 Ecodiario.es - Política\nEl Comité Federal del PSOE continúa sin constituirse tres horas después de lo previsto -estaba convocado a las 9.00-, al no haber acuerdo … Blindaje en la sede del PSOE: los periodistas se atrincheran en los bares de la … 12:39 Ecodiario.es - Flash\nDecenas de periodistas y reporteros gráficos permanecen apostados ante la sede del PSOE de la calle Ferraz, inaccesible a los … Hamilton 'vuela' y logra la 'pole' en Malasia con récord incluido; Alonso … 12:34 ElEconomista.es - Fórmula 1\nEl inglés Lewis Hamilton (Mercedes) saldrá desde la 'pole' en el Gran Premio de Malasia, el decimosexto del Mundial de Fórmula Uno, que se … Comienza la reunión del Comité Federal del PSOE con tres horas de retraso 12:29 Ecodiario.es - Política\nEl Comité Federal del PSOE que este sábado dirime si el partido convoca un congreso extraordinario o la creación de una gestora ha … Superbacterias, una amenaza global que urge combatir desde los alimentos 12:22 Ecodiario.es - Ciencia\nEl mundo encara la amenaza global que representa la resistencia a los antibióticos y otros antimicrobianos con más preguntas que … Glovo prioriza Francia y prevé llegar a Lyon y Marsella en 2017 11:58 ElEconomista.es - Empresas y finanzas\nLa aplicación de mensajería móvil Glovo, fundada por el joven emprendedor catalán Oscar Pierre a principios de 2015, prevé llegar a Lyon … Telecinco lidera las audiencias en septiembre tras dos años consecutivos 11:51 ElEconomista.es - Audiencias\nTelecinco lideró las audiencias en septiembre por 25 mes consecutivo con un 14,1% de cuota de pantalla, 1,8 puntos más que el mes anterior, … Los socialistas críticos exigen que los miembros de la Ejecutiva no voten en el … 11:45 Ecodiario.es - Flash\nEl sector crítico del PSOE exige que los miembros de la Ejecutiva en funciones liderada por Pedro Sánchez no forme parte del censo del … La fiebre por la serie 'Las chicas de oro' revive en Nueva York 30 años … 11:33 ElEconomista.es - Televisión\nAunque 31 años después del estreno de la serie ya solo Betty White siga viva, las icónicas Golden Girls (Las chicas de oro) siguen dando …", "external_links": [], "published": "2016-10-01T18:30:00.000+03:00", "crawled": "2016-10-01T13:51:04.155+03:00", "highlightTitle": ""}