{"organizations": [], "uuid": "192792c1ff24bca0f7527a734d5841721b89163c", "thread": {"social": {"gplus": {"shares": 0}, "pinterest": {"shares": 0}, "vk": {"shares": 0}, "linkedin": {"shares": 0}, "facebook": {"likes": 0, "shares": 0, "comments": 0}, "stumbledupon": {"shares": 0}}, "site_full": "www.biobiochile.cl", "main_image": "http://media.biobiochile.cl/wp-content/uploads/2016/09/martino-730x350.jpg", "site_section": "", "section_title": "", "url": "http://www.biobiochile.cl/noticias/deportes/futbol/futbol-internacional/2016/09/30/martino-revelo-detalles-de-su-dura-noche-tras-caida-con-chile-provoca-dolor-recordarla.shtml", "country": "US", "domain_rank": 759, "title": "Martino revelĂł detalles de su dura noche tras caĂ­da con Chile: “Provoca dolor recordarla”", "performance_score": 0, "site": "biobiochile.cl", "participants_count": 0, "title_full": "Martino revelĂł detalles de su dura noche tras caĂ­da con Chile: “Provoca dolor recordarla”", "spam_score": 0.765, "site_type": "news", "published": "2016-09-30T17:34:00.000+03:00", "replies_count": 0, "uuid": "192792c1ff24bca0f7527a734d5841721b89163c"}, "author": "Pablo Velozo", "url": "http://www.biobiochile.cl/noticias/deportes/futbol/futbol-internacional/2016/09/30/martino-revelo-detalles-de-su-dura-noche-tras-caida-con-chile-provoca-dolor-recordarla.shtml", "ord_in_thread": 0, "title": "Martino revelĂł detalles de su dura noche tras caĂ­da con Chile: “Provoca dolor recordarla”", "locations": [], "entities": {"persons": [], "locations": [], "organizations": []}, "highlightText": "", "language": "spanish", "persons": [], "text": "Martino revelĂł detalles de su dura noche tras caĂ­da con Chile: “Provoca dolor recordarla” 0 Pablo Velozo \nNo escondiĂł su dolor. El exdirector tĂŠcnico de la selecciĂłn de fĂştbol de Argentina, Gerardo Martino , rememorĂł en las Ăşltimas horas una de sus noches mĂĄs ‘traumĂĄticas’: la de la caĂ­da con Chile en la Copa AmĂŠrica Centenario. \nEl nuevo entrenador del Atlanta United de la MLS de Estados Unidos fue entrevistado por Hristo Stoichkov , leyenda del balompiĂŠ mundial, ante quien reconociĂł que habĂ­a llorado en el vestuario luego de la derrota. \n“Fue un momento muy duro, muy difĂ­cil… desde la premiaciĂłn en el campo, el vestuario, fue muy difĂ­cil el hotel, el vuelo de regreso”, agregĂł el adiestrador. \nEn la misma lĂ­nea, Martino admitiĂł que el dolor fue mayor porque “era la segunda vez en un aĂąo, en circunstancias iguales, el mismo rival, otra vez por penales”. \nEl tambiĂŠn exestratega del FC Barcelona no tuvo vergĂźenza y puntualizĂł que la ‘traumĂĄtica’ herida aĂşn no cierra: “ResultĂł toda una situaciĂłn que me provoca dolor recordarla” , concluyĂł. ", "external_links": [], "published": "2016-09-30T17:34:00.000+03:00", "crawled": "2016-10-01T05:33:54.277+03:00", "highlightTitle": ""}