{"organizations": [], "uuid": "af5b3d244a1ee7707cce637391062ace1eadbd76", "thread": {"social": {"gplus": {"shares": 1}, "pinterest": {"shares": 0}, "vk": {"shares": 0}, "linkedin": {"shares": 0}, "facebook": {"likes": 478, "shares": 478, "comments": 0}, "stumbledupon": {"shares": 0}}, "site_full": "lagaceta.com.ar", "main_image": "http://img.lagaceta.com.ar/fotos/notas/2016/10/01/701570_20161001111933.jpg", "site_section": "http://feeds.feedburner.com/LaGacetaUltimoMomento?format=xml", "section_title": "La Gaceta On Line", "url": "http://lagaceta.com.ar/nota/701570/politica/cano-aseguro-aumento-presupuesto-para-plan-belgrano.html", "country": "AR", "domain_rank": 2102, "title": "Cano aseguró un aumento de presupuesto para el Plan Belgrano", "performance_score": 4, "site": "lagaceta.com.ar", "participants_count": 0, "title_full": "Cano aseguró un aumento de presupuesto para el Plan Belgrano", "spam_score": 0.0, "site_type": "news", "published": "2016-10-01T19:18:00.000+03:00", "replies_count": 0, "uuid": "af5b3d244a1ee7707cce637391062ace1eadbd76"}, "author": "", "url": "http://lagaceta.com.ar/nota/701570/politica/cano-aseguro-aumento-presupuesto-para-plan-belgrano.html", "ord_in_thread": 0, "title": "Cano aseguró un aumento de presupuesto para el Plan Belgrano", "locations": [], "entities": {"persons": [], "locations": [], "organizations": []}, "highlightText": "", "language": "spanish", "persons": [], "text": "DECLARACIONES Cano aseguró un aumento de presupuesto para el Plan Belgrano También dijo que hay obras previstas para 2017 que ya tienen fondos asignados, como los diques de Potreros del Clavillo y el Naranjal, estratégicos para Catamarca y Tucumán. 26 minutos . JOSÉ CANO / LA GACETA José Cano aseguró que en 2017 habrá \"una suba del 46 % en la cantidad de fondos asignados\" al Plan Belgrano, al tiempo que reclamó a los gobernadores del Norte \"acompañar las políticas nacionales\" y mejorar el trato con los intendentes de Cambiemos. Cano indicó que \"se está haciendo\" el plan y mencionó puntualmente la primera etapa de \"la recuperación del Belgrano Cargas con financiamiento\" y la realización de proyectos -aprobados hace 15 años- de obras de infraestructura en Tucumán, Chaco, Salta y Jujuy. Además, dijo que hay obras previstas para el año próximo \"que ya tienen fondos asignados, como los diques de Potreros del Clavillo y el Naranjal, estratégicos para Catamarca y Tucumán\". De todos modos, Cano avisó que había quienes \"tal vez se pensaban que iba a ser otro (Julio) De Vido o (José) López manejando la caja a mi antojo y no lo voy a ser\". En un reportaje del diario \"La Nación\", apuntó que está prevista \"en el presupuesto una suba del 46 por ciento en la cantidad de fondos asignados\" al Plan que se inscriben \"dentro de un compromiso político a diez años con las provincias\". Cano destacó que el presidente, Mauricio Macri, \"entiende que los problemas de todas esas provincias (del Norte) son los mismos\" y, por eso, \"se están haciendo cosas, es una apuesta de mediano y largo plazo, después de años de postergación y rechazo\", acotó. Pese a que aseguró que no le da \"bronca\" la relación cercana que el gobernador de Tucumán, el peronista Juan Manzur, mantiene con el gobierno nacional, sostuvo que los gobernadores \"tienen que producir reformas políticas, acompañar las políticas nacionales para generar empleo genuino, calidad educativa, políticas tributarias muy estrictas en esas provincias\". También reclamó a los mandatarios provinciales que \"traten a los intendentes de Cambiemos como el Presidente los trata a ellos y no como hacen ahora, que muchas veces no les transfieren una moneda\". Por otra parte, Cano negó diferencias con los ministros de Transportes, Guillermo Dietrich, y del Interior, Rogelio Frigerio, con quienes aseguró tener \"una gran relación\". \"Podemos tener a veces miradas políticas que discutimos, pero de ninguna manera tenemos lugar para gastar energía en internas\", afirmó. \nJosé Cano aseguró que en 2017 habrá \"una suba del 46 % en la cantidad de fondos asignados\" al Plan Belgrano, al tiempo que reclamó a los gobernadores del Norte \"acompañar las políticas nacionales\" y mejorar el trato con los intendentes de Cambiemos. \nCano indicó que \"se está haciendo\" el plan y mencionó puntualmente la primera etapa de \"la recuperación del Belgrano Cargas con financiamiento\" y la realización de proyectos -aprobados hace 15 años- de obras de infraestructura en Tucumán, Chaco, Salta y Jujuy. \nAdemás, dijo que hay obras previstas para el año próximo \"que ya tienen fondos asignados, como los diques de Potreros del Clavillo y el Naranjal, estratégicos para Catamarca y Tucumán\". \nDe todos modos, Cano avisó que había quienes \"tal vez se pensaban que iba a ser otro (Julio) De Vido o (José) López manejando la caja a mi antojo y no lo voy a ser\". \nEn un reportaje del diario \"La Nación \", apuntó que está prevista \"en el presupuesto una suba del 46 por ciento en la cantidad de fondos asignados\" al Plan que se inscriben \"dentro de un compromiso político a diez años con las provincias\". \nCano destacó que el presidente, Mauricio Macri, \"entiende que los problemas de todas esas provincias (del Norte) son los mismos\" y, por eso, \"se están haciendo cosas, es una apuesta de mediano y largo plazo, después de años de postergación y rechazo\", acotó. \nPese a que aseguró que no le da \"bronca\" la relación cercana que el gobernador de Tucumán, el peronista Juan Manzur, mantiene con el gobierno nacional, sostuvo que los gobernadores \"tienen que producir reformas políticas, acompañar las políticas nacionales para generar empleo genuino, calidad educativa, políticas tributarias muy estrictas en esas provincias\". \nTambién reclamó a los mandatarios provinciales que \"traten a los intendentes de Cambiemos como el Presidente los trata a ellos y no como hacen ahora, que muchas veces no les transfieren una moneda\". \nPor otra parte, Cano negó diferencias con los ministros de Transportes, Guillermo Dietrich, y del Interior, Rogelio Frigerio, con quienes aseguró tener \"una gran relación\". \"Podemos tener a veces miradas políticas que discutimos, pero de ninguna manera tenemos lugar para gastar energía en internas\", afirmó. Comentar", "external_links": [], "published": "2016-10-01T19:18:00.000+03:00", "crawled": "2016-10-01T17:45:46.973+03:00", "highlightTitle": ""}