{"organizations": [], "uuid": "ade78b6f0f77db130456f4e3cb87593c86437a6d", "thread": {"social": {"gplus": {"shares": 0}, "pinterest": {"shares": 0}, "vk": {"shares": 0}, "linkedin": {"shares": 0}, "facebook": {"likes": 1, "shares": 1, "comments": 0}, "stumbledupon": {"shares": 0}}, "site_full": "www.infobae.com", "main_image": "http://www.infobae.com/resizer/?op=resize&url=https%3a%2f%2fs3.amazonaws.com%2farc-wordpress-client-uploads%2finfobae-wp%2fwp-content%2fuploads%2f2016%2f10%2f02113640%2fReal-Madrid-vs-Eibar-1920-AP.jpg&mode=crop&w=1200&q=75&token=bar", "site_section": "", "section_title": "", "url": "http://www.infobae.com/deportes-2/2016/10/02/real-madrid-recibe-al-eibar-para-recuperarse-de-una-semana-dificil/", "country": "US", "domain_rank": 1441, "title": "Real Madrid apenas empató ante un Eibar que hizo historia - Infobae", "performance_score": 0, "site": "infobae.com", "participants_count": 0, "title_full": "Real Madrid apenas empató ante un Eibar que hizo historia - Infobae", "spam_score": 0.21, "site_type": "news", "published": "2016-10-03T03:40:00.000+03:00", "replies_count": 0, "uuid": "ade78b6f0f77db130456f4e3cb87593c86437a6d"}, "author": "De Octubre De", "url": "http://www.infobae.com/deportes-2/2016/10/02/real-madrid-recibe-al-eibar-para-recuperarse-de-una-semana-dificil/", "ord_in_thread": 0, "title": "Real Madrid apenas empató ante un Eibar que hizo historia - Infobae", "locations": [], "entities": {"persons": [], "locations": [], "organizations": []}, "highlightText": "", "language": "spanish", "persons": [], "text": "Deportes Real Madrid apenas empató ante un Eibar que hizo historia Finalizaron 1 a 1 en el Bernabéu, donde la visita marcó por primera vez en su historia mediante Fran Rico. El local igualó con un tanto de Gareth Bale y es líder aunque no pudo superar en la cima al Atlético de Simeone, que hoy ganó 2 de octubre de 2016 El Real Madrid empató en su estadio 1-1 con el Eibar (8º) en la 7ª jornada de la Liga , dejando líder provisional del campeonato al Atlético de Madrid, que le arrebató el primer puesto al ganar 2-0 al Valencia. Fran Rico adelantó pronto al Eibar con un tanto de cabeza (6), pero diez minutos más tarde, Gareth Bale empataba al rematar de cabeza un centro de Cristiano Ronaldo desde la izquierda (17). El Real Madrid tuvo el control de la pelota, pero se mostró lento y no terminó de encontrar los huecos en la defensa del equipo vasco, que consiguió su primer punto en el Santiago Bernabéu. Su cuarto empate consecutivo, deja a los blancos en segunda posición provisional, empatado a puntos con el ahora líder, el Atlético de Madrid, a la espera de lo que haga el Barcelona (4º) en el último partido del día contra el Celta (14º). El Atlético es ahora líder con 15 puntos, los mismos que el Real Madrid, que es segundo y a dos del Barcelona, cuarto. El Valencia se queda 16º antes de que el lunes se ponga a las órdenes de Cesare Prandelli, su nuevo entrenador. ", "external_links": [], "published": "2016-10-03T03:40:00.000+03:00", "crawled": "2016-10-02T22:40:23.353+03:00", "highlightTitle": ""}