{"organizations": [], "uuid": "0b8114ace5f5229ac732fa560f50cd0f796638d5", "thread": {"social": {"gplus": {"shares": 0}, "pinterest": {"shares": 0}, "vk": {"shares": 0}, "linkedin": {"shares": 0}, "facebook": {"likes": 0, "shares": 0, "comments": 0}, "stumbledupon": {"shares": 0}}, "site_full": "www.meneame.net", "main_image": "//mnmstatic.net/img/mnm/logo-350x350.png", "site_section": "http://meneame.net//comments_rss", "section_title": "Menéame: comentarios", "url": "https://www.meneame.net/m/actualidad/beatriz-talegon-madina-no-tiene-verguenza", "country": "IE", "domain_rank": 8316, "title": "#1 Beatriz Talegón: \"Madina no tiene vergüenza\"", "performance_score": 0, "site": "meneame.net", "participants_count": 1, "title_full": "#1 Beatriz Talegón: \"Madina no tiene vergüenza\"", "spam_score": 0.0, "site_type": "news", "published": "2016-10-01T17:26:00.000+03:00", "replies_count": 0, "uuid": "0b8114ace5f5229ac732fa560f50cd0f796638d5"}, "author": "lamantua", "url": "https://www.meneame.net/m/actualidad/beatriz-talegon-madina-no-tiene-verguenza", "ord_in_thread": 0, "title": "#1 Beatriz Talegón: \"Madina no tiene vergüenza\"", "locations": [], "entities": {"persons": [], "locations": [], "organizations": []}, "highlightText": "", "language": "spanish", "persons": [], "text": "por Livingstone85 a diariocritico.com enviado: ____ “Lo que está pasando ahora evidencia el gran problema del PSOE que no es otro que haberse convertido en una agencia de colocación para quien no tiene otra forma de ganarse la vida. El partido carece de los principales valores socialistas, se ha ido ‘alimentando’ de la militancia, y cuando se ha conseguido ‘colocar’ a todos, ahora se sacan los ojos entre ellos”.", "external_links": [], "published": "2016-10-01T17:26:00.000+03:00", "crawled": "2016-10-01T12:41:03.579+03:00", "highlightTitle": ""}