{"organizations": [], "uuid": "09c1f2b8159ee8a170eefee489966d01df87163f", "thread": {"social": {"gplus": {"shares": 0}, "pinterest": {"shares": 0}, "vk": {"shares": 0}, "linkedin": {"shares": 0}, "facebook": {"likes": 2, "shares": 2, "comments": 0}, "stumbledupon": {"shares": 0}}, "site_full": "www.elcomercio.com", "main_image": "http://www.elcomercio.com/files/og_thumbnail/uploads/2016/09/30/57eed0dd8d434.jpeg", "site_section": "http://www.elcomercio.com/rss/actualidad", "section_title": "Actualidad", "url": "http://www.elcomercio.com/actualidad/bomberos-controlan-incendio-forestal-pintag.html", "country": "", "domain_rank": 1793, "title": "Bomberos controlaron el incendio forestal en Píntag", "performance_score": 0, "site": "elcomercio.com", "participants_count": 1, "title_full": "Bomberos controlaron el incendio forestal en Píntag", "spam_score": 0.0, "site_type": "news", "published": "2016-10-01T04:57:00.000+03:00", "replies_count": 0, "uuid": "09c1f2b8159ee8a170eefee489966d01df87163f"}, "author": "Daniel Romero", "url": "http://www.elcomercio.com/actualidad/bomberos-controlan-incendio-forestal-pintag.html", "ord_in_thread": 0, "title": "Bomberos controlaron el incendio forestal en Píntag", "locations": [], "entities": {"persons": [], "locations": [], "organizations": []}, "highlightText": "", "language": "spanish", "persons": [], "text": "Contento 0 Unidad de Noticias La mañana de este viernes, 30 de septiembre de 2016, el Cuerpo de Bomberos informó que el incendio forestal en Píntag , al oriente de Quito , fue controlado. El evento se produjo desde la tarde del miércoles pasado. Para controlar las llamas se movilizaron 20 bomberos con cuatro camionetas hasta un terreno de difícil acceso. Para ingresar se tuvo que recurrió a un helicóptero de Aeropolicial para identificar las vías de acceso para los bomberos.Hasta el medio día de hoy, los casacas rojas trabajaron en la liquidación de focos secundarios, para dejar la zona en condiciones seguras. Las llamas se originaron cerca de las 17:00 del miércoles pasado. Hasta el lugar se traslado el personal de bomberos quienes, por la visibilidad y las condiciones del terreno , no lograron acceder hasta la zona afectada.Las labores se retomaron la mañana de ayer y la intervención se extendió durante todo el día. Sin embargo, las características del evento impidieron que fuese controlado.", "external_links": [], "published": "2016-10-01T04:57:00.000+03:00", "crawled": "2016-10-01T00:16:31.299+03:00", "highlightTitle": ""}