{"organizations": [], "uuid": "7d588f47d81d16366d6869fc257bc7f28d3bdf76", "thread": {"social": {"gplus": {"shares": 0}, "pinterest": {"shares": 0}, "vk": {"shares": 0}, "linkedin": {"shares": 0}, "facebook": {"likes": 0, "shares": 0, "comments": 0}, "stumbledupon": {"shares": 0}}, "site_full": "www.eldiario.es", "main_image": "http://images.eldiario.es/fotos/Yates-Regata-Barbados-Marina-Santa_EDIIMA20160930_0387_3.jpg", "site_section": "", "section_title": "", "url": "http://www.eldiario.es/tenerifeahora/santa_cruz/Regata-Oceanica-Barbados-Caribe-Santa_0_564493959.html", "country": "IE", "domain_rank": 4291, "title": "La Regata Oceánica Barbados 50 parte este domingo hacia el Caribe desde Santa Cruz", "performance_score": 0, "site": "eldiario.es", "participants_count": 0, "title_full": "La Regata Oceánica Barbados 50 parte este domingo hacia el Caribe desde Santa Cruz", "spam_score": 0.017, "site_type": "news", "published": "2016-09-30T21:58:00.000+03:00", "replies_count": 0, "uuid": "7d588f47d81d16366d6869fc257bc7f28d3bdf76"}, "author": "", "url": "http://www.eldiario.es/tenerifeahora/santa_cruz/Regata-Oceanica-Barbados-Caribe-Santa_0_564493959.html", "ord_in_thread": 0, "title": "La Regata Oceánica Barbados 50 parte este domingo hacia el Caribe desde Santa Cruz", "locations": [], "entities": {"persons": [], "locations": [], "organizations": []}, "highlightText": "", "language": "spanish", "persons": [], "text": "Santa Cruz La Regata Oceánica Barbados 50 parte este domingo hacia el Caribe desde Santa Cruz \nLos 36 yates que participan en la travesía están tripulados por navegantes aficionados de hasta 18 nacionalidades distintas, y entre ellos hay varias familias, algunas acompañadas por sus hijos efe \nYates participantes en la Regata Barbados 50, atracados en la Marina de Santa Cruz Dácil Jiménez más INFO ETIQUETAS: Reagata Oceánica Barbados 50 , Autoridad Portuaria , Ricardo Melchior , Puertos de Tenerife , Caribe , vela Los 36 yates de hasta 18 nacionalidades diferentes que desde hace algunos días ocupan los pantalanes de la Marina de Santa Cruz partirán este este domingo rumbo a Cabo Verde, para luego continuar su travesía hasta la isla caribeña de Barbados. Esta Regata Oceánica, denominada Barbados 50, es un evento trasatlántico para celebrar el 50 aniversario de la independencia de esta isla caribeña, y partió de manera simbólica desde Londres el pasado 31 de julio. Las embarcaciones ya han recalado en varios puertos de España y Portugal en su recorrido hacia Canarias, donde han visitado las diferentes islas del Archipiélago. Tras la escala en Cabo Verde, la flota cruzará el Atlántico hacia Barbados, donde la llegada de los yates está programada para coincidir con las celebraciones que comenzarán el 30 de noviembre por el cincuenta aniversario de su Independencia. Los 36 yates que están tomando parte de la travesía están tripulados por navegantes aficionados y entre ellos hay varias familias, algunas acompañadas por sus hijos. El presidente de la Autoridad Portuaria de Santa Cruz de Tenerife, Ricardo Melchior, que ha presentado este viernes el evento en la Marina de Tenerife, se ha congratulado de que la compañía británica Cronell Saliling Events, que lidera el navegante de reputación mundial y autor de gran éxito, Jimmy Cornell, haya decidido recalar en el puerto santacrucero. Además de explicar los detalles de esta regata, Ricardo Melchior ha anunciado también que para el próximo mes de diciembre está prevista otra \"Odisea Atlántica, y para el próximo año continuaremos las actividades náuticas con tres nuevas regatas\". Junto al presidente de la Autoridad Portuaria asistieron al acto el director comercial de la Autoridad Portuaria, Airam Díaz; el organizador, Jimmy Cornell; la gerente de Marina Santa Cruz, Emilia Garaeta y el comodoro del Real Club Náutico de Tenerife, Cristóbal Amador, entidad nauta que colabora con la organización. - PUBLICIDAD - ", "external_links": [], "published": "2016-09-30T21:58:00.000+03:00", "crawled": "2016-10-02T02:54:36.974+03:00", "highlightTitle": ""}