{"organizations": [], "uuid": "837b7fca391b8e0a549cca675c248a2b560458bb", "thread": {"social": {"gplus": {"shares": 0}, "pinterest": {"shares": 0}, "vk": {"shares": 0}, "linkedin": {"shares": 0}, "facebook": {"likes": 0, "shares": 0, "comments": 0}, "stumbledupon": {"shares": 0}}, "site_full": "www.lanacion.com.ar", "main_image": "http://bucket.glanacion.com/anexos/fotos/71/2278571.jpg", "site_section": "http://www.lanacion.com.ar/", "section_title": "Video, LA NACION pm, LN+ - LA NACION", "url": "http://www.lanacion.com.ar/1942924-angelina-jolie-y-brad-pitt-llegaron-a-un-acuerdo-temporal-por-la-custodia-de-sus-seis-hijos", "country": "AR", "domain_rank": 1177, "title": "Angelina Jolie y Brad Pitt llegaron a un acuerdo temporal por la custodia de sus seis hijos", "performance_score": 0, "site": "lanacion.com.ar", "participants_count": 1, "title_full": "Angelina Jolie y Brad Pitt llegaron a un acuerdo temporal por la custodia de sus seis hijos - 30.09.2016 - LA NACION", "spam_score": 1.0, "site_type": "news", "published": "2016-10-01T03:00:00.000+03:00", "replies_count": 0, "uuid": "837b7fca391b8e0a549cca675c248a2b560458bb"}, "author": "lanacion", "url": "http://www.lanacion.com.ar/1942924-angelina-jolie-y-brad-pitt-llegaron-a-un-acuerdo-temporal-por-la-custodia-de-sus-seis-hijos", "ord_in_thread": 0, "title": "Angelina Jolie y Brad Pitt llegaron a un acuerdo temporal por la custodia de sus seis hijos", "locations": [], "entities": {"persons": [], "locations": [], "organizations": []}, "highlightText": "", "language": "spanish", "persons": [], "text": "0 Angelina Jolie y Brad Pitt parecen haber calmado las aguas. Después de que la actriz tomara la decisión de separarse y de pedir la custodia de los seis hijos que compartía con su colega, llegó una suerte de solución. Según informó el medio TMZ, la ex pareja llegó a un acuerdo temporal sobre quién cuidará de los los niños mientras esperan la resolución definitiva de su divorcio.\nJolie y Pitt aceptaron las condiciones propuestas por el Departamento de Infancia y Servicios Familiares del condado de Los Ángeles, que establece que la actriz tendrá la custodia física de los seis niños y el actor tendrá derecho a visitar a sus hijos, siempre con trabajadores sociales cerca.\nAdemás, dice TMZ, el acuerdo temporal, cuya duración es de tres semanas, incluye la mediación de psicólogos y Pitt podrá ser sometido a pruebas de alcohol y drogas, luego de los rumores que circularon en torno a un comportamiento agresivo que tuvo el intérprete dentro de un avión.\nEn esta nota: Brad Pitt Angelina Jolie Personajes", "external_links": ["https://plus.google.com/share?url=http://www.lanacion.com.ar/1942924", "http://bucket2.glanacion.com/anexos/fotos/71/el-divorcio-de-jolie-y-pitt-2278571w620.jpg", "http://www.facebook.com/sharer.php?s=100&u=http://www.lanacion.com.ar/1942924", "http://twitter.com/share?text=Angelina", "http://zor.livefyre.com/wjs/v1.0/javascripts/CommentCount.js", "http://www.tmz.com/2016/09/30/brad-and-angelina-divorce-settlement-custody-drug-testing/"], "published": "2016-10-01T03:00:00.000+03:00", "crawled": "2016-10-01T02:42:32.292+03:00", "highlightTitle": ""}