{"organizations": [], "uuid": "0692c73149d6aeee84c04a4d522d9b6e7e6a3e0e", "thread": {"social": {"gplus": {"shares": 0}, "pinterest": {"shares": 0}, "vk": {"shares": 0}, "linkedin": {"shares": 0}, "facebook": {"likes": 12, "shares": 12, "comments": 0}, "stumbledupon": {"shares": 0}}, "site_full": "lagaceta.com.ar", "main_image": "http://img.lagaceta.com.ar/fotos/notas/2016/09/30/701448_20160930194541.jpg", "site_section": "http://feeds.feedburner.com/LaGacetaUltimoMomento?format=xml", "section_title": "La Gaceta On Line", "url": "http://lagaceta.com.ar/nota/701448/deportes/atacaron-micro-olimpo-delantero-termino-herido.html", "country": "AR", "domain_rank": 2102, "title": "Atacaron el micro de Olimpo y su delantero terminó herido", "performance_score": 0, "site": "lagaceta.com.ar", "participants_count": 0, "title_full": "Atacaron el micro de Olimpo y su delantero terminó herido", "spam_score": 0.0, "site_type": "news", "published": "2016-10-01T03:45:00.000+03:00", "replies_count": 0, "uuid": "0692c73149d6aeee84c04a4d522d9b6e7e6a3e0e"}, "author": "", "url": "http://lagaceta.com.ar/nota/701448/deportes/atacaron-micro-olimpo-delantero-termino-herido.html", "ord_in_thread": 0, "title": "Atacaron el micro de Olimpo y su delantero terminó herido", "locations": [], "entities": {"persons": [], "locations": [], "organizations": []}, "highlightText": "", "language": "spanish", "persons": [], "text": "Atacaron el micro de Olimpo y su delantero terminó herido Hace 1 hora FOTO TOMADA DE TWITTER ampliar (1 foto) Coniglio fue el blanco de un piedrazo cuando el plantel se dirigía al estadio de Quilmes para abrir la fecha 5 del torneo. \nBUENOS AIRES.- El delantero de Fernando Coniglio resultó con heridas luego de ser atacado a piedrazos el micro que trasladaba a los jugadores de Olimpo cuando se dirigía al estadio de Quilmes. \nEl ataque se produjo en la bajada de Berazategui de la autopista Buenos Aires-La Plata, donde varias personas atacaron a piedrazos al colectivo que se dirigía al estadio Centenario, donde Quilmes recibía a Olimpo por la quinta fecha del torneo de Primera División. \nConiglio sufrió algunas contusiones y el presidente de la institución bahiense, Alfredo Dagna, habló en su cuenta de twitter. \"Llevamos tranquilidad a la familia de @conigliofer, quien recibió el golpe. Su compromiso y coraje le permitirán jugar el encuentro de hoy\". \nEn tanto, el entrenador Cristian Díaz indicó que si a Coniglio le hubiera pasado algo hubiese pedido no jugar. \"No quiero exagerar, pero por el tamaño de la piedra podría haber sido más grave\", indicó Díaz. (Télam) Tags", "external_links": [], "published": "2016-10-01T03:45:00.000+03:00", "crawled": "2016-10-01T02:28:58.715+03:00", "highlightTitle": ""}