{"organizations": [], "uuid": "424d9e0fb946bde6dbe756a141c5b5ee4a60799a", "thread": {"social": {"gplus": {"shares": 0}, "pinterest": {"shares": 0}, "vk": {"shares": 0}, "linkedin": {"shares": 0}, "facebook": {"likes": 0, "shares": 0, "comments": 0}, "stumbledupon": {"shares": 0}}, "site_full": "www.eldiario.es", "main_image": "http://images.eldiario.es/catalunya/Activistas-PAH-familia-produjera-desahucio_EDIIMA20160914_0720_3.jpg", "site_section": "", "section_title": "", "url": "http://www.eldiario.es/eldiarioex/familias-Badajoz-vivienda-adjudicada-personas_0_564494349.html", "country": "IE", "domain_rank": 4291, "title": "10 familias de Badajoz con vivienda pública adjudicada no entran porque hay otras personas", "performance_score": 0, "site": "eldiario.es", "participants_count": 0, "title_full": "10 familias de Badajoz con vivienda pública adjudicada no entran porque hay otras personas", "spam_score": 0.057, "site_type": "news", "published": "2016-10-02T07:00:00.000+03:00", "replies_count": 0, "uuid": "424d9e0fb946bde6dbe756a141c5b5ee4a60799a"}, "author": "", "url": "http://www.eldiario.es/eldiarioex/familias-Badajoz-vivienda-adjudicada-personas_0_564494349.html", "ord_in_thread": 0, "title": "10 familias de Badajoz con vivienda pública adjudicada no entran porque hay otras personas", "locations": [], "entities": {"persons": [], "locations": [], "organizations": []}, "highlightText": "", "language": "spanish", "persons": [], "text": "10 familias de Badajoz con vivienda pública adjudicada no entran porque hay otras personas \nCríticas de la Plataforma de Afectados por la Hipoteca 01/10/2016 - 23:00h - PUBLICIDAD - \nActivistas de la PAH en Cataluña @PAH La Plataforma de Afectados por la Hipoteca (PAH) de Badajoz ha criticado que al menos 10 familias con viviendas adjudicadas en el barrio de Suerte de Saavedra no pueden entrar en ellas porque están ocupadas por inquilinos que deben abandonarlas. La PAH se ha concentrado frente a la delegación de la Consejería de Sanidad y Política Social para mostrar su indignación por \"las políticas que la Junta está llevando a cabo con las personas que solicitan una viviendas de promoción pública\", así como por \"la falta de interés en la búsqueda de soluciones a problemas que surgen cuando ya las tienen adjudicadas\" . \"Existen familias que están viviendo en la calle dos semanas porque desde que le adjudicaron la vivienda, sus casas estaban ocupadas \", ha dicho un miembro de la PAH Badajoz. La Plataforma pretende que la Administración, cuando adjudica una vivienda a una familia, acompañe y compruebe que esa vivienda está en condiciones para vivir y se involucre, y \"que no solo sea soltar la llave\" . También han denunciado que viviendas que quedan disponibles y que consiguen las familias adjudicatarias se encuentran en un estado \"lamentable\" , ya que una de las familias que ya han conseguido una vivienda, “además de sucia, tienen que hacer una reforma por falta de enchufes y de suelos, entre otros defectos”. Además la PAH considera que el trato que reciben de la Administración tanto las personas adjudicatarias de vivienda como las que solicitan una vivienda, es \"deshumanizado y carente de empatía\" . ", "external_links": [], "published": "2016-10-02T07:00:00.000+03:00", "crawled": "2016-10-02T02:52:53.333+03:00", "highlightTitle": ""}