{"organizations": [], "uuid": "d1799983777c69c9d7e698a4d04512401168aabf", "thread": {"social": {"gplus": {"shares": 0}, "pinterest": {"shares": 0}, "vk": {"shares": 0}, "linkedin": {"shares": 0}, "facebook": {"likes": 0, "shares": 0, "comments": 0}, "stumbledupon": {"shares": 0}}, "site_full": "www.lavanguardia.com", "main_image": "http://www.lavanguardia.com/r/GODO/LV/p3/WebSite/2016/10/01/Recortada/img_jespinosa_20160930-134031_imagenes_lv_propias_jespinosa__mg_7707-kBAG-U41690308864UPE-992x558@LaVanguardia-Web.jpg", "site_section": "http://www.lavanguardia.com/feed/opinion/humor/index.html", "section_title": "Portada", "url": "http://www.lavanguardia.com/gente/20161001/41699390741/entrevista-dani-martin-nuevo-disco.html", "country": "ES", "domain_rank": 1941, "title": "“Es maravilloso no gustar a todos”", "performance_score": 0, "site": "lavanguardia.com", "participants_count": 1, "title_full": "“Es maravilloso no gustar a todos”", "spam_score": 0.0, "site_type": "news", "published": "2016-10-01T11:04:00.000+03:00", "replies_count": 0, "uuid": "d1799983777c69c9d7e698a4d04512401168aabf"}, "author": "Marino Rodríguez , Barcelona", "url": "http://www.lavanguardia.com/gente/20161001/41699390741/entrevista-dani-martin-nuevo-disco.html", "ord_in_thread": 0, "title": "“Es maravilloso no gustar a todos”", "locations": [], "entities": {"persons": [], "locations": [], "organizations": []}, "highlightText": "", "language": "spanish", "persons": [], "text": "Aunque no es que sonría mucho (véase la foto), Dani Martín es una de esas personalidades afables, enrolladas, que se ganan al periodista desde el primer segundo. Así, aunque el timing de la promoción de su nuevo disco, La montaña rusa, aprieta, te suelta: “Tranquilo, tenemos tiempo. Pregunta todo lo que quieras”. Allá vamos.\nA diferencia de otros artistas parece usted más abierto a hablar de su vida privada. \nNunca he hablado de mi vida privada, hablo de mis emociones, que forman parte de algo superuniversal. De los complejos, las inseguridades, la vulnerabilidad, la sensibilidad... De mi vida privada no, me daría apuro. Nunca doy nombres, nunca doy…\n¿El título de su nuevo disco es una referencia a su vida? ¿Su vida es como una montaña rusa? \nSí, absolutamente, porque me cuesta mucho encontrar el equilibrio en muchos aspectos.\nLe queda muy poco para los 40, ¿empieza a notar la crisis? \nNo, me siento en un buen momento. Como cuando disfrutas de beberte un buen vino en vez de irte de botellón. Estoy en un momento en el que encuentro más bonito saborear que tragar.\n¿Ha tenido que tragar mucho? \nLa verdad es que no. Han intentado que me tragara muchas cosas, pero no lo han conseguido.\n¿A saber? \nBueno, han intentado manejar mi carrera, han intentado robarme... Algunas cosas me han robado y, bueno, sí, alguna cosa me he tenido que tragar, pero al final ha ganado la verdad, el sentido común y las cosas bien hechas.\nEn las páginas del disco aparece vestido de boxeador. ¿Con quién se pelea usted? \nEs un poco una metáfora del luchador, de la persona que se atreve, que se da permiso para enfrentarse a la vida. De la persona que recibe algunos golpes y esquiva otros, que pierde o gana combates pero sabe sacar lo positivo y enriquecedor de cada vivencia.\n¿Ha dicho que este es su disco más autobiográfico? \nSí, sin duda, es en el que más he volcado mis emociones, como me he sentido yo emocionalmente en estos años.\nAl parecer, buena parte de las canciones de Taylor Swift están inspiradas en sus exparejas. ¿Es también su caso? \nMás que en mis relaciones, en cómo yo las siento. En qué me hace sentir un abandono o el tener que decirle a alguien “¿qué, quieres parar?”.\nTengo entendido que a usted, como a Swift, tampoco le suelen durar demasiado las parejas. ¿Se cansan ellas de usted o usted de ellas? \nBueno eso sí que es una pregunta de vida privada y sinceramente nunca he contestado este tipo de preguntas... Pero sí que hablo de una dificultad de encontrar el equilibrio, de un montón de pensamientos irracionales en el día a día que hacen que las cosas se obstaculicen, el que sea difícil que uno pueda vivir el presente sin ese guion que se ha montado en su cabeza.\nDedica dos páginas enteras del CD a los agradecimientos, citando a decenas y decenas de personas, pero creo que no menciona a sus ex... \nTe equivocas... Está todo el mundo que me ha hecho sentir cosas ­bonitas.\n¿Cuál es el mayor éxito en su ­vida? \nSe llaman Manolo y Carmen, que son mis padres, y son dos personas que me han enseñado que hay que pensar en los demás, a comunicarme, a dar cariño al que lo merece y permitirme recibirlo. En fin, unas cosas, unas herramientas, maravillosas.\n¿Y su mayor fracaso? \nEl mayor fracaso, lo peor para mí, es el prejuicio y la envidia. Y gracias a Dios no lo tengo. Ya dije que hasta de los combates perdidos siento que he aprendido algo.\nEl fenómeno fan existe desde hace décadas, pero con internet y las redes sociales nació también el fenómeno hater, el de los críticos, los muy críticos y, textualmente, los odiadores. ¿Cómo lo encaja? \nMe parece superlícito no gustar a determinada gente. Es más, creo que lo más maravilloso es no gustar a todo el mundo. Es supersano gustar a unos y no gustar a otros. También he aprendido a valorar una crítica constructiva de la cual poder aprender. Creo que es mucho más interesante darle tiempo a alguien que te puede hacer una crítica constructiva que a alguien que se autodenomina Raptor74. Y que hagas lo que hagas le va a parecer siempre una mierda.\nTiene usted 1,7 millones de seguidores en Twitter. ¿Eso implica responsabilidad? \nYo no lo veo así. No me siento ­responsable de nada en la vida de ­alguien. La mejor manera es tra­bajar con la verdad. Y mis mensa-jes no tienen contenido ofensivo. \nYa, pero presión hay, ¿no? Por ejemplo, recientemente hizo ­usted una referencia crítica al reggaeton y se le lanzaron a la yugular. Ha tenido que hacer más de una aclaración. \nSí, se nota la presión... Si lo hubiera dicho Pepito García, no habría pasado nada, pero como lo dije yo... Ya expliqué que sí me gusta un determinado reggaeton... Y lo que dije es que a muchos temas pop le metían ese ritmo sólo porque está de moda y que eso a mí no me apetecía.\nYa, ¿pero entonces no se puede decir que buena parte del reggaeton es un rollo macabeo y que además es machista? \nSí, muy machista... Sí, sí, claro, se puede decir, pero las consecuencias son las que son.\nVolviendo a las fans, ha sido muy comentado que hace unos días en un programa de televisión besara a una en la boca. Ahora todas querrán su ración. \nBueno, pues lo que decíamos antes, si besar a una chica da tanto que hablar... Y tampoco ha sido para tanto. Creo que fue algo bonito. Lo volvería a hacer.\nTiene un montón de tatuajes. \nSí, no sé cuántos. Ahora creo que los tatuajes, como determinada ropa, son un parapeto, un disfraz que nos ponemos, sobre todo en nuestra adolescencia o juventud. Un parapeto de tu yo verdadero, que a veces creemos que no es nuestro encanto por mostrar.\n¿Se los quitaría si pudiera? \nHace años que no me hago ninguno, pero no, no pienso quitármelos. Forman parte de mí, de mi historia.\nCon la piratería, YouTube, Spotify y etcétera, ¿aún se vende algún disco? \nHoy vender un disco físico es casi heroico. Convencer a una persona de que salga de casa, coja el coche, aparque, entre en el centro comercial, suba a la última planta y allí, en una esquina, al lado del pienso para los perros, encuentre tu disco...\n¿Tanto se han reducido las secciones de discos? \nSí, es increíble. Pero, en fin. Hay que hacer las cosas bien, como hemos hecho en este disco, y así la gente sí te sigue comprando. De mi anterior álbum vendimos 90.000 unidades. Claro que del disco Zapatillas de El Canto del Loco se vendió un millón de copias. Pero, bueno, lo que decía, hoy vender discos físicos es algo ­heroico.\nUsted se formó como actor y participó en varias series y películas, pero hace siete años que tiene totalmente congelada esa faceta. ¿Piensa recuperarla algún día? \nBueno, yo no me considero un actor, yo sólo jugué a serlo durante un tiempo. Para mí ser actor es un trabajo muy artesano al que hay que dedicarle tiempo y esfuerzo. Para mí un actor es alguien como Luis Tosar, que ha dedicado cada minuto de su vida a su oficio.\nTemas relacionados Botellón Dani Martín Taylor Swift Luis Tosar Spotify", "external_links": [], "published": "2016-10-01T11:04:00.000+03:00", "crawled": "2016-10-01T05:13:10.714+03:00", "highlightTitle": ""}