{"organizations": [], "uuid": "94118d814ff980781c767958f451cefdd879abec", "thread": {"social": {"gplus": {"shares": 0}, "pinterest": {"shares": 0}, "vk": {"shares": 0}, "linkedin": {"shares": 0}, "facebook": {"likes": 0, "shares": 0, "comments": 0}, "stumbledupon": {"shares": 0}}, "site_full": "www.latercera.com", "main_image": "http://static.latercera.com/20160121/2243669_500.jpg", "site_section": "http://www.latercera.com/feed/manager?type=rss&sc=TEFURVJDRVJB", "section_title": "LA TERCERA", "url": "http://www.latercera.com/noticia/deportes/2016/10/656-699152-9-zlatan-ibrahimovic-los-mejores-10-goles-en-sus-35-anos.shtml", "country": "CL", "domain_rank": 9654, "title": "Zlatan Ibrahimovic: los mejores 10 goles en sus 35 años", "performance_score": 0, "site": "latercera.com", "participants_count": 0, "title_full": "Zlatan Ibrahimovic: los mejores 10 goles en sus 35 años", "spam_score": 0.0, "site_type": "news", "published": "2016-10-04T02:31:00.000+03:00", "replies_count": 0, "uuid": "94118d814ff980781c767958f451cefdd879abec"}, "author": "", "url": "http://www.latercera.com/noticia/deportes/2016/10/656-699152-9-zlatan-ibrahimovic-los-mejores-10-goles-en-sus-35-anos.shtml", "ord_in_thread": 0, "title": "Zlatan Ibrahimovic: los mejores 10 goles en sus 35 años", "locations": [], "entities": {"persons": [], "locations": [], "organizations": []}, "highlightText": "", "language": "spanish", "persons": [], "text": "-A +A \n10- Juventus vs Benfica (2005) \nEn un amistoso jugado el 6 de agosto de 2005, Zlatan Ibrahimovic sorprendió a los asistentes con un disparo desde fuera del área, dejando al arquero metido dentro del propio arco \n9- Suecia vs Francia (2012) \nNunca separar los ojos del balón es una ley del fútbol. Ibrahimovic lo muestra de gran manera con la siguiente volea por la Eurocopa de 2012 ante los franceses. \n8- Suecia vs Italia (2004) \nEn un área desordenada, llena de jugadores de ambas escuadras, Ibrahimovic puso la sorpresa sacando una jugada inesperada. ¿Resultado? El balón terminó dentro del arco con cierto suspenso. \n7- Barcelona vs Zaragoza (2009) \nUna de las características del sueco es la potencia de su disparo. El tiro libre ante Zaragoza lo grafica de manera excelente. \n6- Milan vs Lecce (2011) \nParecido a su gol por Juventus ante Benfica, en este la complejidad estaba en tener el equilibrio necesario posterior al forcejeo con el defensor. Ibrahimovic lo logró y con clase.", "external_links": [], "published": "2016-10-04T02:31:00.000+03:00", "crawled": "2016-10-03T21:05:33.440+03:00", "highlightTitle": ""}