{"organizations": [], "uuid": "006093fe2626b1a07d5da911112d8f8c189f19ee", "thread": {"social": {"gplus": {"shares": 0}, "pinterest": {"shares": 0}, "vk": {"shares": 0}, "linkedin": {"shares": 0}, "facebook": {"likes": 0, "shares": 0, "comments": 0}, "stumbledupon": {"shares": 0}}, "site_full": "www.nacion.com", "main_image": "http://www.nacion.com/mundo/latinoamerica/Colombia-FARC-plebiscito_LNCIMA20161002_0220_3.jpg", "site_section": "http://www.nacion.com/Generales/RSS/UltimaHoraRss.aspx", "section_title": "La Nación", "url": "http://www.nacion.com/mundo/latinoamerica/Colombia-FARC-plebiscito_0_1588841204.html", "country": "US", "domain_rank": 2457, "title": "Incertidumbre y asombro reinan en Colombia ante rechazo al pacto de paz", "performance_score": 0, "site": "nacion.com", "participants_count": 1, "title_full": "Incertidumbre y asombro reinan en Colombia ante rechazo al pacto de paz", "spam_score": 0.0, "site_type": "news", "published": "2016-10-03T03:51:00.000+03:00", "replies_count": 0, "uuid": "006093fe2626b1a07d5da911112d8f8c189f19ee"}, "author": "nacion.com", "url": "http://www.nacion.com/mundo/latinoamerica/Colombia-FARC-plebiscito_0_1588841204.html", "ord_in_thread": 0, "title": "Incertidumbre y asombro reinan en Colombia ante rechazo al pacto de paz", "locations": [], "entities": {"persons": [], "locations": [], "organizations": []}, "highlightText": "", "language": "spanish", "persons": [], "text": "Colombianos que apoyaban el convenio de paz no ocultaron su tristeza al conocer el triunfo del no en la consulta. (AFP) Los pronósticos no coincidieron este domingo con la realidad que vivió  el pueblo colombiano, que fue consumido por la incertidumbre  ante los resultados del plebiscito que se llevó a cabo   para avalar o no el acuerdo de paz entre el Gobierno  y las Fuerzas Armadas Revolucionarias de Colombia (FARC).\nEl costarricense Jesús Guzmán, politólogo e investigador de la Universidad de Costa Rica (UCR) fue testigo de cómo  la zozobra y el asombro reinaron   en   las calles de Bogotá al conocerse el rechazo al pacto de paz.\nGuzmán fue invitado a título personal por el Partido Liberal Colombiano  como observador del plebiscito.\nLEA:Colombia rechaza el acuerdo de paz con las FARC \nLos resultados a favor del no provocaron mucha ansiedad  en la población, pues  al filo de las 6 p. m., era poca la información por parte del  Gobierno y  dirigentes de la FARC, contó el investigador.", "external_links": [], "published": "2016-10-03T03:51:00.000+03:00", "crawled": "2016-10-03T05:28:42.222+03:00", "highlightTitle": ""}