{"organizations": [], "uuid": "ace98ec5cd6ee7aac6862b9742f940ecd1b6419e", "thread": {"social": {"gplus": {"shares": 0}, "pinterest": {"shares": 0}, "vk": {"shares": 0}, "linkedin": {"shares": 0}, "facebook": {"likes": 1, "shares": 1, "comments": 0}, "stumbledupon": {"shares": 0}}, "site_full": "www.redbull.com", "main_image": "http://image1.redbull.com/rbcom/010/2016-09-30/1331821058354_2/0010/1/1500/1000/2/jamie-tancowny-front-crook-ciudad-del-cabo-sam-mcguire.jpg", "site_section": "http://www.redbull.com/mx/es/rss/index.rss", "section_title": "Red Bull Mexico - most recent stories - http://www.redbull.com/mx/es", "url": "http://www.redbull.com/mx/es/skateboarding/stories/1331821494230/skate-salvaje-en-sudafrica-capitulo-1-video", "country": "AT", "domain_rank": 5815, "title": "¡Skate salvaje en el Trópico de Capricornio!", "performance_score": 0, "site": "redbull.com", "participants_count": 0, "title_full": "¡Skate salvaje en el Trópico de Capricornio!", "spam_score": 0.0, "site_type": "news", "published": "2016-10-03T19:18:00.000+03:00", "replies_count": 0, "uuid": "ace98ec5cd6ee7aac6862b9742f940ecd1b6419e"}, "author": "", "url": "http://www.redbull.com/mx/es/skateboarding/stories/1331821494230/skate-salvaje-en-sudafrica-capitulo-1-video", "ord_in_thread": 0, "title": "¡Skate salvaje en el Trópico de Capricornio!", "locations": [], "entities": {"persons": [], "locations": [], "organizations": []}, "highlightText": "", "language": "spanish", "persons": [], "text": "¡Skate salvaje en el Trópico de Capricornio! Thaynan Costa, Jamie Tancowny, Sebo Walker y Walker Ryan atacan las colinas de Ciudad del Cabo. © Sam McGuire Por Sam McGuire en 3 octubre 2016 \nEl Trópico de Capricornio pasa por el sur del continente africano, y por debajo quedan tres países maravillosos: Namibia, Sudáfrica y Lesoto. Tres lugares que Patrik Wallner y su equipo querían visitar. \nAsí que (junto con Wallner) Sebo Walker , Jamie Tancowny , y Walker Ryan volaron desde Estados Unidos hasta Ciudad del Cabo (Sudáfrica), donde se les unió Thaynan Costa . Noticias Relacionadas", "external_links": [], "published": "2016-10-03T19:18:00.000+03:00", "crawled": "2016-10-03T15:55:39.093+03:00", "highlightTitle": ""}