{"organizations": [], "uuid": "72ec2b8284a664f5901de02a542015fa51adae59", "thread": {"social": {"gplus": {"shares": 0}, "pinterest": {"shares": 0}, "vk": {"shares": 0}, "linkedin": {"shares": 0}, "facebook": {"likes": 0, "shares": 0, "comments": 0}, "stumbledupon": {"shares": 0}}, "site_full": "www.europapress.es", "main_image": "http://img.europapress.net/fotoweb/fotonoticia_20161002123617_800.jpg", "site_section": "", "section_title": "", "url": "http://www.europapress.es/videos/video-javier-fernandez-presidente-gestora-psoe-20161002123617.html", "country": "ES", "domain_rank": 9900, "title": "Javier Fernández, presidente de la gestora del PSOE", "performance_score": 0, "site": "europapress.es", "participants_count": 0, "title_full": "Javier Fernández, presidente de la gestora del PSOE", "spam_score": 0.02, "site_type": "news", "published": "2016-10-02T20:36:00.000+03:00", "replies_count": 0, "uuid": "72ec2b8284a664f5901de02a542015fa51adae59"}, "author": "Europa Press", "url": "http://www.europapress.es/videos/video-javier-fernandez-presidente-gestora-psoe-20161002123617.html", "ord_in_thread": 0, "title": "Javier Fernández, presidente de la gestora del PSOE", "locations": [], "entities": {"persons": [], "locations": [], "organizations": []}, "highlightText": "", "language": "spanish", "persons": [], "text": "Hemeroteca \nPortal de actualidad y noticias de la Agencia Europa Press. Publicación digital auditada por OJD . © 2016 Europa Press. Está expresamente prohibida la redistribución y la redifusión de todo o parte de los contenidos de esta web sin su previo y expreso consentimiento. Este sitio web utiliza cookies propias y de terceros, puedes ver nuestra política de cookies - Aceptar ", "external_links": [], "published": "2016-10-02T20:36:00.000+03:00", "crawled": "2016-10-02T17:43:49.850+03:00", "highlightTitle": ""}