{"organizations": [], "uuid": "f1841708228260282d0f2e151167ba845bf8f8b4", "thread": {"social": {"gplus": {"shares": 0}, "pinterest": {"shares": 0}, "vk": {"shares": 0}, "linkedin": {"shares": 1}, "facebook": {"likes": 1, "shares": 1, "comments": 0}, "stumbledupon": {"shares": 0}}, "site_full": "www.biobiochile.cl", "main_image": "http://media.biobiochile.cl/wp-content/uploads/2016/10/caravana-de-la-muerte-la-serena-cheyre-730x350.jpg", "site_section": "", "section_title": "", "url": "http://www.biobiochile.cl/noticias/nacional/chile/2016/10/03/ministro-gomez-pide-llegar-a-la-verdad-por-paso-de-caravana-de-la-muerte-en-la-serena.shtml", "country": "US", "domain_rank": 759, "title": "Ministro Gómez pide llegar a la verdad por paso de Caravana de la Muerte en La Serena", "performance_score": 0, "site": "biobiochile.cl", "participants_count": 0, "title_full": "Ministro Gómez pide llegar a la verdad por paso de Caravana de la Muerte en La Serena", "spam_score": 0.66, "site_type": "news", "published": "2016-10-03T15:02:00.000+03:00", "replies_count": 0, "uuid": "f1841708228260282d0f2e151167ba845bf8f8b4"}, "author": "Biobiochile - La Red De Prensa M S Grande De Chile.", "url": "http://www.biobiochile.cl/noticias/nacional/chile/2016/10/03/ministro-gomez-pide-llegar-a-la-verdad-por-paso-de-caravana-de-la-muerte-en-la-serena.shtml", "ord_in_thread": 0, "title": "Ministro Gómez pide llegar a la verdad por paso de Caravana de la Muerte en La Serena", "locations": [], "entities": {"persons": [], "locations": [], "organizations": []}, "highlightText": "", "language": "spanish", "persons": [], "text": "Corrección o comentario enviar Ministro Gómez pide llegar a la verdad por paso de Caravana de la Muerte en La Serena 0 Visitas Daniel Medina \nDiversas reacciones genero el anuncio del ministro en visita Mario Carroza que tomaría declaración al excomandante en jefe del Ejército, general Juan Emilio Cheyre, en el marco de los nuevos antecedentes en el caso Caravana de la Muerte. \nLa nueva diligencia nació a raíz del descubrimiento de un libro de registros de la cárcel de La Serena, donde figuran 14 de los 15 fusilados por la Caravana de la Muerte durante la dictadura militar. \nEl cuaderno de la guardia de la cárcel de La Serena sería una de las pruebas del ministro para acreditar que el personal del regimiento le prestó colaboración a la comitiva militar \nEl excomandante en jefe del Ejército, Juan Emilio Cheyre, se encuentra procesado desde julio por orden del juez Mario Carroza en calidad de presunto cómplice de homicidio calificado. \nAnte los nuevos antecedentes, el ministro de Defensa Nacional, José Antonio Gómez, aseguró que debe llevarse el proceso hasta encontrarse la verdad. ", "external_links": [], "published": "2016-10-03T15:02:00.000+03:00", "crawled": "2016-10-03T15:55:19.281+03:00", "highlightTitle": ""}