{"organizations": [], "uuid": "040859e81a8a00e9bba0d067740320169e7d8605", "thread": {"social": {"gplus": {"shares": 0}, "pinterest": {"shares": 0}, "vk": {"shares": 0}, "linkedin": {"shares": 0}, "facebook": {"likes": 0, "shares": 0, "comments": 0}, "stumbledupon": {"shares": 0}}, "site_full": "www.eluniverso.com", "main_image": "http://www.eluniverso.com/sites/all/themes/eluniverso/images/eu-imagen-redes.jpg", "site_section": "http://www.eluniverso.com/rss/otros-deportes.xml", "section_title": "ELUNIVERSO.COM - Otros Deportes", "url": "http://www.eluniverso.com/deportes/2016/10/01/nota/5829778/escalada-se-activa-muro-quiteno", "country": "US", "domain_rank": 1753, "title": "Escalada se activa en muro quiteño", "performance_score": 0, "site": "eluniverso.com", "participants_count": 0, "title_full": "Escalada se activa en muro quiteño", "spam_score": 0.0, "site_type": "news", "published": "2016-10-01T13:00:00.000+03:00", "replies_count": 0, "uuid": "040859e81a8a00e9bba0d067740320169e7d8605"}, "author": "", "url": "http://www.eluniverso.com/deportes/2016/10/01/nota/5829778/escalada-se-activa-muro-quiteno", "ord_in_thread": 0, "title": "Escalada se activa en muro quiteño", "locations": [], "entities": {"persons": [], "locations": [], "organizations": []}, "highlightText": "", "language": "spanish", "persons": [], "text": "Sábado, 1 de octubre, 2016 Escalada se activa en muro de Quito Quito \nCinco días de competición de escalada se vivirán con motivo de la segunda válida del Campeonato Nacional, categorías juvenil A, juvenil B, júnior y sénior, detalló el Departamento de Prensa de la Concentración Deportiva de Pichincha. \nEl torneo se realizará del 5 al 9 de octubre próximo y se espera la participación aproximada de un centenar de escaladores de todo el Ecuador en el muro de La Vicentina. \nLuego del selectivo provincial, realizado la semana pasada, se conformó el equipo de Pichincha que lo integran, entre otros, Camila del Castillo, Estefanía Mesías, Damaris Jaramillo, Danny Valencia, Doménica Haro, Dharmak Rengifo, Emily González, Edwin Crucerirá Derek Rengifo, Maider Echarte y Carolina Vizuete. \nPara llegar en óptimas condiciones técnicas al torneo, el equipo oro y grana entrenó a doble jornada en el muro de La Vicentina bajo el control técnico de Jorge Prado, César Aulestia y Jairo Toledo. \nPichincha ganó la primera válida en Guayaquil, en julio pasado, con 10 medallas de oro, 11 de plata y 11 de bronce. (D) En el muro Velocidad \nAscenso La escalada deportiva, considerada una rama del montañismo, es una actividad que consiste en realizar ascensos sobre paredes de fuerte pendiente, valiéndose de la fuerza física y mental en bloque o velocidad.", "external_links": [], "published": "2016-10-01T13:00:00.000+03:00", "crawled": "2016-10-01T10:51:42.391+03:00", "highlightTitle": ""}