{"organizations": [], "uuid": "269ef6c3b676a86727185a4f3bde5ff6fe8f4351", "thread": {"social": {"gplus": {"shares": 0}, "pinterest": {"shares": 0}, "vk": {"shares": 0}, "linkedin": {"shares": 0}, "facebook": {"likes": 0, "shares": 0, "comments": 0}, "stumbledupon": {"shares": 0}}, "site_full": "www.prensalibre.com", "main_image": "http://d3ustg7s7bf7i9.cloudfront.net/mmediafiles/pl/87/8786adc1-eefd-45f2-aa01-7ac7b0cab1c2_1024_512.jpg", "site_section": "http://www.prensalibre.com/rss?rss=Deportes", "section_title": "Todo Deportes", "url": "http://www.prensalibre.com/deportes/futbol-internacional/cristiano-ronaldo-inaugura-en-lisboa-el-segundo-hotel-de-su-marca", "country": "US", "domain_rank": 6920, "title": "Cristiano Ronaldo inaugura en Lisboa el segundo hotel de su marca", "performance_score": 0, "site": "prensalibre.com", "participants_count": 1, "title_full": "Cristiano Ronaldo inaugura en Lisboa el segundo hotel de su marca", "spam_score": 0.0, "site_type": "news", "published": "2016-10-02T23:47:00.000+03:00", "replies_count": 0, "uuid": "269ef6c3b676a86727185a4f3bde5ff6fe8f4351"}, "author": "prensalibre.com", "url": "http://www.prensalibre.com/deportes/futbol-internacional/cristiano-ronaldo-inaugura-en-lisboa-el-segundo-hotel-de-su-marca", "ord_in_thread": 0, "title": "Cristiano Ronaldo inaugura en Lisboa el segundo hotel de su marca", "locations": [], "entities": {"persons": [], "locations": [], "organizations": []}, "highlightText": "", "language": "spanish", "persons": [], "text": "ARCHIVADO EN: Cristiano Ronaldo, Hoteles, Portugal, Real Madrid Lisboa/AFP\n  15:47h “Siempre he soñado con abrir hoteles, desde muy joven, ya que en la vida no está solo el futbol, pese a que éste sigue siendo mi gran pasión”, declaró el triple Balón de Oro, vestido con un traje gris y una camisa blanca.\nAsí luce la fachada del hotel de Cristiano en su inauguración. (Foto Prensa Libre: EFE)", "external_links": [], "published": "2016-10-02T23:47:00.000+03:00", "crawled": "2016-10-03T02:39:25.475+03:00", "highlightTitle": ""}