{"organizations": [], "uuid": "07712773bdae6633fcc65b9740ba3283f18899c6", "thread": {"social": {"gplus": {"shares": 0}, "pinterest": {"shares": 0}, "vk": {"shares": 0}, "linkedin": {"shares": 0}, "facebook": {"likes": 0, "shares": 0, "comments": 0}, "stumbledupon": {"shares": 0}}, "site_full": "latino.foxnews.com", "main_image": "http://global.fncstatic.com/static/v/all/img/fn_latino_128x128.png", "site_section": "", "section_title": "", "url": "http://latino.foxnews.com/latino/espanol/2016/10/02/james-sufre-una-lesion-muscular-en-el-soleo-izquierdo/", "country": "US", "domain_rank": 185, "title": "James sufre una lesión muscular en el sóleo izquierdo | Fox News Latino", "performance_score": 0, "site": "foxnews.com", "participants_count": 0, "title_full": "James sufre una lesión muscular en el sóleo izquierdo | Fox News Latino", "spam_score": 0.879, "site_type": "news", "published": "2016-10-02T23:15:00.000+03:00", "replies_count": 0, "uuid": "07712773bdae6633fcc65b9740ba3283f18899c6"}, "author": "", "url": "http://latino.foxnews.com/latino/espanol/2016/10/02/james-sufre-una-lesion-muscular-en-el-soleo-izquierdo/", "ord_in_thread": 0, "title": "James sufre una lesión muscular en el sóleo izquierdo | Fox News Latino", "locations": [], "entities": {"persons": [], "locations": [], "organizations": []}, "highlightText": "", "language": "spanish", "persons": [], "text": "James sufre una lesión muscular en el sóleo izquierdo Published October 02, 2016 EFE \nMadrid – El colombiano James Rodríguez, que no pudo jugar ante el Eibar, al retirarse durante el calentamiento previo al partido, sufre una lesión en el sóleo de la pierna izquierda, ha informado el Real Madrid. \nJames amplía la mala racha de lesiones que padece el Real Madrid. Tras lesionarse en el calentamiento, las primeras pruebas médicas diagnostican una \"lesión muscular de grado 1 en el sóleo de su pierna izquierda\", como indica el club en un parte médico. \nDe esta manera no podrá jugar con Colombia los partidos de las eliminatorias contra Paraguay y Uruguay, y se suma en la enfermería a Casemiro, Luka Modric, Marcelo y las dudas de Karim Benzema y Raphael Varane, que tuvieron que retirarse en el descanso del partido de este domingo. ", "external_links": [], "published": "2016-10-02T23:15:00.000+03:00", "crawled": "2016-10-02T23:57:32.138+03:00", "highlightTitle": ""}