{"organizations": [], "uuid": "bea7d69a120df9ea7124f88b527bacfff9466bd4", "thread": {"social": {"gplus": {"shares": 0}, "pinterest": {"shares": 0}, "vk": {"shares": 0}, "linkedin": {"shares": 0}, "facebook": {"likes": 0, "shares": 0, "comments": 0}, "stumbledupon": {"shares": 0}}, "site_full": "www.abc.es", "main_image": "http://www.abc.es/media/deportes/2016/10/01/muguruza-wuhan-efe-kZkH--620x349@abc.jpg", "site_section": "http://www.abc.es/rss/feeds/abc_Deportes.xml", "section_title": "Deportes", "url": "http://www.abc.es/deportes/tenis/abci-muguruza-avanza-pekin-201610011702_noticia.html", "country": "ES", "domain_rank": 1487, "title": "Muguruza avanza en Pekín", "performance_score": 0, "site": "abc.es", "participants_count": 1, "title_full": "Muguruza avanza en Pekín", "spam_score": 0.0, "site_type": "news", "published": "2016-10-01T03:00:00.000+03:00", "replies_count": 0, "uuid": "bea7d69a120df9ea7124f88b527bacfff9466bd4"}, "author": "abc.es", "url": "http://www.abc.es/deportes/tenis/abci-muguruza-avanza-pekin-201610011702_noticia.html", "ord_in_thread": 0, "title": "Muguruza avanza en Pekín", "locations": [], "entities": {"persons": [], "locations": [], "organizations": []}, "highlightText": "", "language": "spanish", "persons": [], "text": "La espa\\u00f1ola Garbi\\u00f1e Muguruza, n\\u00famero tres del mundo, inici\\u00f3 la defensa del t\\u00edtulo en el Abierto de China de Pek\\u00edn con una victoria ante la rumana Irina-Camelia Begu, n\\u00famero 26 de la clasificaci\\u00f3n de la WTA, por 2-6, 6-2 y 6-3. Tras caer la semana pasada en su primer partido del torneo de la WTA de Wuhan (China) frente a la serbia Jelena Jankovic, Muguruza empez\\u00f3 con dudas en Pek\\u00edn y cedi\\u00f3 el primer set, pero fue capaz de remontar y resolver el partido en una hora y 49 minutos. La espa\\u00f1ola se enfrentar\\u00e1 en segunda ronda a la letona Jelena Ostapenko, n\\u00famero 46 del r\\u00e1nking, que derrot\\u00f3 en su primer partido a la kazaja Yulia Putintseva (36) por 6-1, 3-6 y 7-5. La sorpresa del d\\u00eda fue la eliminaci\\u00f3n de M\\u00f3nica Puig, medalla de oro en los Juegos Ol\\u00edmpicos de R\\u00edo, que perdi\\u00f3 en su debut en Pek\\u00edn contra la belga Yanina Wickmayer, n\\u00famero 59 de la WTA, por 6-2 y 6-0. La tambi\\u00e9n espa\\u00f1ola Lara Arruabarrena, reciente ganadora del torneo de Se\\u00fal, derrot\\u00f3 en la segunda ronda de calificaci\\u00f3n a la estadounidense Vania King (83), por 7-5, 5-7 y 6-3 en 2 horas y 34 minutos. La donostiarra, de 24 a\\u00f1os y n\\u00famero 61 de la WTA, jugar\\u00e1 su pr\\u00f3ximo partido contra la suiza Timea Bacsinszky (14). Los partidos del cuadro masculino arrancar\\u00e1n el pr\\u00f3ximo lunes, pero de momento se disputa la fase de clasificaci\\u00f3n en la que los dos representantes espa\\u00f1oles tuvieron este s\\u00e1bado suerte dispar. El guipuzcoano \\u00cd\\u00f1igo Cervantes, n\\u00famero 77 en el r\\u00e1nking de la ATP, venci\\u00f3 por 6-3 y 6-2 al chino Zhe Li (233), en un partido que dur\\u00f3 una hora y nueve minutos. El conquense Pablo And\\u00fajar, que ocupa el puesto 436 de la ATP, qued\\u00f3 eliminado al caer contra el brit\\u00e1nico Kyle Edmund (54), por 6-3 y 6-2. La organizaci\\u00f3n del torneo pequin\\u00e9s defini\\u00f3 los emparejamientos del cuadro masculino, que en primera ronda enfrentar\\u00e1 a Rafa Nadal, n\\u00famero cuatro de la ATP y segundo cabeza de serie, con el italiano Paolo Lorenzi (35). David Ferrer, que ostenta el n\\u00famero 12 de la clasificaci\\u00f3n mundial, se enfrentar\\u00e1 al uruguayo Pablo Cuevas (19), y Pablo Carre\\u00f1o (39), al australiano Barnard Tomic (22). Los rivales de Guillermo Garc\\u00eda-L\\u00f3pez, Roberto Bautista y Albert Ramos, los otros participantes espa\\u00f1oles en el Abierto de China, saldr\\u00e1n de la ronda de calificaci\\u00f3n. El primer cabeza de serie en Pek\\u00edn, el brit\\u00e1nico Andy Murray, debutar\\u00e1 contra el italiano Andreas Seppi (94).", "external_links": [], "published": "2016-10-01T03:00:00.000+03:00", "crawled": "2016-10-01T19:14:04.799+03:00", "highlightTitle": ""}