{"organizations": [], "uuid": "caf3c8e63559518dfea60ddb57b6fceba5761b1e", "thread": {"social": {"gplus": {"shares": 0}, "pinterest": {"shares": 0}, "vk": {"shares": 0}, "linkedin": {"shares": 0}, "facebook": {"likes": 0, "shares": 0, "comments": 0}, "stumbledupon": {"shares": 0}}, "site_full": "www.meneame.net", "main_image": "//mnmstatic.net/img/mnm/logo-350x350.png", "site_section": "http://meneame.net//comments_rss", "section_title": "Menéame: comentarios", "url": "https://www.meneame.net/m/cultura/amplio-estudio-liga-consumo-antiinflamatorios-fallos-cardiacos", "country": "IE", "domain_rank": 8316, "title": "#2 Un amplio estudio liga el consumo de antiinflamatorios con fallos cardíacos", "performance_score": 0, "site": "meneame.net", "participants_count": 1, "title_full": "#2 Un amplio estudio liga el consumo de antiinflamatorios con fallos cardíacos", "spam_score": 0.0, "site_type": "news", "published": "2016-10-03T14:53:00.000+03:00", "replies_count": 0, "uuid": "caf3c8e63559518dfea60ddb57b6fceba5761b1e"}, "author": "gobolino", "url": "https://www.meneame.net/m/cultura/amplio-estudio-liga-consumo-antiinflamatorios-fallos-cardiacos", "ord_in_thread": 0, "title": "#2 Un amplio estudio liga el consumo de antiinflamatorios con fallos cardíacos", "locations": [], "entities": {"persons": [], "locations": [], "organizations": []}, "highlightText": "", "language": "spanish", "persons": [], "text": "por porquetevas a efefuturo.com enviado: ____ Los antiinflamatorios no esteroideos como el ibuprofeno y el diclofenaco están ligados a un mayor riesgo de sufrir problemas cardíacos, según un amplio estudio observacional sobre cerca de diez millones de personas publicado hoy por la revista British Medical Journal (BMJ, en inglés). Investigaciones previas ya habían establecido un vínculo entre ese tipo de medicación y ritmos cardíacos anormales, así como un incremento del riesgo de sufrir ataques cardíacos y derrames cerebrales si se consume de forma regular.", "external_links": [], "published": "2016-10-03T14:53:00.000+03:00", "crawled": "2016-10-03T10:11:35.908+03:00", "highlightTitle": ""}