{"organizations": [], "uuid": "39666eeb60602d6e135caed484f66146fe3d3dd3", "thread": {"social": {"gplus": {"shares": 0}, "pinterest": {"shares": 0}, "vk": {"shares": 0}, "linkedin": {"shares": 0}, "facebook": {"likes": 0, "shares": 0, "comments": 0}, "stumbledupon": {"shares": 0}}, "site_full": "www.coches.net", "main_image": "http://a.ccdn.es/cnet/2016/10/03/32216414/104355976_g.jpg", "site_section": "", "section_title": "", "url": "http://www.coches.net/bmw-x5-30sd-5p-diesel-2008-en-barcelona-32216414-covo.aspx", "country": "US", "domain_rank": 6093, "title": "bmw x5 4x4 3.0sd Diesel de color Blanco (Alpine white) del año 2008 con 159000km en Barcelona 32216414", "performance_score": 0, "site": "coches.net", "participants_count": 0, "title_full": "bmw x5 4x4 3.0sd Diesel de color Blanco (Alpine white) del año 2008 con 159000km en Barcelona 32216414", "spam_score": 0.05, "site_type": "news", "published": "2016-10-03T08:00:00.000+03:00", "replies_count": 0, "uuid": "39666eeb60602d6e135caed484f66146fe3d3dd3"}, "author": "", "url": "http://www.coches.net/bmw-x5-30sd-5p-diesel-2008-en-barcelona-32216414-covo.aspx", "ord_in_thread": 0, "title": "bmw x5 4x4 3.0sd Diesel de color Blanco (Alpine white) del año 2008 con 159000km en Barcelona 32216414", "locations": [], "entities": {"persons": [], "locations": [], "organizations": []}, "highlightText": "", "language": "spanish", "persons": [], "text": "Garantía 12 meses (1 año) Comentarios del anunciante \nBMW X5 3.0 SD 286cv SPORT XDRIVE, Llantas Mod. 214 20\", Sistema de suspensión Sport, Volante Sport multifuncional, Estriberas en aluminio, Paquete Sport, Barras de techo, Techo eléctrico panorámico, Espejo interior y exteriores antideslumbrantes, Asientos confort eléctricos con memorias, Asientos calefactables y ventilados, Sensor de aparcamiento del. y tras., Climatizador automático, Control de velocidad, Sistema de navegación professional, Bluetooth BMW, Cargador 6 CD's Hi-Fi System professional, Inserciones en aluminio, Alfombrillas en velours - Se trata de una exquisita unidad en perfecto estado de conservación, muy cuidado, NACIONAL con libro de revisiones y algo muy complicado de encontrar con esta completa carta de extras. - Vehículo procedente de 1 sólo propietario. - Posee neumáticos nuevos y frenos nuevos. - Su estado de conservación tanto exterior como interior es magnífico. TODO EL MANTENIMIENTO AL COMPLETO EN S.O BNW. Garantía de 1 año. IVA DEDUCIBLE! Aceptamos su coche. Rm3 Cars ", "external_links": [], "published": "2016-10-03T08:00:00.000+03:00", "crawled": "2016-10-03T19:03:56.093+03:00", "highlightTitle": ""}