{"organizations": [], "uuid": "e73d5e29f5dd953122d0cc94179263d3212296e7", "thread": {"social": {"gplus": {"shares": 0}, "pinterest": {"shares": 0}, "vk": {"shares": 0}, "linkedin": {"shares": 0}, "facebook": {"likes": 0, "shares": 0, "comments": 0}, "stumbledupon": {"shares": 0}}, "site_full": "www.meneame.net", "main_image": "//mnmstatic.net/img/mnm/logo-350x350.png", "site_section": "http://meneame.net//rss?status=queued", "section_title": "Menéame: en cola", "url": "https://www.meneame.net/m/cultura/jose-luis-pardo-nuestros-estandares-moralidad-publica-son-bajos", "country": "IE", "domain_rank": 8316, "title": "José Luis Pardo: “Nuestros estándares de moralidad pública son escandalosamente bajos”", "performance_score": 0, "site": "meneame.net", "participants_count": 1, "title_full": "José Luis Pardo: “Nuestros estándares de moralidad pública son escandalosamente bajos”", "spam_score": 0.0, "site_type": "news", "published": "2016-10-01T16:48:00.000+03:00", "replies_count": 0, "uuid": "e73d5e29f5dd953122d0cc94179263d3212296e7"}, "author": "yoshi_90", "url": "https://www.meneame.net/m/cultura/jose-luis-pardo-nuestros-estandares-moralidad-publica-son-bajos", "ord_in_thread": 0, "title": "José Luis Pardo: “Nuestros estándares de moralidad pública son escandalosamente bajos”", "locations": [], "entities": {"persons": [], "locations": [], "organizations": []}, "highlightText": "", "language": "spanish", "persons": [], "text": "por yoshi_90 a cuartopoder.es enviado: ____ Entrevista con el ganador del Premio Anagrama de Ensayo, José Luis Pardo, por su obra 'Estudios del malestar. Políticas de la autenticidad en las sociedades contemporáneas'.", "external_links": [], "published": "2016-10-01T16:48:00.000+03:00", "crawled": "2016-10-01T11:53:47.971+03:00", "highlightTitle": ""}