{"organizations": [], "uuid": "e27b03f47f23e973b4873a05987ef4aca0447bc6", "thread": {"social": {"gplus": {"shares": 0}, "pinterest": {"shares": 0}, "vk": {"shares": 0}, "linkedin": {"shares": 0}, "facebook": {"likes": 913, "shares": 913, "comments": 0}, "stumbledupon": {"shares": 0}}, "site_full": "tn.com.ar", "main_image": "http://tn-ar.cdncmd.com/sites/default/files/styles/470x269/public/2016/10/02/platinvale.jpg", "site_section": "http://tn.com.ar/rss.xml", "section_title": "TN.com.ar", "url": "http://tn.com.ar/deportes/esencial/crack-total-ramiro-funes-mori-se-sumo-la-moda-del-platinado_742076", "country": "AR", "domain_rank": 4852, "title": "¡Crack total! Ramiro Funes Mori se sumó a la moda del platinado", "performance_score": 9, "site": "tn.com.ar", "participants_count": 1, "title_full": "¡Crack total! Ramiro Funes Mori se sumó a la moda del platinado", "spam_score": 0.0, "site_type": "news", "published": "2016-10-02T22:12:00.000+03:00", "replies_count": 0, "uuid": "e27b03f47f23e973b4873a05987ef4aca0447bc6"}, "author": "Todo Noticias", "url": "http://tn.com.ar/deportes/esencial/crack-total-ramiro-funes-mori-se-sumo-la-moda-del-platinado_742076", "ord_in_thread": 0, "title": "¡Crack total! Ramiro Funes Mori se sumó a la moda del platinado", "locations": [], "entities": {"persons": [], "locations": [], "organizations": []}, "highlightText": "", "language": "spanish", "persons": [], "text": "Una foto publicada por FUNES MORI OFICIAL (@funesmoriofi) el 1 de Oct de 2016 a la(s) 5:39 PDT \nUna foto publicada por FUNES MORI OFICIAL (@funesmoriofi) el 30 de Sep de 2016 a la(s) 2:17 PDT \nEn las próximas horas, el exRiver se sumará a la Selección argentina , que el jueves se medirá ante Perú en Lima por las eliminatorias para Rusia 2018 y el martes 11 de octubre se enfrentará a Paraguay en Córdoba. Tags relacionados", "external_links": [], "published": "2016-10-02T22:12:00.000+03:00", "crawled": "2016-10-02T17:52:32.784+03:00", "highlightTitle": ""}