{"organizations": [], "uuid": "f5022f21f13c15f1570ea3786dd76605c5356538", "thread": {"social": {"gplus": {"shares": 0}, "pinterest": {"shares": 0}, "vk": {"shares": 0}, "linkedin": {"shares": 0}, "facebook": {"likes": 0, "shares": 0, "comments": 0}, "stumbledupon": {"shares": 0}}, "site_full": "cadenaser.com", "main_image": "http://cadenaser00.epimg.net/emisora/imagenes/2016/10/03/ser_madrid_sur/1475482888_843491_1475483119_noticia_normal.jpg", "site_section": "http://cadenaser.com/emisora/rss/ser_madrid_sur", "section_title": "Emisora SER Madrid Sur", "url": "http://cadenaser.com/emisora/2016/10/03/ser_madrid_sur/1475482888_843491.html", "country": "ES", "domain_rank": 9891, "title": "El español, un idioma al alza", "performance_score": 0, "site": "cadenaser.com", "participants_count": 1, "title_full": "El español, un idioma al alza", "spam_score": 0.0, "site_type": "news", "published": "2016-10-03T19:12:00.000+03:00", "replies_count": 0, "uuid": "f5022f21f13c15f1570ea3786dd76605c5356538"}, "author": "David Callejo", "url": "http://cadenaser.com/emisora/2016/10/03/ser_madrid_sur/1475482888_843491.html", "ord_in_thread": 0, "title": "El español, un idioma al alza", "locations": [], "entities": {"persons": [], "locations": [], "organizations": []}, "highlightText": "", "language": "spanish", "persons": [], "text": "Espacio de lengua El español, un idioma al alza Nos comunicamos en la segunda lengua del mundo, una de las que más incrementa sus hablantes cada año El español es el idioma con mejores perspectivas de futuro / Instituto Cervantes David Callejo Fuenlabrada 03/10/2016 - 10:21 CEST \nHoy dejamos los libros de gramática u ortografía para abrir el de estadística. En concreto, el que nos muestra la fortaleza de nuestro idioma, el español . Junto a nuestro profesor de Lengua, Alfredo Tarazaga, repasamos algunos de los números más sorprendentes del español. \nPor ejemplo, que hoy en día más de 495 millones de personas nos entendemos sin problemas por hablar en español desde que nacemos , lo que nos convierte en la segunda comunidad más amplia del mundo. Lo cual nos sirve para reflexionar acerca de la escasa presencia institucional de nuestro idioma, relegado en documentos oficiales por otras lenguas menos habladas como el inglés, el alemán o el francés. \nPero esto no se queda aquí, porque las predicciones nos dicen que en tres generaciones, a mediados de siglo, el diez por ciento de la población mundial hablará el español como lengua nativa y una potencia como Estados Unidos será el país donde más se hable nuestro idioma . Eso por no hablar de los 18 millones de estudiantes de español que hay en el mundo, cuyas matriculaciones crecen un ocho por ciento anual en el Instituto Cervantes.", "external_links": [], "published": "2016-10-03T19:12:00.000+03:00", "crawled": "2016-10-03T14:26:33.372+03:00", "highlightTitle": ""}