{"organizations": [], "uuid": "9f79577017f507bfac30076fadf6eadd2badc226", "thread": {"social": {"gplus": {"shares": 0}, "pinterest": {"shares": 0}, "vk": {"shares": 0}, "linkedin": {"shares": 0}, "facebook": {"likes": 2, "shares": 2, "comments": 0}, "stumbledupon": {"shares": 0}}, "site_full": "www.europapress.es", "main_image": "http://img.europapress.net/fotoweb/fotonoticia_20161001155557_800.jpg", "site_section": "http://www.europapress.es/rss/rss.aspx?ch=549", "section_title": "Europa Press - Chance", "url": "http://www.europapress.es/chance/gente/noticia-blake-lively-ryan-reynolds-padres-segunda-vez-20161001155557.html", "country": "ES", "domain_rank": 9900, "title": "Blake Lively y Ryan Reynolds, padres por segunda vez", "performance_score": 0, "site": "europapress.es", "participants_count": 1, "title_full": "Blake Lively y Ryan Reynolds, padres por segunda vez", "spam_score": 0.0, "site_type": "news", "published": "2016-10-01T23:55:00.000+03:00", "replies_count": 0, "uuid": "9f79577017f507bfac30076fadf6eadd2badc226"}, "author": "CHANCE", "url": "http://www.europapress.es/chance/gente/noticia-blake-lively-ryan-reynolds-padres-segunda-vez-20161001155557.html", "ord_in_thread": 0, "title": "Blake Lively y Ryan Reynolds, padres por segunda vez", "locations": [], "entities": {"persons": [], "locations": [], "organizations": []}, "highlightText": "", "language": "spanish", "persons": [], "text": "¡Ryan Reynolds y Blake Lively ya han sido padres! Blake ha dado a luz a su segundo hijo en Nueva York según ha informado People, pero aún, no se ha confirmado ni el sexo ni el nombre del bebé. Así, la familia aumenta, y con toda seguridad, el pequeño o pequeña se convertirá en el mejor compañero de juegos de su hermana James, que ya tiene 22 meses. La actriz conocida por su papel en Gossip Girl está muy contenta con la llegada al mundo de su segundo hijo, del que aún no conocemos muchos datos pero que esperamos que pronto nos los hagan saber. \nLa hija pequeña de la pareja ya tiene un nuevo acompañante para pasar los días y desempeñar su papel de hermana mayor con el pequeño bebé que acaba de llegar a la familia, que seguro lo desempeña a la perfección.\nLo que sí sabemos y nos hacen conocer en cada aparición es el amor que sienten los papás. Ambos están felices y muy entusiasmados con la llegada del nuevo bebé que seguro traerá junto a su hermana de dos años muchas alegrías debajo del brazo.", "external_links": [], "published": "2016-10-01T23:55:00.000+03:00", "crawled": "2016-10-02T01:55:24.927+03:00", "highlightTitle": ""}