{"organizations": [], "uuid": "b1b9eed82a63dff356ce9dad1752d8ac53e7653b", "thread": {"social": {"gplus": {"shares": 0}, "pinterest": {"shares": 0}, "vk": {"shares": 0}, "linkedin": {"shares": 0}, "facebook": {"likes": 1, "shares": 1, "comments": 0}, "stumbledupon": {"shares": 0}}, "site_full": "www.europapress.es", "main_image": "http://img.europapress.net/fotoweb/fotonoticia_20161001053205_800.jpg", "site_section": "", "section_title": "", "url": "http://www.europapress.es/extremadura/noticia-tiempo-extremadura-hoy-sabado-octubre-20161001053205.html", "country": "ES", "domain_rank": 9900, "title": "El tiempo en Extremadura para hoy sábado, 1 de octubre", "performance_score": 0, "site": "europapress.es", "participants_count": 0, "title_full": "El tiempo en Extremadura para hoy sábado, 1 de octubre", "spam_score": 0.168, "site_type": "news", "published": "2016-10-01T13:32:00.000+03:00", "replies_count": 0, "uuid": "b1b9eed82a63dff356ce9dad1752d8ac53e7653b"}, "author": "Europa Press", "url": "http://www.europapress.es/extremadura/noticia-tiempo-extremadura-hoy-sabado-octubre-20161001053205.html", "ord_in_thread": 0, "title": "El tiempo en Extremadura para hoy sábado, 1 de octubre", "locations": [], "entities": {"persons": [], "locations": [], "organizations": []}, "highlightText": "", "language": "spanish", "persons": [], "text": "Temperaturas en descenso en el oeste de la comunidad El tiempo en Extremadura para hoy sábado, 1 de octubre EUROPA PRESS Publicado 01/10/2016 5:32:05 CET \nMÉRIDA, 1 Oct. (EUROPA PRESS) - La comunidad autónoma de Extremadura registrará este sábado, día 1, cielos poco nubosos, con nubes medias y altas, así como temperaturas en descenso en el oeste y sin cambios en el este . \nEn concreto, los termómetros oscilarán entre los 13 y los 30 grados en Badajoz, entre los 14 y los 30 en Mérida, y entre los 14 y los 27 en Cáceres. \nPor su parte, los vientos soplarán en la región de componente oeste, flojos en general, según la predicción que anuncia la Agencia Estatal de Meteorología . ", "external_links": [], "published": "2016-10-01T13:32:00.000+03:00", "crawled": "2016-10-01T07:58:39.951+03:00", "highlightTitle": ""}