{"organizations": [], "uuid": "55bc1adb07c4fc648e91d7caa6b10923df279466", "thread": {"social": {"gplus": {"shares": 0}, "pinterest": {"shares": 0}, "vk": {"shares": 0}, "linkedin": {"shares": 0}, "facebook": {"likes": 39, "shares": 39, "comments": 0}, "stumbledupon": {"shares": 0}}, "site_full": "www.europapress.es", "main_image": "http://img.europapress.net/fotoweb/fotonoticia_20161001105449_800.jpg", "site_section": "http://www.europapress.es/rss/rss.aspx?ch=293", "section_title": "Europa Press - Navarra", "url": "http://www.europapress.es/navarra/noticia-detenido-hombre-acusado-trafico-heroina-pamplona-baranain-20161001105449.html", "country": "ES", "domain_rank": 9900, "title": "Detenido un hombre acusado de tráfico de heroína en Pamplona y Barañáin", "performance_score": 0, "site": "europapress.es", "participants_count": 1, "title_full": "Detenido un hombre acusado de tráfico de heroína en Pamplona y Barañáin", "spam_score": 0.0, "site_type": "news", "published": "2016-10-01T18:54:00.000+03:00", "replies_count": 0, "uuid": "55bc1adb07c4fc648e91d7caa6b10923df279466"}, "author": "EUROPA PRESS", "url": "http://www.europapress.es/navarra/noticia-detenido-hombre-acusado-trafico-heroina-pamplona-baranain-20161001105449.html", "ord_in_thread": 0, "title": "Detenido un hombre acusado de tráfico de heroína en Pamplona y Barañáin", "locations": [], "entities": {"persons": [], "locations": [], "organizations": []}, "highlightText": "", "language": "spanish", "persons": [], "text": "Agentes de Policía Nacional , en una operación conjunta con la Policía Municipal de Pamplona , han detenido a un hombre de 27 años de edad, como presunto autor de un delito de tráfico de drogas, acusado de distribución de heroína entre compradores fundamentalmente en el barrio pamplonés de la Milagrosa y en las inmediaciones de su domicilio en Barañáin .    Las quejas vecinales junto a la información que poseían los agentes en las vigilancias efectuadas originaron el inicio de las investigaciones llevadas a cabo de forma coordinada con Policía Municipal.\n   Según ha informado la Policía Nacional en una nota, en el registro efectuado en el domicilio del detenido los agentes se incautaron de varias dosis de heroína dispuestas para su puesta a los consumidores, una balanza de precisión así como material para la preparación de nuevas dosis y distribución entre los compradores.\n   El detenido constaba con antecedentes policiales anteriores por los mismos hechos muy recientes, ya que había sido detenido apenas hace cinco meses, cuando fue sorprendido con 30 gramos de heroína que transportaba hacia Pamplona.\n   Los investigadores tuvieron conocimiento de que existía una gran afluencia de personas con las consecuentes molestias para los vecinos afectados. Según ha explicado la Policía Nacional, el detenido presuntamente incluso recibía a los compradores en las inmediaciones de su vivienda, donde dispensaba la heroína, generando una importante alarma entre los vecinos ya que muchos de ellos no dudaban en consumirla en las inmediaciones del portal y en el interior de vehículos.\n   El detenido fue puesto a disposición del Juzgado de Instrucción número uno de Pamplona, que autorizó las diligencias que se practicaron.", "external_links": [], "published": "2016-10-01T18:54:00.000+03:00", "crawled": "2016-10-01T16:19:57.754+03:00", "highlightTitle": ""}