{"organizations": [], "uuid": "1cb908909f5483786fd47fae4e3cd9f62cc0f5ca", "thread": {"social": {"gplus": {"shares": 0}, "pinterest": {"shares": 0}, "vk": {"shares": 0}, "linkedin": {"shares": 0}, "facebook": {"likes": 8, "shares": 8, "comments": 0}, "stumbledupon": {"shares": 0}}, "site_full": "laaficion.milenio.com", "main_image": "http://laaficion.milenio.com/cruzazul/chaco_gimenez-marca-doblete-veracruz-apertura_2016-liga_mx-milenio-la_aficion_MILIMA20161001_0284_14.jpg", "site_section": "", "section_title": "", "url": "http://laaficion.milenio.com/cruzazul/cruz_azul-victoria-goleada-veracruz-liga_mx-apertura_2016-liga_mx-milenio_0_821318090.html", "country": "US", "domain_rank": 8394, "title": "Sufre Cruz Azul por su reconciliación - Grupo Milenio", "performance_score": 0, "site": "milenio.com", "participants_count": 0, "title_full": "Sufre Cruz Azul por su reconciliación - Grupo Milenio", "spam_score": 0.2, "site_type": "news", "published": "2016-10-01T08:00:00.000+03:00", "replies_count": 0, "uuid": "1cb908909f5483786fd47fae4e3cd9f62cc0f5ca"}, "author": "", "url": "http://laaficion.milenio.com/cruzazul/cruz_azul-victoria-goleada-veracruz-liga_mx-apertura_2016-liga_mx-milenio_0_821318090.html", "ord_in_thread": 0, "title": "Sufre Cruz Azul por su reconciliación - Grupo Milenio", "locations": [], "entities": {"persons": [], "locations": [], "organizations": []}, "highlightText": "", "language": "spanish", "persons": [], "text": "Instagram Sufre Cruz Azul por su reconciliación \nLa Máquina comenzó perdiendo, síntoma de sus última caídas; sin embargo, derrotó a Tiburones 5-3 para sanear un poco la relación con su afición 'Chaco' Giménez marca doblete ante Veracruz (Imago7) 01/10/2016 07:15 PM Ciudad de México \nCruz Azul terminó imponiéndose en un incómodo partido de la Fecha 12, que tuvo sus momentos de estrés, pero alcanzó a sacar los tres puntos al ganar por marcador de 5-3 a un Veracruz que se quedó en el segundo tiempo con un hombre menos. \nChristian Giménez al minuto 29 y 64 además de Joao Rojas (49 y 47) y Jorge Benítez (90), terminaron superando los tantos de los escualos, el argentino Matías Cahais (11), el uruguayo Juan Albín (40) y Leobardo López (79). \nAsí, La Máquina llega a 15 unidades en el torneo y puede comenzar a pensar en liguilla, mientras el equipo del puerto es antepenúltimo general con nueve puntos, en juego por la fecha 12 del Torneo Apertura 2016 de la Liga MX. \nMás allá del marcador que terminó con una goleada maquillada, Cruz Azul estuvo a punto de revivir sus viejos fantasmas una vez más, tras empezar en la adversidad el encuentro pero logró reponerse primero con un penal del 'Chaco' Giménez y luego una gran jugada individual de Joao Rojas que terminó en el gol que le dio la vuelta al marcador. \nSin embargo, solo estuvieron arriba menos de un minuto, pues de manera inmediata después de sacar, los veracruzanos se enfilaron a la portería y apoyados en un error en la salida del arquero Jesús Corona empataron el encuentro. \nEl medio tiempo le sirvió a La Máquina para reaccionar y el propio Rojas se encargó de ponerlos nuevamente adelante. Luego vino la expulsión de Gabriel Peñalba por doble amarilla que facilitó más las cosas para que el 'Chaco' cobrará un nuevo penal minutos más tarde que daba una ventaja de dos goles. \nA pesar de ello, Veracruz jamás se dio por vencido, pese a la adversidad y a un arbitraje que consideraron tendencioso, siguieron luchando, así encontraron un gol que recortó las distancias y puso nerviosos a los Celestes que temían perder un partido que tuvieron definido en al menos dos ocasiones. \nCasi al final Benítez dio la tranquilidad a la afición y a la banca con un tanto más a la cuenta para asegurar los tres puntos. Ya en el final, el silbante César Arturo Ramos, que había amonestado además a Lucas Rodríguez y Jehu Chiapas, expulso a Cahais tras haber dado el silbatazo final. Por Cruz Azul tuvo amarillas para Enzo Roco y Joao Rojas. Al Minuto ", "external_links": [], "published": "2016-10-01T08:00:00.000+03:00", "crawled": "2016-10-02T12:26:20.508+03:00", "highlightTitle": ""}