{"organizations": [], "uuid": "bd4fcb5dd732dec7398454753c6adaa4c456874e", "thread": {"social": {"gplus": {"shares": 0}, "pinterest": {"shares": 0}, "vk": {"shares": 0}, "linkedin": {"shares": 0}, "facebook": {"likes": 0, "shares": 0, "comments": 0}, "stumbledupon": {"shares": 0}}, "site_full": "ecodiario.eleconomista.es", "main_image": "http://s03.s3c.es/imag3/logos/economista/bg-ee-facebook.jpg", "site_section": "", "section_title": "", "url": "http://ecodiario.eleconomista.es/internacional/noticias/7863458/10/16/Cesare-Prandelli-nuevo-entrenador-del-Valencia.html", "country": "ES", "domain_rank": 3233, "title": "Cesare Prandelli, nuevo entrenador del Valencia - EcoDiario.es", "performance_score": 0, "site": "eleconomista.es", "participants_count": 0, "title_full": "Cesare Prandelli, nuevo entrenador del Valencia - EcoDiario.es", "spam_score": 0.2, "site_type": "news", "published": "2016-10-02T04:05:00.000+03:00", "replies_count": 0, "uuid": "bd4fcb5dd732dec7398454753c6adaa4c456874e"}, "author": "", "url": "http://ecodiario.eleconomista.es/internacional/noticias/7863458/10/16/Cesare-Prandelli-nuevo-entrenador-del-Valencia.html", "ord_in_thread": 0, "title": "Cesare Prandelli, nuevo entrenador del Valencia - EcoDiario.es", "locations": [], "entities": {"persons": [], "locations": [], "organizations": []}, "highlightText": "", "language": "spanish", "persons": [], "text": "Cesare Prandelli, nuevo entrenador del Valencia AFP 1/10/2016 - 20:05 \nEl italiano Cesare Prandelli ha sido nombrado este sábado oficialmente como nuevo entrenador del Valencia hasta junio de 2018, con la misión de seguir impulsando la reacción del club \"che\". \n\"El Valencia Club de Fútbol desea comunicar a todos sus aficionados que ha llegado a un acuerdo con el entrenador italiano Cesare Prandelli para que se haga cargo del puesto de entrenador del primer equipo hasta el 30 de junio de 2018\", informó la entidad en un comunicado. \nEl nuevo entrenador del Valencia asistirá el domingo al encuentro liguero contra el Atlético de Madrid antes de hacerse oficialmente cargo del equipo el lunes, tras su presentación oficial ese mismo día, anunció el Valencia. \nPrandelli, de 59 años, sustituirá en el cargo a Pako Ayestarán destituido el pasado 20 de septiembre tras cuatro derrotas en los primeros cuatro partidos de Liga. \ngr/dr ", "external_links": [], "published": "2016-10-02T04:05:00.000+03:00", "crawled": "2016-10-02T04:15:15.105+03:00", "highlightTitle": ""}