{"organizations": [], "uuid": "3187cfddb712862a889343b4a2113ff0b61ea639", "thread": {"social": {"gplus": {"shares": 0}, "pinterest": {"shares": 0}, "vk": {"shares": 0}, "linkedin": {"shares": 0}, "facebook": {"likes": 0, "shares": 0, "comments": 0}, "stumbledupon": {"shares": 0}}, "site_full": "www.eleconomista.es", "main_image": "http://s03.s3c.es/imag3/logos/economista/bg-ee-facebook.jpg", "site_section": "", "section_title": "", "url": "http://www.eleconomista.es/economia/noticias/7865086/10/16/Economia-Empresas-Duro-Felguera-Energy-entrega-la-central-de-ciclo-combinado-de-Carrington.html", "country": "ES", "domain_rank": 3233, "title": "Economía/Empresas.- Duro Felguera Energy entrega la central de ciclo combinado de Carrington - elEconomista.es", "performance_score": 0, "site": "eleconomista.es", "participants_count": 0, "title_full": "Economía/Empresas.- Duro Felguera Energy entrega la central de ciclo combinado de Carrington - elEconomista.es", "spam_score": 0.447, "site_type": "news", "published": "2016-10-03T18:59:00.000+03:00", "replies_count": 0, "uuid": "3187cfddb712862a889343b4a2113ff0b61ea639"}, "author": "", "url": "http://www.eleconomista.es/economia/noticias/7865086/10/16/Economia-Empresas-Duro-Felguera-Energy-entrega-la-central-de-ciclo-combinado-de-Carrington.html", "ord_in_thread": 0, "title": "Economía/Empresas.- Duro Felguera Energy entrega la central de ciclo combinado de Carrington - elEconomista.es", "locations": [], "entities": {"persons": [], "locations": [], "organizations": []}, "highlightText": "", "language": "spanish", "persons": [], "text": "Las hipótesis sobre la desaparición de Diana Quer se centran en una casa de la … 15:49 Ecodiario.es - Sucesos\nLa Guardia Civil continúa la investigación del caso de Diana Quer tras mes y medio sin noticias de la joven madrileña. Las últimas … Salchichas con viagra, el nuevo producto contra la disfunción eréctil 15:34 Ecodiario.es - Ciencia\nLa última campaña para la concienciación sobre la disfunción eréctil ha optado por un mensaje directo: salchichas con viagra. La idea se … El TAS reduce a 15 meses la sanción a Maria Sharapova por dopaje 15:25 Ecodiario.es - Fútbol\nEl Tribunal de Arbitraje del Deporte (TAS) redujo este martes a 15 meses la sanción de dos años impuesta a la tenista rusa Maria Sharapova … El alcalde de Jun logra más de 39.000 firmas del sector crítico a Susana Díaz 15:21 Ecodiario.es - Política\nEl alcalde de Jun (Granada), José Antonio Rodríguez (PSOE), partidario de Pedro Sánchez, ha recopilado en una semana más de 39.000 firmas … Buscan a una persona que abandonó España el 20 de septiembre por su relación … 14:53 Ecodiario.es - Sociedad\nEl 22 de septiembre de 2016 se dictó auto de prisión y una orden de detención europea e internacional contra una persona, de la que … Los dos Audi blindados de Rita Barberá, a subasta por 33.000 euros 14:34 Ecodiario.es - Política\nEl Ayuntamiento de Valencia ha sacado a subasta los dos vehículos blindados Audi A8 que utilizaba la anterior alcaldesa, Rita Barberá, por … Ingresa en prisión al único detenido por el secuestro y asesinato de María … 14:27 Ecodiario.es - Política\nLa Procuraduría General de la República (PGR) de México ha informado este lunes de que ya ha entrado en prisión Óscar Saúl 'N', uno de … Renault supera las expectativas y anuncia un Zoe con 400 km de autonomía 14:22 ElEconomista.es - Novedades\nTan solo unos días antes de que las firmas diesen a conocer sus principales novedades en el Salón de París, se anunció que Renault … Infantino 'tira la casa por la ventana': la FIFA quiere un Mundial con 48 … 14:12 Ecodiario.es - Fútbol\nEl presidente de la FIFA, Gianni Infantino, que en su programa para las elecciones incluyó la ampliación de la fase final del Mundial a 40 … El Papa visita a los supervivientes de Amatrice por sorpresa: \"Siempre hay … 13:43 Ecodiario.es - Europa\nEl Papa ha mostrado su cercanía a los supervivientes del terremoto que el pasado 24 de agosto devastó el centro de Italia y les ha pedido … ", "external_links": [], "published": "2016-10-03T18:59:00.000+03:00", "crawled": "2016-10-04T17:02:50.213+03:00", "highlightTitle": ""}