{"organizations": [], "uuid": "a9df5580cc4f0719293bc2dcf3e2aa165e1b4691", "thread": {"social": {"gplus": {"shares": 0}, "pinterest": {"shares": 0}, "vk": {"shares": 0}, "linkedin": {"shares": 0}, "facebook": {"likes": 0, "shares": 0, "comments": 0}, "stumbledupon": {"shares": 0}}, "site_full": "www.mundodeportivo.com", "main_image": "http://www.mundodeportivo.com/r/GODO/MD/p3/Baloncesto/Imagenes/2016/09/30/Recortada/20160923-636102691409938349_20160923231632-ks0H--980x554@MundoDeportivo-Web.jpg", "site_section": "http://feeds.feedburner.com/mundodeportivo-acb", "section_title": "Liga Endesa", "url": "http://www.mundodeportivo.com/baloncesto/otros/20160930/41698283121/pablo-laso-empezar-la-liga-con-una-victoria-siempre-es-importante.html", "country": "ES", "domain_rank": 2564, "title": "Laso: \"Empezar la Liga con una victoria siempre es importante\"", "performance_score": 0, "site": "mundodeportivo.com", "participants_count": 0, "title_full": "Laso: \"Empezar la Liga con una victoria siempre es importante\"", "spam_score": 0.0, "site_type": "news", "published": "2016-10-01T05:00:00.000+03:00", "replies_count": 0, "uuid": "a9df5580cc4f0719293bc2dcf3e2aa165e1b4691"}, "author": "", "url": "http://www.mundodeportivo.com/baloncesto/otros/20160930/41698283121/pablo-laso-empezar-la-liga-con-una-victoria-siempre-es-importante.html", "ord_in_thread": 0, "title": "Laso: \"Empezar la Liga con una victoria siempre es importante\"", "locations": [], "entities": {"persons": [], "locations": [], "organizations": []}, "highlightText": "", "language": "spanish", "persons": [], "text": "Laso: \"Empezar la Liga con una victoria siempre es importante\" El entrenador del Real Madrid, satisfecho por el triunfo de su equipo contra el Unicaja Pablo Laso, feliz por empezar la Liga con victoria Comparte en Facebook EFE Actualizado a 30-09-2016 23:08 \nEl entrenador del Real Madrid de baloncesto, Pablo Laso , reconoció este viernes, tras vencer al Unicaja de Málaga (101-90) en su debut liguero, que empezar la competición con una victoria \"siempre es importante\". \nExplicó que fue un partido \" muy trabajado \", como esperaban, ante un equipo \"muy peligroso\", que jugó \"muy abierto, prácticamente sin pívots y que estuvo acertado en el triple\" y compitió \"muy bien\" durante muchos minutos. \nEl técnico vitoriano se fue con la sensación de \"dominio\" del choque, como demuestra la valoración de ambos conjuntos, aunque reconoció que fue un enfrentamiento \"muy abierto\" que les obligó a trabajar \"los cuarenta minutos\", lo que le lleva a estar \"muy contento\" con la victoria, sobre todo sabiendo que están \"a principios de Liga\". \nEn su opinión, la entrada de jugadores desde el banquillo fue \"clave\" para el triunfo final, ya que dicha rotación produjo un desgaste en su rival que les permitió llegar \"con más frescura\" a los instantes finales. \n\"Hemos sido capaces -añadió- de defender bien la línea de tres y correr en un partido que se había complicado porque nos obligaban a jugar un baloncesto diferente y hemos sido capaces de adaptarnos a esa situación\". \nPor último, preguntado por el estado físico de Rudy Fernández , explicó que sufre un pequeño esguince de tobillo y habrá que estar pendiente a su evolución, \"aunque parece que no será nada grave\". Temas relacionados", "external_links": [], "published": "2016-10-01T05:00:00.000+03:00", "crawled": "2016-10-01T01:55:59.562+03:00", "highlightTitle": ""}