{"organizations": [], "uuid": "1a5f7f46bb9f417ae2c8f126e4c0e35a7fe7a07d", "thread": {"social": {"gplus": {"shares": 0}, "pinterest": {"shares": 0}, "vk": {"shares": 0}, "linkedin": {"shares": 0}, "facebook": {"likes": 5, "shares": 5, "comments": 0}, "stumbledupon": {"shares": 0}}, "site_full": "www.milenio.com", "main_image": "http://www.milenio.com/cultura/Milenio_Noticias-TIM_Torreon-Terrible_Belleza-Teatro_Torreon-Alam_Sarmiento_MILIMA20161003_0253_14.jpg", "site_section": "http://www.milenio.com/laguna/", "section_title": "Laguna - Noticias - Grupo Milenio", "url": "http://www.milenio.com/cultura/Milenio_Noticias-TIM_Torreon-Terrible_Belleza-Teatro_Torreon-Alam_Sarmiento_0_822517994.html", "country": "US", "domain_rank": 8394, "title": "''Terrible Belleza'' se estrena en el TIM", "performance_score": 0, "site": "milenio.com", "participants_count": 1, "title_full": "''Terrible Belleza'' se estrena en el TIM - Grupo Milenio", "spam_score": 0.046, "site_type": "news", "published": "2016-10-04T00:40:00.000+03:00", "replies_count": 0, "uuid": "1a5f7f46bb9f417ae2c8f126e4c0e35a7fe7a07d"}, "author": "Lilia Ovalle", "url": "http://www.milenio.com/cultura/Milenio_Noticias-TIM_Torreon-Terrible_Belleza-Teatro_Torreon-Alam_Sarmiento_0_822517994.html", "ord_in_thread": 0, "title": "''Terrible Belleza'' se estrena en el TIM", "locations": [], "entities": {"persons": [], "locations": [], "organizations": []}, "highlightText": "", "language": "spanish", "persons": [], "text": "El departamento de comunicación social del TIM, dijo que la obra se trata de un reflejo escénico sobre lo imperfecto. (Lilia Ovalle) Lilia Ovalle 03/10/2016 04:40 PM\nTorreón, Coahuila\nCon la participación de actores teatrales acompañados de retóricas en formato de poesía y otros textos de escritores globales y locales, el Teatro Isauro Martínez, propone un Laboratorio Escénico Interdisciplinario bajo la dirección de Alam Sarmiento y Aarón Rivera, al mismo tiempo que anuncia el estreno de ''Terrible Belleza'', el próximo 7 de octubre a las ocho de la noche.\nEl departamento de comunicación social del recinto cultural, establece que se trata de un reflejo escénico sobre lo imperfecto, lo impermanente e incompleto donde los participantes se cuestionan: ¿Por qué un día de repente sentiste el terror del ser?\nCon la participación de 18 actores, se plantea que la terrible belleza quizá sea el vivir o tal vez un juego.\nComo reflejo escénico muestra algunas singularidades que distinguen y dan sentido al trabajo de formación y reflexión teatral, producto del Laboratorio Escénico Interdisciplinario que para este trabajo seleccionó textos de Julio Cortázar, Vicente Huidobro y Sofía Vázquez.\nTE RECOMENDAMOS: Iniciará la temporada de ópera en el TIM\n“La terrible belleza es tal vez nuestro intento por ser comunidad, es tal vez el vacío. La terrible belleza es tal vez nuestra diferencia, nuestros errores, nuestras lágrimas, nuestras risas, nuestros éxitos, nuestras virtudes, nuestras caídas. La profunda belleza es tal vez nuestra profunda alegría. Es tal vez el amor. Tal vez eres tú, yo, nosotros”.\nLa puesta en escena cuenta con la participación de Alejandra Carbajal, Sergio Lara, Anuar Ortega, José Carlos Amaya, Andrea García, Mafer Martínez, Paco Avelar, Ana Guzmán, Sofía Gamón, Isela Pérez, Jessica Hernández, Frida Luévanos, Salma Montelongo y Luis Valadez.\nAsimismo participan Ana Cris Thome, Lorena Maldonado, Janeth Robles y Javier Gallegos, bajo la coordinación en movimiento, actuación y dirección de Alam Sarmiento, en conciencia corporal y dirección de Aarón Rivera, la iluminación a cargo de Ricardo Violante. cfg", "external_links": [], "published": "2016-10-04T00:40:00.000+03:00", "crawled": "2016-10-04T12:45:04.962+03:00", "highlightTitle": ""}