{"organizations": [], "uuid": "f54b3a5cf3010e686a96ee4ce71c4a656afaf33c", "thread": {"social": {"gplus": {"shares": 0}, "pinterest": {"shares": 0}, "vk": {"shares": 0}, "linkedin": {"shares": 0}, "facebook": {"likes": 0, "shares": 0, "comments": 0}, "stumbledupon": {"shares": 0}}, "site_full": "mundod.lavoz.com.ar", "main_image": "http://staticmd1.lavozdelinterior.com.ar/sites/default/files/nota_periodistica/chino_18.jpg", "site_section": "http://mundod.lavoz.com.ar/rss", "section_title": "MundoD", "url": "http://mundod.lavoz.com.ar/futbol/el-golazo-de-lucas-zelarayan-que-festejo-con-el-gesto-pirata", "country": "AR", "domain_rank": 9880, "title": "El golazo de Lucas Zelarayán que festejó con el gesto Pirata", "performance_score": 0, "site": "lavoz.com.ar", "participants_count": 1, "title_full": "El golazo de Lucas Zelarayán que festejó con el gesto Pirata", "spam_score": 0.0, "site_type": "news", "published": "2016-10-03T06:00:00.000+03:00", "replies_count": 0, "uuid": "f54b3a5cf3010e686a96ee4ce71c4a656afaf33c"}, "author": "mundod", "url": "http://mundod.lavoz.com.ar/futbol/el-golazo-de-lucas-zelarayan-que-festejo-con-el-gesto-pirata", "ord_in_thread": 0, "title": "El golazo de Lucas Zelarayán que festejó con el gesto Pirata", "locations": [], "entities": {"persons": [], "locations": [], "organizations": []}, "highlightText": "", "language": "spanish", "persons": [], "text": "02/10/2016 19:00 El golazo de Lucas Zelarayán que festejó con el gesto Pirata \n\"El Chino\" marcó en la derrota de Tigres y festejó con el gesto de Pirata, que le agradecieron los hinchas en las redes sociales. Lucas Zelarayán nunca se olvida de Belgrano . Y lo confirmó en la noche del sábado cuando marcó un gol en la derrota 2-3 de Tigres ante León por la primera división de México. \n\"El Chino\" marcó y festejó con la mano tapándose un ojo, a lo Pirata. Gignac manda una asistencia de genio y Zelarayán define como crack.GOLAZO DE TIGRES", "external_links": [], "published": "2016-10-03T06:00:00.000+03:00", "crawled": "2016-10-03T01:20:09.256+03:00", "highlightTitle": ""}