{"organizations": [], "uuid": "167c0b57d518dcb16e3020f63c7d957bc5284b3a", "thread": {"social": {"gplus": {"shares": 0}, "pinterest": {"shares": 0}, "vk": {"shares": 0}, "linkedin": {"shares": 0}, "facebook": {"likes": 0, "shares": 0, "comments": 0}, "stumbledupon": {"shares": 0}}, "site_full": "www.mundodeportivo.com", "main_image": "http://www.mundodeportivo.com/r/GODO/MD/p3/Futbol/Imagenes/2016/10/02/Recortada/England_Allardyce-53b22_20160927214118-keEF-U41738825053IRD-980x554@MundoDeportivo-Web.jpg", "site_section": "http://feeds.feedburner.com/mundodeportivo-futbol-internacional", "section_title": "Fútbol Internacional", "url": "http://www.mundodeportivo.com/futbol/premier-league/20161002/41738825053/gareth-southgate-da-su-primera-lista-como-seleccionador-ingles.html", "country": "ES", "domain_rank": 2564, "title": "Gareth Southgate da su primera lista como seleccionador inglés", "performance_score": 0, "site": "mundodeportivo.com", "participants_count": 0, "title_full": "Gareth Southgate da su primera lista como seleccionador inglés", "spam_score": 0.0, "site_type": "news", "published": "2016-10-03T03:51:00.000+03:00", "replies_count": 0, "uuid": "167c0b57d518dcb16e3020f63c7d957bc5284b3a"}, "author": "", "url": "http://www.mundodeportivo.com/futbol/premier-league/20161002/41738825053/gareth-southgate-da-su-primera-lista-como-seleccionador-ingles.html", "ord_in_thread": 0, "title": "Gareth Southgate da su primera lista como seleccionador inglés", "locations": [], "entities": {"persons": [], "locations": [], "organizations": []}, "highlightText": "", "language": "spanish", "persons": [], "text": "Ryder Cup 2016 en directo | Jornada 3 Gareth Southgate da su primera lista como seleccionador inglés Después de sustituir a Sam Allardyce en el cargo, el técnico dio la convocatoria para los partidos ante Malta y Eslovenia Gareth Southgate dio la primera lista como seleccionador absoluto inglés (Matthias Schrader - AP) Comparte en Facebook Mundodeportivo.com Actualizado a 02-10-2016 21:53 Tras la destitución de Sam Allardyce , el técnico Gareth Southgate hizo pública la primera lista de convocados para los partidos ante Malta y Eslovenia, ambos clasificatorios para el Mundial de Rusia 2018. En ella destacan la inclusión de los jóvenes del Manchester United Marcus Rashford y Jesse Lingard , así como el retornos de Raheem Sterling , que está realizando un gran inicio de curso con el Manchester City, y de Alex Oxlade - Chamberlain , que vuelve al combinado nacional tras un largo calvario con las lesiones. \nPorteros : Joe Hart, Fraser Forster, Tom Heaton. \nDefensas : Gary Cahill, Phil Jagielka, Chris Smalling, John Stones, Ryan Bertrand, Danny Rose, Glen Johnson, Kyle Walker. \nCentrocampistas : Eric Dier, Jordan Henderson, Alex Oxlade-Chamberlain, Michail Antonio, Jesse Lingard, Dele Alli. \nDelanteros : Raheem Sterling, Theo Walcott, Wayne Rooney, Marcus Rashford, Daniel Sturridge, Jamie Vardy. Comparte en Facebook", "external_links": [], "published": "2016-10-03T03:51:00.000+03:00", "crawled": "2016-10-03T00:14:33.175+03:00", "highlightTitle": ""}