{"organizations": [], "uuid": "7492bb0658e1f885fb97579c5525e8c149d48b59", "thread": {"social": {"gplus": {"shares": 1}, "pinterest": {"shares": 0}, "vk": {"shares": 0}, "linkedin": {"shares": 0}, "facebook": {"likes": 0, "shares": 0, "comments": 0}, "stumbledupon": {"shares": 0}}, "site_full": "ecodiario.eleconomista.es", "main_image": "http://s03.s3c.es/imag3/logos/economista/bg-ee-facebook.jpg", "site_section": "http://www.eleconomista.es/rss/rss-flash-del-mercado.php", "section_title": "elEconomista  Flash del mercado", "url": "http://ecodiario.eleconomista.es/flash/noticias/7863196/10/16/Susana-Diaz-pide-que-se-vote-la-constitucion-de-una-gestora.html", "country": "ES", "domain_rank": 3233, "title": "Susana Díaz pide que se vote la constitución de una gestora", "performance_score": 0, "site": "eleconomista.es", "participants_count": 0, "title_full": "Susana Díaz pide que se vote la constitución de una gestora", "spam_score": 0.0, "site_type": "news", "published": "2016-10-01T22:44:00.000+03:00", "replies_count": 0, "uuid": "7492bb0658e1f885fb97579c5525e8c149d48b59"}, "author": "", "url": "http://ecodiario.eleconomista.es/flash/noticias/7863196/10/16/Susana-Diaz-pide-que-se-vote-la-constitucion-de-una-gestora.html", "ord_in_thread": 0, "title": "Susana Díaz pide que se vote la constitución de una gestora", "locations": [], "entities": {"persons": [], "locations": [], "organizations": []}, "highlightText": "", "language": "spanish", "persons": [], "text": "Susana Díaz pide que se vote la constitución de una gestora 1/10/2016 - 16:44 La presidenta de la Junta de Andalucía y secretaria general del PSOE-A, Susana Díaz, ha intervenido este sábado en el Comité Federal del PSOE para pedir que se vote el informe de tres de los cinco miembros de la Comisión de Garantías que propone la constitución de una comisión gestora, informaron a Europa Press en fuentes socialistas. Susana Díaz hizo un llamamiento a la calma entre sus compañeros y planteó que en el Comité Federal de este sábado o bien se vota el citado informe que defiende una gestora o que se espere a que la Comisión de Garantías se reúna oficialmente y emita otro dictamen. Las mismas fuentes reconocen que el ambiente en el interior del cónclave es \"muy tenso\" y que ha habido varias intervenciones espontáneas de algunos de los asistentes, lo que habrían motivado la intervención de la líder de los socialistas andaluces. Tras la intervención de la presidenta andaluza, el sector oficialista propuso votar la celebración de un congreso extraordinario mediante una votación de carácter secreta, con la participación de los miembros de la Ejecutiva en funciones. Alrededor de la 16.00 horas de la tarde se ha producido un nuevo receso y la reunión ha quedado nuevamente en suspenso. Otras noticias El flash: toda la última hora 16:44", "external_links": [], "published": "2016-10-01T22:44:00.000+03:00", "crawled": "2016-10-01T17:50:17.939+03:00", "highlightTitle": ""}