{"organizations": [], "uuid": "b99580447be83a80a93eac04086c2cc9c3ce5b75", "thread": {"social": {"gplus": {"shares": 0}, "pinterest": {"shares": 0}, "vk": {"shares": 0}, "linkedin": {"shares": 0}, "facebook": {"likes": 55, "shares": 55, "comments": 0}, "stumbledupon": {"shares": 0}}, "site_full": "futbol.as.com", "main_image": "http://as00.epimg.net/futbol/imagenes/2016/10/02/primera/1475400746_943563_1475401335_doscolumnas_normal.jpg", "site_section": "http://www.as.com/rss/feed.html?feedId=61", "section_title": "Sección Portada de Fútbol | Diario AS", "url": "http://futbol.as.com/futbol/2016/10/02/primera/1475400746_943563.html", "country": "ES", "domain_rank": 888, "title": "A Cruyff no le quisieron dejar registrar a su hijo como Jordi", "performance_score": 0, "site": "as.com", "participants_count": 1, "title_full": "A Cruyff no le quisieron dejar registrar a su hijo como Jordi", "spam_score": 0.0, "site_type": "news", "published": "2016-10-02T17:42:00.000+03:00", "replies_count": 0, "uuid": "b99580447be83a80a93eac04086c2cc9c3ce5b75"}, "author": "Juan Jiménez", "url": "http://futbol.as.com/futbol/2016/10/02/primera/1475400746_943563.html", "ord_in_thread": 0, "title": "A Cruyff no le quisieron dejar registrar a su hijo como Jordi", "locations": [], "entities": {"persons": [], "locations": [], "organizations": []}, "highlightText": "", "language": "spanish", "persons": [], "text": "A Cruyff no le quisieron dejar registrar a su hijo como Jordi AFP \"Me dijeron que era un nombre catalán y que no podía registrarlo así. Se lo dije letra por letra, Jordi. Que era Jordi y Jordi sería\". 2 octubre 2016 11:42h CEST \nEn otro de los episodios de las Memorias de Johan Cruyff que verán la luz el próximo 6 de octubre y de la que L'Equipe publicó algunos extractos, Cruyff también cuenta los problemas que tuvo para registrar a su hijo Jordi cuando nació en 1974, aún en periodo de dictadura franquista: \"Pude palpar personalmente el peso de la política cuando fui a registrar a Jordi en Barcelona. En una de las oficinas oficiales me dijeron que Jordi era un nombre catalán y, por lo tanto, no podía registrarlo así, que debía hacerlo como Jorge. Le contesté al funcionario que era Jordi y que Jordi sería. Se lo dije letra por letra. Al final no se atrevieron a contradecirme\". \nJordi es una parte esencial en la vida del Holandés Volador . Sufrió como nadie por su carrera como futbolista en Ajax y Barça, mirada con lupa por ser hijo de él . Cruyff dice estar \"extremadamente orgulloso\" de él, especialmente por su participación en la Eurocopa de Inglaterra de 1996.", "external_links": [], "published": "2016-10-02T17:42:00.000+03:00", "crawled": "2016-10-02T15:04:41.827+03:00", "highlightTitle": ""}