{"organizations": [], "uuid": "89dd2ef694de21f061510c0005f29a53734bcc00", "thread": {"social": {"gplus": {"shares": 0}, "pinterest": {"shares": 0}, "vk": {"shares": 0}, "linkedin": {"shares": 0}, "facebook": {"likes": 0, "shares": 0, "comments": 0}, "stumbledupon": {"shares": 0}}, "site_full": "www.coches.net", "main_image": "http://a.ccdn.es/cnet/2016/10/01/32210466/104287553_g.jpg", "site_section": "", "section_title": "", "url": "http://www.coches.net/renault-clio-renault-sport-20-200-3p-e5-3p-gasolina-2010-en-barcelona-32210466-covo.aspx", "country": "US", "domain_rank": 6093, "title": "renault clio renault sport 2.0 200 3p. e5 Gasolina Blanco del 2010 con 1 km en Barcelona 32210466", "performance_score": 0, "site": "coches.net", "participants_count": 0, "title_full": "renault clio renault sport 2.0 200 3p. e5 Gasolina Blanco del 2010 con 1 km en Barcelona 32210466", "spam_score": 0.027, "site_type": "news", "published": "2016-10-01T08:00:00.000+03:00", "replies_count": 0, "uuid": "89dd2ef694de21f061510c0005f29a53734bcc00"}, "author": "", "url": "http://www.coches.net/renault-clio-renault-sport-20-200-3p-e5-3p-gasolina-2010-en-barcelona-32210466-covo.aspx", "ord_in_thread": 0, "title": "renault clio renault sport 2.0 200 3p. e5 Gasolina Blanco del 2010 con 1 km en Barcelona 32210466", "locations": [], "entities": {"persons": [], "locations": [], "organizations": []}, "highlightText": "", "language": "spanish", "persons": [], "text": "La pregunta no puede contener URLs Tu nombre Tu email o tu teléfono E-mail El email no tiene el formato correcto Teléfono El teléfono no es correcto Introduce tu email y/o teléfono Debes aceptar las condiciones de uso Contactar ", "external_links": [], "published": "2016-10-01T08:00:00.000+03:00", "crawled": "2016-10-02T01:03:04.306+03:00", "highlightTitle": ""}