{"organizations": [], "uuid": "de0c5ea4fff66d98e50dbaecc1cec5dd95ebfd34", "thread": {"social": {"gplus": {"shares": 0}, "pinterest": {"shares": 0}, "vk": {"shares": 0}, "linkedin": {"shares": 0}, "facebook": {"likes": 1, "shares": 1, "comments": 0}, "stumbledupon": {"shares": 0}}, "site_full": "www.lavanguardia.com", "main_image": "http://www.lavanguardia.com/r/GODO/LV/p3/WebSite/2016/10/03/Recortada/20160930-636108291573224575_20160930104907-kWYE-U41748316058oDD-992x558@LaVanguardia-Web.jpg", "site_section": "http://www.lavanguardia.com/feed/opinion/humor/index.html", "section_title": "Portada", "url": "http://www.lavanguardia.com/economia/20161003/41748316058/ibex-35-bolsa-petroleo-banca.html", "country": "ES", "domain_rank": 1941, "title": "El Ibex 35 arranca el mes a la baja y se deja un 0,40% en la apertura", "performance_score": 0, "site": "lavanguardia.com", "participants_count": 1, "title_full": "El Ibex 35 arranca el mes a la baja y se deja un 0,40% en la apertura", "spam_score": 0.0, "site_type": "news", "published": "2016-10-03T17:32:00.000+03:00", "replies_count": 0, "uuid": "de0c5ea4fff66d98e50dbaecc1cec5dd95ebfd34"}, "author": "Redacción , Barcelona", "url": "http://www.lavanguardia.com/economia/20161003/41748316058/ibex-35-bolsa-petroleo-banca.html", "ord_in_thread": 0, "title": "El Ibex 35 arranca el mes a la baja y se deja un 0,40% en la apertura", "locations": [], "entities": {"persons": [], "locations": [], "organizations": []}, "highlightText": "", "language": "spanish", "persons": [], "text": "El Ibex 35 ha arrancado el mes de octubre con un descenso del 0,38% tras la apertura, por lo que se situaba en los 8.746 puntos a primera hora de la mañana. Así, buscaba mantener la cota de los 8.700 puntos, con un petróleo Brent por encima de los 50 dólares y la prima de riesgo en 100 unidades. La bolsa alemana, donde los últimos días han estado marcados por la cotización del Deutsche Bank , no abre por festivo.\nLos valores se dividían casi a partes iguales entre ganancias y pérdidas. Indra (+0,50%), Melia Hotels International (+0,45%), Dia (+0,43%) y Popular (+0,36%) eran las que más ganaban. En el otro lado, Acerinox lideraba las pérdidas, con una caída del 3,65%, seguido de Cellnex (-0,74%), BBVA (-0,67%) Iberdrola (-0,66%) y Endesa (-0,52%).\nLas principales plazas europeas abrían con comportamiento dispar, con ascensos del 0,1% para Londres y retrocesos del 0,1% para París. El euro, por su parte, se intercambiaba por 1,1226 unidades tras haber abierto en 1,1233 ‘billetes verdes’. \nTemas relacionados Ibex 35 Petróleo Prima de riesgo Indra Deutsche Bank Acerinox Iberdrola Endesa", "external_links": [], "published": "2016-10-03T17:32:00.000+03:00", "crawled": "2016-10-03T11:01:16.254+03:00", "highlightTitle": ""}