{"organizations": [], "uuid": "b546006f2e15c0eddc1275da6216a7de3798f185", "thread": {"social": {"gplus": {"shares": 0}, "pinterest": {"shares": 0}, "vk": {"shares": 0}, "linkedin": {"shares": 0}, "facebook": {"likes": 0, "shares": 0, "comments": 2}, "stumbledupon": {"shares": 0}}, "site_full": "www.el-nacional.com", "main_image": "", "site_section": "", "section_title": "", "url": "http://www.el-nacional.com/ciencia_y_ambiente/Sonda-Rosetta-concluyo-historica-espacial_0_931106892.html", "country": "US", "domain_rank": 1868, "title": "Sonda europea Rosetta concluyó su histórica odisea espacial este viernes", "performance_score": 0, "site": "el-nacional.com", "participants_count": 0, "title_full": "Sonda europea Rosetta concluyó su histórica odisea espacial este viernes", "spam_score": 0.031, "site_type": "news", "published": "2016-10-01T16:50:00.000+03:00", "replies_count": 0, "uuid": "b546006f2e15c0eddc1275da6216a7de3798f185"}, "author": "", "url": "http://www.el-nacional.com/ciencia_y_ambiente/Sonda-Rosetta-concluyo-historica-espacial_0_931106892.html", "ord_in_thread": 0, "title": "Sonda europea Rosetta concluyó su histórica odisea espacial este viernes", "locations": [], "entities": {"persons": [], "locations": [], "organizations": []}, "highlightText": "", "language": "spanish", "persons": [], "text": "Sonda europea Rosetta concluyó su histórica odisea espacial este viernes \nFoto: archivo BBC Mundo El satélite empleará el resto de su energía en recopilar la mayor cantidad información posible. Fue teledirigida desde el Centro Europeo de Operaciones Espaciales en Alemania Tweet: afp 30 de septiembre 2016 - 08:28 am En un final espectacular para una misión histórica, la sonda europea Rosetta debe estrellarse voluntariamente este viernes en el cometa Churi, la tumba helada donde descansará tras más de 12 años de odisea espacial. Teledirigida desde el Centro Europeo de Operaciones Espaciales (ESOC) en Darmstadt (Alemania), Rosetta se colocó en la noche del jueves en la trayectoria que la llevará directamente a la cabeza del cometa. Esta sonda pionera no estaba concebida para aterrizar, pero los ingenieros de la Agencia Espacial Europea (ESA) han hecho todo lo que estaba en sus manos para que el \"impacto controlado\" en el cometa sea lo más \"suave\" posible. En la parte final de esta aventura, que transcurre a más de 720 millones de kilómetros de la Tierra, su velocidad debe alcanzar los 90 centímetros por segundo (3,2 km/hora): el equivalente al caminar humano. A partir del momento del impacto, la Tierra tendrá que esperar unos 40 minutos para ser informada, con un margen de variación de unos 20 minutos. La sonda utilizará sus últimas fuerzas para intentar acumular la mayor cantidad posible de datos científicos durante este último viaje, de 19 kilómetros en caída libre de unas 14 horas de duración. ", "external_links": [], "published": "2016-10-01T16:50:00.000+03:00", "crawled": "2016-10-01T11:50:34.610+03:00", "highlightTitle": ""}