{"organizations": [], "uuid": "6e82a3f36b951565c3ca03b9d00421a367712e59", "thread": {"social": {"gplus": {"shares": 0}, "pinterest": {"shares": 0}, "vk": {"shares": 0}, "linkedin": {"shares": 0}, "facebook": {"likes": 17, "shares": 17, "comments": 0}, "stumbledupon": {"shares": 0}}, "site_full": "www.milenio.com", "main_image": "http://www.milenio.com/hey/jason_momoa-aquaman_MILIMA20161002_0175_14.jpg", "site_section": "http://www.milenio.com/hey/", "section_title": "Hey - Noticias de Música, Cine y televisión - Grupo Milenio", "url": "http://www.milenio.com/hey/cine/jason_momoa-liga_de_la_justicia-aquaman_0_821917936.html", "country": "US", "domain_rank": 8394, "title": "Jason Momoa anuncia fin del rodaje de \"La Liga de la Justicia\"", "performance_score": 0, "site": "milenio.com", "participants_count": 1, "title_full": "Jason Momoa anuncia fin del rodaje de \"La Liga de la Justicia\" - Grupo Milenio", "spam_score": 0.041, "site_type": "news", "published": "2016-10-02T23:14:00.000+03:00", "replies_count": 0, "uuid": "6e82a3f36b951565c3ca03b9d00421a367712e59"}, "author": "Milenio Digital", "url": "http://www.milenio.com/hey/cine/jason_momoa-liga_de_la_justicia-aquaman_0_821917936.html", "ord_in_thread": 0, "title": "Jason Momoa anuncia fin del rodaje de \"La Liga de la Justicia\"", "locations": [], "entities": {"persons": [], "locations": [], "organizations": []}, "highlightText": "", "language": "spanish", "persons": [], "text": "La imagen que compartió Jason Momoa para celebrar el fin de rodaje de \"La Liga de la Justicia\". (Instagram) Milenio Digital 02/10/2016 03:14 PM\nMéxico\n\"La Liga de la Justicia\" se estrenará en noviembre de 2017, pero el filme dirigido por Zack Snyder ya concluyó su rodaje, según anuncio el actor Jason Momoa, quien interpreta a Aquaman en la trama.\n\"Hay muchísimas personas a las que agradecer por todo su arduo trabajo. Esta noche será nuestra fiesta de fin de rodaje\", escribió Momoa en Instragram, junto a una imagen en la que aparece caracterizado como su personaje.\nTE RECOMENDAMOS: Así es el nuevo traje de Batman para \"La Liga de la Justicia\"\n\"Estoy tan agradecido con mi equipo y elenco. Los amo\", agregó.\nEl filme cuenta con las actuaciones de Ben Affleck, Henry Cavill, Gal Gadot, Ezra Miller, Ray Fisher, Amy Adams, Amber Heard, Jeremy Irons, J. K. Simmons y Willem Dafoe.\nNO TE PIERDAS: Joe Manganiello será Deathstroke en nueva película de Batman\nThere's to many people to thank for all their hard work JL. Tonight is our wrap party. I am so thankful for my cast and crew. I love you. I have never in my life missed a wrap party But as you all know I'm a huge fan of the food and merriment!!!! Unfortunately I prepare for the north. For those that will be there. I WON'T let you down Shaka aaalllooohhhaaa see u Monday aquaman\nUna foto publicada por Jason Momoa (@prideofgypsies) el 1 de Oct de 2016 a la(s) 9:01 PDT\nEHH", "external_links": ["https://www.youtube.com/embed/HeSrcHR89yQ", "https://www.instagram.com/p/BLBrmo6h1-8/", "http://platform.instagram.com/en_US/embeds.js"], "published": "2016-10-02T23:14:00.000+03:00", "crawled": "2016-10-03T11:54:57.560+03:00", "highlightTitle": ""}