{"organizations": [], "uuid": "e8ec9a759cdbb597c2b70a7fd43712299f430ee5", "thread": {"social": {"gplus": {"shares": 0}, "pinterest": {"shares": 0}, "vk": {"shares": 0}, "linkedin": {"shares": 0}, "facebook": {"likes": 0, "shares": 0, "comments": 0}, "stumbledupon": {"shares": 0}}, "site_full": "www.coches.net", "main_image": "http://a.ccdn.es/cnet/2016/10/03/32213437/104311943_g.jpg", "site_section": "", "section_title": "", "url": "http://www.coches.net/volkswagen-golf-20-tdi-sportline-3p-diesel-2005-en-madrid-32213437-covo.aspx", "country": "US", "domain_rank": 6093, "title": "volkswagen golf 2.0 tdi sportline Diesel del 2005 con 2 km en Madrid 32213437", "performance_score": 0, "site": "coches.net", "participants_count": 0, "title_full": "volkswagen golf 2.0 tdi sportline Diesel del 2005 con 2 km en Madrid 32213437", "spam_score": 0.227, "site_type": "news", "published": "2016-10-03T08:00:00.000+03:00", "replies_count": 0, "uuid": "e8ec9a759cdbb597c2b70a7fd43712299f430ee5"}, "author": "", "url": "http://www.coches.net/volkswagen-golf-20-tdi-sportline-3p-diesel-2005-en-madrid-32213437-covo.aspx", "ord_in_thread": 0, "title": "volkswagen golf 2.0 tdi sportline Diesel del 2005 con 2 km en Madrid 32213437", "locations": [], "entities": {"persons": [], "locations": [], "organizations": []}, "highlightText": "", "language": "spanish", "persons": [], "text": "Garantía Comentarios del anunciante \nSe vende volkswagen golf 2. 0 tdi 140cv 6 velocidades en perfecto estado mecanicamente perfecto embrague, distribucion, aceite y filtros, bateria y aceite de caja cambios todo echo a principios de verano acepto prueva en cualquier taller. . . . documentacion al dia listo para transferir. . . . . . mas informacion preguntar. . . . . telf y whatsapp. . . solo gente interesada. . . . . no mareantes. . precio algo negociable. . ((las negociaciones despues de ver el coche))telf Rafael Usuario particular ", "external_links": [], "published": "2016-10-03T08:00:00.000+03:00", "crawled": "2016-10-03T09:03:56.703+03:00", "highlightTitle": ""}