{"organizations": [], "uuid": "47381b402eccbad6dce91ec778874c8cc6c306b8", "thread": {"social": {"gplus": {"shares": 0}, "pinterest": {"shares": 0}, "vk": {"shares": 0}, "linkedin": {"shares": 0}, "facebook": {"likes": 10, "shares": 10, "comments": 0}, "stumbledupon": {"shares": 0}}, "site_full": "ecodiario.eleconomista.es", "main_image": "http://s03.s3c.es/imag3/logos/economista/bg-ee-facebook.jpg", "site_section": "", "section_title": "", "url": "http://ecodiario.eleconomista.es/espana/noticias/7863058/10/16/Canarias-destaca-las-buenas-perspectivas-del-turismo-aleman-con-un-aumento-de-580000-plazas-aereas.html", "country": "ES", "domain_rank": 3233, "title": "Canarias destaca las buenas perspectivas del turismo alemán con un aumento de 580.000 plazas aéreas - EcoDiario.es", "performance_score": 0, "site": "eleconomista.es", "participants_count": 0, "title_full": "Canarias destaca las buenas perspectivas del turismo alemán con un aumento de 580.000 plazas aéreas - EcoDiario.es", "spam_score": 0.2, "site_type": "news", "published": "2016-10-01T22:24:00.000+03:00", "replies_count": 0, "uuid": "47381b402eccbad6dce91ec778874c8cc6c306b8"}, "author": "", "url": "http://ecodiario.eleconomista.es/espana/noticias/7863058/10/16/Canarias-destaca-las-buenas-perspectivas-del-turismo-aleman-con-un-aumento-de-580000-plazas-aereas.html", "ord_in_thread": 0, "title": "Canarias destaca las buenas perspectivas del turismo alemán con un aumento de 580.000 plazas aéreas - EcoDiario.es", "locations": [], "entities": {"persons": [], "locations": [], "organizations": []}, "highlightText": "", "language": "spanish", "persons": [], "text": "Canarias destaca las buenas perspectivas del turismo alemán con un aumento de 580.000 plazas aéreas 1/10/2016 - 14:24 Competitividad Enlaces relacionados Los turistas peninsulares dispondrán de 2,5 millones de plazas aéreas a Canarias en la temporada de verano (9/05) \nLa consejera de Turismo, Cultura y Deportes del Gobierno de Canaria, Mariate Lorenzo, ha destacado las buenas perspectivas para el mercado turístico alemán, puesto que entre abril de 2016 a marzo 2017 se ha previsto un 19% más de asientos que en el mismo periodo anterior, lo que suponen 578.998 plazas más y un total de 3.609.929. \nSANTA CRUZ DE TENERIFE, 1 (EUROPA PRESS) \nEn este sentido, la responsable regional de turismo ha sido responsable la encargada de inaugurar en nombre del Gobierno de Canarias la convención anual de RTK, que reúne en Tenerife a 800 agentes de viajes, equipos comerciales y altos directivos de empresas turísticas alemanas. \nEn su intervención recordó que desde hace más de 50 años, las Islas Canarias constituyen uno de los destinos vacacionales favoritos de los turistas alemanes y \"muchos han decidido incluso quedarse a vivir y compartir con nosotros 'el mejor clima del mundo', así como nuestra naturaleza, cultura, amigos y familia. \nAsimismo, destacó que de los más de 2 millones y medio de visitantes alemanes que recibimos en 2015, el 75% eran repetidores; de ellos, uno de cada cinco había estado en Canarias en más de 10 ocasiones. \nLOS ALEMANES, EL SEGUNDO MERCADO PARA CANARIAS \nEn un comunicado, el Gobierno de Canarias recordó que el mercado alemán es el segundo en importancia para las islas, con un acumulado de enero a agosto de 2.046.261 personas, casi el 12%, más que en el mismo periodo del año anterior y que se traduce en unos 200.000 visitantes germanos más en estos ocho meses. \nCon el objetivo de mantener estos datos tan positivos, así como mejorar si cabe el grado de satisfacción, la consejera ha explicado que no basta con mantenernos líderes en competitividad y hospitalidad: \"resulta igualmente importante mejorar y estrechar la relación con nuestros socios turísticos\". \nEn este sentido, explicó que desde el Gobierno de Canarias son conscientes del poderoso papel de la mayor Asociación de Empresas Turísticas Alemanas (RTK), que agrupa a unas 4.000 agencias de viajes y que en su conjunto alcanzan un volumen de negocios que supera los 3.000 millones de euros, \"por lo que es nuestro deseo involucrarla más en nuestro destino\". Enlaces relacionados ", "external_links": [], "published": "2016-10-01T22:24:00.000+03:00", "crawled": "2016-10-02T04:16:41.844+03:00", "highlightTitle": ""}