{"organizations": [], "uuid": "f3e07f831e1f56bce813727ec8a34660925a9c0d", "thread": {"social": {"gplus": {"shares": 0}, "pinterest": {"shares": 0}, "vk": {"shares": 0}, "linkedin": {"shares": 0}, "facebook": {"likes": 0, "shares": 0, "comments": 0}, "stumbledupon": {"shares": 0}}, "site_full": "ecodiario.eleconomista.es", "main_image": "http://s03.s3c.es/imag3/logos/economista/bg-ee-facebook.jpg", "site_section": "", "section_title": "", "url": "http://ecodiario.eleconomista.es/internacional/noticias/7862053/09/16/La-ONU-investigara-el-ataque-al-convoy-humanitario-en-Alepo-y-pide-cooperacion.html", "country": "US", "domain_rank": 3233, "title": "La ONU investigará el ataque al convoy humanitario en Alepo y pide \"cooperación\" - EcoDiario.es", "performance_score": 0, "site": "eleconomista.es", "participants_count": 0, "title_full": "La ONU investigará el ataque al convoy humanitario en Alepo y pide \"cooperación\" - EcoDiario.es", "spam_score": 0.2, "site_type": "news", "published": "2016-10-01T03:39:00.000+03:00", "replies_count": 0, "uuid": "f3e07f831e1f56bce813727ec8a34660925a9c0d"}, "author": "", "url": "http://ecodiario.eleconomista.es/internacional/noticias/7862053/09/16/La-ONU-investigara-el-ataque-al-convoy-humanitario-en-Alepo-y-pide-cooperacion.html", "ord_in_thread": 0, "title": "La ONU investigará el ataque al convoy humanitario en Alepo y pide \"cooperación\" - EcoDiario.es", "locations": [], "entities": {"persons": [], "locations": [], "organizations": []}, "highlightText": "", "language": "spanish", "persons": [], "text": "La ONU investigará el ataque al convoy humanitario en Alepo y pide \"cooperación\" 30/09/2016 - 19:39 La Casa Blanca responsabiliza a Rusia del bombardeo a un convoy humanitario en Alepo (21/09) \nEl secretario general de la ONU, Ban Ki Moon, ha anunciado este viernes la creación de una comisión de investigación para analizar el reciente ataque a un convoy humanitario en la región siria de Alepo y ha reclamado \"cooperación\" a todas las partes implicadas. \nNUEVA YORK, 30 (EUROPA PRESS) \nEl 19 de septiembre, el ataque contra un convoy de Naciones Unidas y la Media Luna Roja en Urum al Kubra se saldó con al menos 18 muertos y dejó en suspenso el reparto de la ayuda humanitaria. Ningún bando ha asumido la autoría por este incidente, que marcó a su vez el final de una frágil tregua. \nUna comisión de investigación de la ONU se encargará ahora de \"establecer los hechos\" e informar a Ban Ki Moon, a quien corresponderá decidir \"futuras medidas\". El secretario general \"insta a todas las partes aludidas a cooperar plenamente\", según un comunicado de la organización internacional. Enlaces relacionados ", "external_links": [], "published": "2016-10-01T03:39:00.000+03:00", "crawled": "2016-10-02T04:20:26.384+03:00", "highlightTitle": ""}