{"organizations": [], "uuid": "97282cd8ed0ba61cb956f79cdbc07262af17eafe", "thread": {"social": {"gplus": {"shares": 1}, "pinterest": {"shares": 0}, "vk": {"shares": 0}, "linkedin": {"shares": 0}, "facebook": {"likes": 0, "shares": 0, "comments": 0}, "stumbledupon": {"shares": 0}}, "site_full": "www.eleconomista.es", "main_image": "http://s03.s3c.es/imag3/logos/economista/bg-ee-facebook.jpg", "site_section": "http://www.eleconomista.es/rss/rss-economia.php", "section_title": "elEconomista economia", "url": "http://www.eleconomista.es/economia/noticias/7862872/10/16/Vivienda-los-visados-para-rehabilitacion-repuntan-un-13-hasta-julio.html", "country": "ES", "domain_rank": 3233, "title": "Vivienda. los visados para rehabilitación repuntan un 1,3% hasta julio", "performance_score": 0, "site": "eleconomista.es", "participants_count": 0, "title_full": "Vivienda. los visados para rehabilitación repuntan un 1,3% hasta julio", "spam_score": 0.0, "site_type": "news", "published": "2016-10-01T18:00:00.000+03:00", "replies_count": 0, "uuid": "97282cd8ed0ba61cb956f79cdbc07262af17eafe"}, "author": "", "url": "http://www.eleconomista.es/economia/noticias/7862872/10/16/Vivienda-los-visados-para-rehabilitacion-repuntan-un-13-hasta-julio.html", "ord_in_thread": 0, "title": "Vivienda. los visados para rehabilitación repuntan un 1,3% hasta julio", "locations": [], "entities": {"persons": [], "locations": [], "organizations": []}, "highlightText": "", "language": "spanish", "persons": [], "text": "Vivienda. los visados para rehabilitación repuntan un 1,3% hasta julio 1/10/2016 - 12:00 Vivienda. los visados para rehabilitación bajaron un 8,3% en enero (3/04) \nMADRID, 01 (SERVIMEDIA) \nLos visados para la reforma o restauración de viviendas en España se situaron en 15.768 unidades entre enero y julio, lo que supone un aumento del 1,3% con respecto al mismo periodo del año anterior (15.571 permisos). \nDe esta manera, según datos del Ministerio de Fomento recogidos por Servimedia, los permisos para reformar viviendas se sitúan en positivo hasta julio, después de cerrar 2015 con un alza del 13,4% en el conjunto del ejercicio. \nEn 2014, los permisos para rehabilitar pisos sumaron cuatro años consecutivos de caídas y marcaron un mínimo en la serie histórica que elabora el Ministerio de Fomento, tendencia que se rompió con el citado aumento de 2015. \nPor su parte, los visados para ampliar los inmuebles aumentaron un 33,4% hasta julio, con 1.142 unidades. \nEl impulso de la rehabilitación fue una de las líneas estratégicas del Gobierno de Mariano Rajoy en materia de vivienda. El Ejecutivo, ahora en funciones, aprobó la Ley de Rehabilitación, Regeneración y Renovación Urbanas, así como el Plan Estatal de Alquiler de Vivienda y Rehabilitación 2013-2016, donde se recogen ayudas para esta actividad. \n(SERVIMEDIA) El PNV admite que la pérdida de un escaño reduce sus opciones a la mitad 13:02 Ecodiario.es - Política\nEl presidente del PNV de Gipuzkoa, Joseba Egibar, ha reconocido que la pérdida de un escaño por parte de este partido a favor de EH Bildu … El Real Madrid estudia el fichaje de Dembele, la perla de Borussia Dortmund y … 12:50 Ecodiario.es - Fútbol\nEl Real Madrid tomó nota el pasado martes de Ousmane Dembele, extremo francés de 19 años del Borussia Dortmund que causó sensación … El Comité Federal del PSOE comienza pero sin constituirse por el problema de … 12:44 Ecodiario.es - Flash\nEl Comité Federal del PSOE continúa sin constituirse tres horas después de lo previsto -estaba convocado a las 9.00-, al no haber acuerdo … EN DIRECTO | Reunión decisiva del Comité Federal del PSOE 12:44 Ecodiario.es - Política\nEl Comité Federal del PSOE continúa sin constituirse tres horas después de lo previsto -estaba convocado a las 9.00-, al no haber acuerdo … Blindaje en la sede del PSOE: los periodistas se atrincheran en los bares de la … 12:39 Ecodiario.es - Flash\nDecenas de periodistas y reporteros gráficos permanecen apostados ante la sede del PSOE de la calle Ferraz, inaccesible a los … Hamilton 'vuela' y logra la 'pole' en Malasia con récord incluido; Alonso … 12:34 ElEconomista.es - Fórmula 1\nEl inglés Lewis Hamilton (Mercedes) saldrá desde la 'pole' en el Gran Premio de Malasia, el decimosexto del Mundial de Fórmula Uno, que se … Comienza la reunión del Comité Federal del PSOE con tres horas de retraso 12:29 Ecodiario.es - Política\nEl Comité Federal del PSOE que este sábado dirime si el partido convoca un congreso extraordinario o la creación de una gestora ha … Superbacterias, una amenaza global que urge combatir desde los alimentos 12:22 Ecodiario.es - Ciencia\nEl mundo encara la amenaza global que representa la resistencia a los antibióticos y otros antimicrobianos con más preguntas que … Glovo prioriza Francia y prevé llegar a Lyon y Marsella en 2017 11:58 ElEconomista.es - Empresas y finanzas\nLa aplicación de mensajería móvil Glovo, fundada por el joven emprendedor catalán Oscar Pierre a principios de 2015, prevé llegar a Lyon … Telecinco lidera las audiencias en septiembre tras dos años consecutivos 11:51 ElEconomista.es - Audiencias\nTelecinco lideró las audiencias en septiembre por 25 mes consecutivo con un 14,1% de cuota de pantalla, 1,8 puntos más que el mes anterior, …", "external_links": [], "published": "2016-10-01T18:00:00.000+03:00", "crawled": "2016-10-01T14:15:40.469+03:00", "highlightTitle": ""}