{"organizations": [], "uuid": "450119296551dba926afb749ea0d73675a66e492", "thread": {"social": {"gplus": {"shares": 1}, "pinterest": {"shares": 0}, "vk": {"shares": 0}, "linkedin": {"shares": 2}, "facebook": {"likes": 8, "shares": 8, "comments": 0}, "stumbledupon": {"shares": 0}}, "site_full": "www.milenio.com", "main_image": "http://www.milenio.com/cultura/Galapagos-Malva-Flores-Mexico_MILIMA20161003_0033_14.jpg", "site_section": "http://www.milenio.com/salud-nutricion/", "section_title": "Salud y Nutrición - Noticias - Grupo Milenio", "url": "http://www.milenio.com/cultura/ruta-caracol_0_822517756.html", "country": "US", "domain_rank": 8394, "title": "La ruta del caracol", "performance_score": 0, "site": "milenio.com", "participants_count": 1, "title_full": "La ruta del caracol - Grupo Milenio", "spam_score": 0.07, "site_type": "news", "published": "2016-10-03T12:00:00.000+03:00", "replies_count": 0, "uuid": "450119296551dba926afb749ea0d73675a66e492"}, "author": "La crítica por Mary Carmen Sánchez Ambriz", "url": "http://www.milenio.com/cultura/ruta-caracol_0_822517756.html", "ord_in_thread": 0, "title": "La ruta del caracol", "locations": [], "entities": {"persons": [], "locations": [], "organizations": []}, "highlightText": "", "language": "spanish", "persons": [], "text": "Galápagos. Malva Flores. ERA. México, 2016. (Milenio) La crítica por Mary Carmen Sánchez Ambriz 03/10/2016 04:00 AM\nMéxico\nLos poemas de Malva Flores (Ciudad de México, 1961) incluidos en Galápagos son un viaje iniciático y, a la vez, interminable. Prevalece en ellos una búsqueda desosegada, tiempos sucesivos, purificadores, catárquicos. Cuando alguien se ausenta de su casa, la persona que se aleja tiene la impresión que el tiempo se detiene hasta su regreso. ¿Dónde es aquí?, es una pregunta que constantemente se formula la autora.\nEl viaje es lo que nos ocurre mientras avanzamos. Podemos tener en mente hacia dónde nos dirigimos, pero ese destino es tan solo la excusa por la cual se empieza a caminar. Quizá como Cavafis, Malva Flores recuerda que lo esencial es el camino y lo que aprendamos en el recorrido. Como refiere Descartes: “Los viajes sirven para conocer las costumbres de los distintos pueblos y para despojarse del prejuicio de que sólo en la propia patria se puede vivir de la manera que uno está acostumbrado”.\nLas islas Galápagos conforman el archipiélago más diverso y complejo del mundo, en donde las condiciones de vida permanecen relativamente intactas. Se formaron hace unos 4 o 5 millones de años, emergieron de la superficie del océano como resultado de erupciones volcánicas. Las especies de plantas y animales propias de las islas no tuvieron predadores durante miles de años de evolución, razón por la cual los animales no demuestran temor alguno ante la presencia humana. Esto hace de Galápagos un lugar muy especial y fascinante, y de gran interés para la ciencia, donde los visitantes pueden entender que viajar no es solo desplazarse de un punto a otro.\n¿Dónde es aquí? Es una evocación que utiliza versos memorables, frases que cimbran el entorno, la fuerza se acumula en las palabras. Es el sitio donde Charles Darwin empezó a escribir El origen de las especies . Es un espacio donde las tortugas iban de un lugar a otro, sin tener que preocuparse de sus captores (piratas) y depredadores, antes de que fueran casi exterminadas.\n“La historia es una mancha sin futuro. ‘Hoy’ es palabra escondida en el largo silabario de nuestras condolencias. ‘Hoy’ es polvo que levanta una escoba, un vértice donde confluye todo y todo se detiene […] “No existe continente que no sea una isla de brazos alargados. Sed rodeada por agua. Agua que se deslíe por las grietas: ruta del caracol”, escribe Malva.\n¿Dónde es aquí? Es un paraíso insólito que la poeta lleva consigo (exploraciones), es Coyoacán, es una imagen de Ciudad Universitaria o la sentencia de Víctor Hugo cuando asegura que “el exilio no es cosa material, es una cosa moral”.", "external_links": [], "published": "2016-10-03T12:00:00.000+03:00", "crawled": "2016-10-03T12:17:35.907+03:00", "highlightTitle": ""}