{"organizations": [], "uuid": "e015ef021c577117d1160230d04aa8873240ed8b", "thread": {"social": {"gplus": {"shares": 0}, "pinterest": {"shares": 0}, "vk": {"shares": 0}, "linkedin": {"shares": 0}, "facebook": {"likes": 0, "shares": 0, "comments": 0}, "stumbledupon": {"shares": 0}}, "site_full": "peru.com", "main_image": "http://cde.peru.com/ima/0/1/5/0/7/1507864.jpg", "site_section": "http://peru.com//feed", "section_title": "Perú.com", "url": "http://peru.com/entretenimiento/espectaculos/valor-verdad-madre-churrito-hinostroza-dijo-que-futbolista-mantenia-familia-yahaira-plasencia-video-noticia-477175", "country": "US", "domain_rank": 5789, "title": "EVDLV: madre del 'Churrito' Hinostroza dijo que futbolista mantenía a la familia de Yahaira Plasencia", "performance_score": 0, "site": "peru.com", "participants_count": 0, "title_full": "EVDLV: madre del 'Churrito' Hinostroza dijo que futbolista mantenía a la familia de Yahaira Plasencia", "spam_score": 0.0, "site_type": "news", "published": "2016-10-03T13:27:00.000+03:00", "replies_count": 0, "uuid": "e015ef021c577117d1160230d04aa8873240ed8b"}, "author": "", "url": "http://peru.com/entretenimiento/espectaculos/valor-verdad-madre-churrito-hinostroza-dijo-que-futbolista-mantenia-familia-yahaira-plasencia-video-noticia-477175", "ord_in_thread": 0, "title": "EVDLV: madre del 'Churrito' Hinostroza dijo que futbolista mantenía a la familia de Yahaira Plasencia", "locations": [], "entities": {"persons": [], "locations": [], "organizations": []}, "highlightText": "", "language": "spanish", "persons": [], "text": "Lunes 03 de octubre del 2016 - 0:27 EVDLV: madre del 'Churrito' Hinostroza dijo que futbolista mantenía a la familia de Yahaira Plasencia La mamá del ‘Churrito’ Hinostroza, Lourdes Vásquez, reveló que su hijo mantenía a toda la familia de Yahaira Plasencia. (Foto: Captura Latina / Facebook) \nSíguenos en Facebook \nLa mamá de Hernán Churrito Hinostroza , Lourdes Vásquez, reveló en El Valor de la Verdad que su hijo mantenía a toda la familia de Yahaira Plasencia cuando vivían juntos. \n“Lo dejé vivir su experiencia, pero él mantenía a toda la familia, pagaba el departamento y ahí nadie trabajaba. Solo Yahaira Plasencia, pero ganaba muy poco porque no era tan conocida”, dijo la madre de Churrito Hinostroza en El Valor de la Verdad . \nEn otro momento de El Valor de la Verdad , la madre del futbolista rompió en llanto al recordar que Churrito Hinostroza le pidió que sacara sus cosas del departamento que le puso a Yahaira Plasencia porque estaba decepcionado de la salsera. \n“Estaba en desacuerdo con esa relación, perdí comunicación con mi hijo y cuando me dijo que todo había acabado, me pidió que saque sus cosas. Creo que se sentía acorralado, no estaba libre, lo tenían muy vigilado. Me pidió perdón para volver a casa”, contó muy triste Lourdes Vásquez . La mamá del ‘Churrito’ Hinostroza, Lourdes Vásquez, reveló que su hijo mantenía a toda la familia de Yahaira Plasencia. (Video: Latina) estos videos te pueden interesar \nYahaira Plasencia le fue infiel a Hernán ‘Churrito’ Hinostroza \nYahaira Plasencia: ¿su hermana confirmó supuesta infidelidad a Jefferson Farfán? \nSi te interesó lo que acabas de leer, te invitamos a seguirnos en Facebook , Twitter y Google+ TAGS:", "external_links": [], "published": "2016-10-03T13:27:00.000+03:00", "crawled": "2016-10-03T09:11:36.797+03:00", "highlightTitle": ""}