{"organizations": [], "uuid": "ee64fe6e69a502cc0392df6f0fd904aa8612c718", "thread": {"social": {"gplus": {"shares": 0}, "pinterest": {"shares": 0}, "vk": {"shares": 0}, "linkedin": {"shares": 0}, "facebook": {"likes": 0, "shares": 0, "comments": 0}, "stumbledupon": {"shares": 0}}, "site_full": "www.mundodeportivo.com", "main_image": "http://www.mundodeportivo.com/rsc/images/default_story_image.jpg?v=35470", "site_section": "http://feeds.feedburner.com/mundodeportivo-futbol-titulares", "section_title": "Fútbol", "url": "http://www.mundodeportivo.com/futbol/20161003/41757463608/las-claves-de-la-crisis-de-resultados-del-real-madrid.html", "country": "ES", "domain_rank": 2564, "title": "Las claves de la crisis de resultados del Real Madrid", "performance_score": 0, "site": "mundodeportivo.com", "participants_count": 0, "title_full": "Las claves de la crisis de resultados del Real Madrid", "spam_score": 0.0, "site_type": "news", "published": "2016-10-04T00:20:00.000+03:00", "replies_count": 0, "uuid": "ee64fe6e69a502cc0392df6f0fd904aa8612c718"}, "author": "", "url": "http://www.mundodeportivo.com/futbol/20161003/41757463608/las-claves-de-la-crisis-de-resultados-del-real-madrid.html", "ord_in_thread": 0, "title": "Las claves de la crisis de resultados del Real Madrid", "locations": [], "entities": {"persons": [], "locations": [], "organizations": []}, "highlightText": "", "language": "spanish", "persons": [], "text": "Las claves de la crisis de resultados del Real Madrid Comparte en Facebook Actualizado a 03-10-2016 18:20 \nRoberto Morales \nMadrid, 3 oct (EFE).- El Real Madrid está inmerso en una crisis de resultados tras empatar cuatro partidos consecutivos, tres de ellos en la Liga, que ha provocado que pierda el liderato. \nUna de las claves es la falta de intensidad, la principal para el técnico Zinedine Zidane, pero hay otras más graves como la ausencia de un patrón de juego, la falta de equilibrio y la poca pegada de la BBC (Bale-Benzema-Cristiano). \nLas claves de la crisis de resultados madridista son: \n1. Falta de intensidad: públicamente es el único factor que achaca Zinedine Zidane a sus jugadores: la falta de intensidad con la que entran a los partidos, señalando especialmente los encuentros del Santiago Bernabéu ante Villarreal y Las Palmas. \nLa poca actitud se refleja en balones divididos que siempre fueron para el rival, desajustes en las marcas y falta de ayudas. Costó goles en contra que provocaron ir a remolque todo el encuentro y buscando una remontada que no llegó. \n2. Ausencia de un patrón de juego: la racha de triunfos impedía un análisis en profundidad del fútbol del Real Madrid. En cuanto se terminó, salen a la luz carencias en un patrón de juego poco definido. \nEl estilo parece pender de la presencia de Luka Modric y a las variantes ofensivas les falta el factor sorpresa de Marcelo. La pizarra de Zidane se somete a examen con bajas de jugadores sin un sustituto similar en la plantilla. Isco no es Modric y en el lateral izquierdo tiene que jugar un defensa reconvertido. \n3. Sin equilibrio: la figura de Casemiro representa el equilibrio del Real Madrid. Sin él no existe un centrocampista defensivo porque el club decidió ceder a Marcos Llorente al Alavés. El paso de Toni Kroos a esa zona es un parche que puede ayudar para la construcción del juego pero perjudicar en la fase defensiva. No es un especialista en ayudas ni coberturas. \nLo sufren los centrales, con desajustes que han provocado que salten a la vista graves errores tanto de Varane como de Sergio Ramos y Pepe. La desconexión defensiva cuando se junta la BBC la sufren los laterales. Sin automatismos defensivos, sus ayudas son fruto de impulsos en determinadas acciones, pero sin continuidad. Solamente Morata y Lucas Vázquez lo cambian en los minutos que están sobre el terreno de juego. \n4. Menor pegada de la BBC: el inicio de la temporada de Benzema y Cristiano Ronaldo no ha ayudado al Real Madrid. Solo Gareth Bale ha tirado del carro y físicamente es el que mejor estado tiene. Un solo tanto de Cristiano en la Liga plasma el bajón. A estas alturas la pasada campaña, los tres juntos habían marcado trece tantos. Este curso solo suman seis. \nLa lesión de rodilla de Cristiano y un proceso gripal, más la lesión de cadera de Benzema en pretemporada, han provocado que no encuentren su verdadero nivel en el terreno de juego. Siguen siendo indiscutibles para Zidane. \n5. Las lesiones: si la pasada temporada fueron las lesiones musculares el quebradero de cabeza para Rafa Benítez en el arranque, esta campaña Zidane está sufriendo una variedad de percances que afectan a jugadores importantes. \nNo pudo contar con Cristiano Ronaldo ni Benzema de inicio. Modric acaba de pasar por el quirófano, Marcelo esttá de baja por una lesión de gemelo y Casemiro por una de tibia. Los últimos en sumarse en la enfermería son James Rodríguez y Raphael Varane. \n6. La portería: la ausencia de Keylor Navas provocó que Kiko Casilla comenzará jugando de titular. El regreso del costarricense ha dejado ver en sus dos partidos la falta de portería en competición, con un grave error en Dortmund. \nEn diez partidos oficiales, el Real Madrid solo dejó en dos su portería a cero. Cinco goles en sus tres últimos partidos muestran la falta de equilibrio defensivo. EFE Noticias Relacionadas", "external_links": [], "published": "2016-10-04T00:20:00.000+03:00", "crawled": "2016-10-03T20:11:30.950+03:00", "highlightTitle": ""}