{"organizations": [], "uuid": "ea2479ceb9aa4b1a2178edaf761fb1890429cf23", "thread": {"social": {"gplus": {"shares": 0}, "pinterest": {"shares": 0}, "vk": {"shares": 0}, "linkedin": {"shares": 0}, "facebook": {"likes": 0, "shares": 0, "comments": 0}, "stumbledupon": {"shares": 0}}, "site_full": "www.20minutos.es", "main_image": "http://cdn.20m.es/img2/recortes/2016/10/03/351514-710-366.jpg", "site_section": "http://www.20minutos.es/rss", "section_title": "20minutos.es", "url": "http://www.20minutos.es/noticia/2853210/0/japones-yoshinori-ohsumi-premio-nobel-medicina/", "country": "ES", "domain_rank": 1840, "title": "El japonés Yoshinori Ohsumi gana el premio Nobel de Medicina", "performance_score": 0, "site": "20minutos.es", "participants_count": 1, "title_full": "El japonés Yoshinori Ohsumi gana el premio Nobel de Medicina", "spam_score": 0.0, "site_type": "news", "published": "2016-10-03T17:51:00.000+03:00", "replies_count": 0, "uuid": "ea2479ceb9aa4b1a2178edaf761fb1890429cf23"}, "author": "20MINUTOS.ES", "url": "http://www.20minutos.es/noticia/2853210/0/japones-yoshinori-ohsumi-premio-nobel-medicina/", "ord_in_thread": 0, "title": "El japonés Yoshinori Ohsumi gana el premio Nobel de Medicina", "locations": [], "entities": {"persons": [], "locations": [], "organizations": []}, "highlightText": "", "language": "spanish", "persons": [], "text": "  20MINUTOS.ES. 03.10.2016 - 11:51h \nEl Premio Nobel Medicina o Fisiología 2016 ha sido otorgado a Yoshinori Oshumi \" por sus descubrimientos sobre los mecanismos de la autofagia \", según han anunciado este lunes los responsables del premio. \nEl científico japonés trabaja en un un procedimiento para degradar y reciclar componentes celulares , según anunció el Instituto Karolinska de Estocolmo, encargado del anuncio de este galardón. \nA esta categoría estaba nominado también el investigador español de la Universidad de Alicante Francis Mojica , gracias a sus investigaciones sobre los sistemas inmunológicos que poseen algunas bacterias y que son el origen de la tecnología CRISPR , que permitiría trasladar el sistema inmune de algunas bacterias a otros seres vivos, editando el ADN de ese mismo sistema inmune, programándolo para luchar contra determinadas amenazas. \nSin embargo, el científico español aún podría ser galardonado con un Nobel , pues también está nominado en la categoría de Química, que se falla este miércoles. \n( Más información en breve... )  //www.20minutos.es/noticia/2853210/0/japones-yoshinori-ohsumi-premio-nobel-medicina/   Minutecas relacionadas", "external_links": [], "published": "2016-10-03T17:51:00.000+03:00", "crawled": "2016-10-03T13:10:41.799+03:00", "highlightTitle": ""}