{"organizations": [], "uuid": "121f3d28e7e3a689ef0b05a30569e3dedf6d7b14", "thread": {"social": {"gplus": {"shares": 0}, "pinterest": {"shares": 0}, "vk": {"shares": 0}, "linkedin": {"shares": 0}, "facebook": {"likes": 0, "shares": 0, "comments": 0}, "stumbledupon": {"shares": 0}}, "site_full": "www.abc.es", "main_image": "http://www.abc.es/media/viajar/2016/10/03/puente-alcantara-ktPF--510x287@abc.JPG", "site_section": "", "section_title": "", "url": "http://www.abc.es/viajar/top/abci-puentes-romanos-y-medievales-mas-impresionantes-espana-201609301150_noticia.html", "country": "ES", "domain_rank": 1487, "title": "Los puentes romanos y medievales más impresionantes de España", "performance_score": 0, "site": "abc.es", "participants_count": 0, "title_full": "Los puentes romanos y medievales más impresionantes de España", "spam_score": 0.2, "site_type": "news", "published": "2016-10-03T16:50:00.000+03:00", "replies_count": 0, "uuid": "121f3d28e7e3a689ef0b05a30569e3dedf6d7b14"}, "author": "", "url": "http://www.abc.es/viajar/top/abci-puentes-romanos-y-medievales-mas-impresionantes-espana-201609301150_noticia.html", "ord_in_thread": 0, "title": "Los puentes romanos y medievales más impresionantes de España", "locations": [], "entities": {"persons": [], "locations": [], "organizations": []}, "highlightText": "", "language": "spanish", "persons": [], "text": "Los puentes romanos y medievales más impresionantes de España Maravillas con mucha historia que han sobrevivido al paso del tiempo y de las guerras Guardado en: Viajar , Top \nLos romanos fueron los primeros que se tomaron en serio lo de construir puentes y, tanto es así, que muchos han seguido utlizándose hasta nuestros dias como carreteras y solo en el ultimo siglo los han hecho peatonales. Algunos de romanos ya no conservan nada más que el nombre, ya que en realidad son medievales y «románicos». Estos son algunos de los más famosos. Alcántara, Cáceres \nMonumento Nacional. Procede de comienzos del siglo II. Ha estado en funcionamiento dos mil años. Tiene seis arcos y, en la mitad, el llamado Arco de Trajano (a quien está dedicado el puente). A la entrada, un templete romano con esta inscripcion: «Este puente durará mientras dure el mundo». A pesar de haber sido destruido en parte por los árabes en el XIII, en las guerras con Portugal en el XV, y en las de Sucesion en el XVIII, es el mejor conservado de todos los de España. Mérida, Badajoz ", "external_links": [], "published": "2016-10-03T16:50:00.000+03:00", "crawled": "2016-10-03T11:50:23.485+03:00", "highlightTitle": ""}