{"organizations": [], "uuid": "f7f613a137f816355c1760c10649e3d555835edc", "thread": {"social": {"gplus": {"shares": 0}, "pinterest": {"shares": 0}, "vk": {"shares": 0}, "linkedin": {"shares": 0}, "facebook": {"likes": 4, "shares": 4, "comments": 0}, "stumbledupon": {"shares": 0}}, "site_full": "informalia.eleconomista.es", "main_image": "http://s03.s3c.es/imag/_v0/770x420/3/b/a/600x400_fran-fiesta-770.jpg", "site_section": "http://www.ecodiario.es/rss/rss-flash-de-la-actualidad.php", "section_title": "Ecodiario Flash de la Actualidad", "url": "http://informalia.eleconomista.es/informalia/actualidad/noticias/7865113/10/16/El-pequeno-Nicolas-celebra-a-chupitos-la-dimision-de-Pedro-Sanchez.html", "country": "ES", "domain_rank": 3233, "title": "El pequeño Nicolás celebra a chupitos la dimisión de Pedro Sánchez", "performance_score": 0, "site": "eleconomista.es", "participants_count": 0, "title_full": "El pequeño Nicolás celebra a chupitos la dimisión de Pedro Sánchez", "spam_score": 0.0, "site_type": "news", "published": "2016-10-03T17:09:00.000+03:00", "replies_count": 0, "uuid": "f7f613a137f816355c1760c10649e3d555835edc"}, "author": "", "url": "http://informalia.eleconomista.es/informalia/actualidad/noticias/7865113/10/16/El-pequeno-Nicolas-celebra-a-chupitos-la-dimision-de-Pedro-Sanchez.html", "ord_in_thread": 0, "title": "El pequeño Nicolás celebra a chupitos la dimisión de Pedro Sánchez", "locations": [], "entities": {"persons": [], "locations": [], "organizations": []}, "highlightText": "", "language": "spanish", "persons": [], "text": "0 comentarios \nEste sábado el líder del PSOE anunciaba su dimisión en la sede del partido en Ferraz. En ese momento y a dos kilómetros de distancia, el pequeño Nicolás disfrutaba de un fiestón en la vivienda del humorista Jorge Cremades en el barrio madrileño de Malasaña. Una celebración en la que no faltaron chupitos, cánticos y bromas con el joven . \nEn la fiesta, bautizada como 'Dollar Cream', los invitados llevaban llevaban caretas del propio Cremades. Entre ellos, rostros televisivos de la talla de Uri Sabat, Ricardo Gómez, Carlotta Cosi o Joaquin Castellano fueron algunos de los famosos que se dejaron caer por la celebración. \nNo obstante, sin duda la presencia de Francisco Nicolás fue la más destacada de la juerga, incluso llegando a robar el protagonismo al organizador de la velada, según informa Europa Press. Y es que el joven bailó, bromeó y se lo pasó en grande. El momento álgido de la noche llegó cuando se dispuso a beber chupitos mientras todos los invitados le cantaban: \"Tiene Swing, tiene swag, el pequeño Nicolás\", convirtiéndose en el centro de atención. \nEl gran festejo terminó con la llegada de la Policía a la casa, alertados por los vecinos, quienes se quejaban del ruido. Organizador y asistentes esperaban este final, por lo que habilitaron un cerdito hucha para recolectar el dinero de la previsible multa. Una foto publicada por carlotta cosials ð (@carlottacosi) el 1 de Oct de 2016 a la(s) 1:07 PDT Una foto publicada por carlotta cosials ð (@carlottacosi) el 1 de Oct de 2016 a la(s) 11:24 PDT Un vídeo publicado por F R A N G U Z M Á N (@bowtieblue) el 1 de Oct de 2016 a la(s) 12:28 PDT Una foto publicada por Journalist ððºðªð¸ (@pinillaleticia) el 1 de Oct de 2016 a la(s) 6:36 PDT Noticias relacionadas", "external_links": [], "published": "2016-10-03T17:09:00.000+03:00", "crawled": "2016-10-03T12:39:14.261+03:00", "highlightTitle": ""}