{"organizations": [], "uuid": "993dc3568a3646c80a4f1b1c72f03d9cecc0c5aa", "thread": {"social": {"gplus": {"shares": 0}, "pinterest": {"shares": 0}, "vk": {"shares": 0}, "linkedin": {"shares": 0}, "facebook": {"likes": 0, "shares": 0, "comments": 0}, "stumbledupon": {"shares": 0}}, "site_full": "www.latercera.com", "main_image": "http://static.latercera.com/20161003/2337603_500.jpg", "site_section": "http://www.latercera.com/feed/manager?type=rss&sc=TEFURVJDRVJB", "section_title": "LA TERCERA", "url": "http://www.latercera.com/noticia/politica/2016/10/674-699149-9-crean-plataforma-para-limpiar-calles-y-reducir-costo-de-propaganda-electoral.shtml", "country": "CL", "domain_rank": 9654, "title": "Crean plataforma para limpiar calles y reducir costo de propaganda electoral", "performance_score": 0, "site": "latercera.com", "participants_count": 0, "title_full": "Crean plataforma para limpiar calles y reducir costo de propaganda electoral", "spam_score": 0.0, "site_type": "news", "published": "2016-10-04T01:25:00.000+03:00", "replies_count": 0, "uuid": "993dc3568a3646c80a4f1b1c72f03d9cecc0c5aa"}, "author": "", "url": "http://www.latercera.com/noticia/politica/2016/10/674-699149-9-crean-plataforma-para-limpiar-calles-y-reducir-costo-de-propaganda-electoral.shtml", "ord_in_thread": 0, "title": "Crean plataforma para limpiar calles y reducir costo de propaganda electoral", "locations": [], "entities": {"persons": [], "locations": [], "organizations": []}, "highlightText": "", "language": "spanish", "persons": [], "text": "-A +A La imagen que esperan cambiar los creadores de Propaganda Inteligente. Foto: Agencia Uno. \nCon el doble objetivo de reducir los gastos electorales y de limpiar las calles eliminando la propaganda tradicional, desde mediados de septiembre se encuentra disponible el portal Propaganda Inteligente . Esto, en la antesala de las elecciones municipales. \n¿Cómo funciona? Los candidatos interesados se inscriben gratis y crean una cuenta básica, la que incluye una foto, una biografía breve y una ficha donde revela sus propuestas en salud, educación, seguridad y cultura. \nEl creador de esta plataforma, Rubén Quezada, señaló que \"el proyecto nace como una solución tecnológica para el ciudadano que no quiere recibir propaganda invasiva, como afiches, exceso de papelería, llamados, correos... siendo esta una manera ideal de informarse respecto de los candidatos de su comuna, desde la comodidad de su computador o celular\". \nEl gasto electoral en las municipales 2012, alcanzó una cifra cercana a los 22 mil millones de pesos. En este contexto, el presidente del Directorio de la Fundación País Digital, Pelayo Covarrubias, manifestó que \"una de las grandes barreras de entrada existentes en la política es el gasto en que debe incurrir un candidato para darse a conocer. Hoy en día la digitalización permite de manera mucho más barata y eficiente que todos los postulantes puedan acceder a ella. Por lo tanto, las oportunidades que esto generará es que, por un lado, habrá más candidatos entregando mejores propuestas; y por otro, la ciudadanía obtendrá finalmente más información para poder votar bien\". \n“Todo lo que se realice respecto de la innovación tecnología en Chile es algo que nos urge implementar cuanto antes ya que todavía estamos tremendamente atrasados respecto al desarrollo digital globalizado. Y esa es justamente la genialidad de esta iniciativa, que ha generado una suerte de market place de la política, uniendo a candidatos con electores y democratizando los procesos de campaña\", afirmó a su turno el ex secretario ejecutivo de Estrategia Digital, Alfredo Barriga.", "external_links": [], "published": "2016-10-04T01:25:00.000+03:00", "crawled": "2016-10-03T20:21:32.464+03:00", "highlightTitle": ""}