{"organizations": [], "uuid": "4629c447fc6ff25baec167de20a130c48d82794b", "thread": {"social": {"gplus": {"shares": 0}, "pinterest": {"shares": 0}, "vk": {"shares": 0}, "linkedin": {"shares": 0}, "facebook": {"likes": 0, "shares": 0, "comments": 0}, "stumbledupon": {"shares": 0}}, "site_full": "www.elmundo.es", "main_image": "http://estaticos.elmundo.es/assets/multimedia/imagenes/2016/10/03/14754962691647.jpg", "site_section": "http://estaticos.elmundo.es/rss/cataluna.xml", "section_title": "Cataluña // elmundo", "url": "http://www.elmundo.es/cataluna/2016/10/03/57f24953e2704e5a318b45a4.html", "country": "ES", "domain_rank": 623, "title": "El PSC pide que los militantes decidan si se cambia el 'no' a Rajoy", "performance_score": 0, "site": "elmundo.es", "participants_count": 1, "title_full": "El PSC pide que los militantes decidan si se cambia el 'no' a Rajoy", "spam_score": 0.0, "site_type": "news", "published": "2016-10-03T20:04:00.000+03:00", "replies_count": 0, "uuid": "4629c447fc6ff25baec167de20a130c48d82794b"}, "author": "DANIEL G. SASTRE", "url": "http://www.elmundo.es/cataluna/2016/10/03/57f24953e2704e5a318b45a4.html", "ord_in_thread": 0, "title": "El PSC pide que los militantes decidan si se cambia el 'no' a Rajoy", "locations": [], "entities": {"persons": [], "locations": [], "organizations": []}, "highlightText": "", "language": "spanish", "persons": [], "text": "El PSC pide que los militantes decidan si se cambia el 'no' a Rajoy Àngel Ros y Miquel Iceta SANTI COGOLLUDO Twitter Barcelona 03/10/2016 14:04 \nEl PSC insiste en que el PSOE no debe abstenerse en el Congreso para facilitar la investidura de Mariano Rajoy. Es más: los socialistas catalanes pedirán a la gestora que, si se planteara esa opción, la decisión se tome mediante una votación de los militantes de toda España. \nInmerso en pleno periodo congresual, el PSC insiste en que no quiere que haya unas terceras elecciones generales , pero tampoco que los votos socialistas hagan -aunque sea por omisión- presidente a Rajoy. \n\"Hay otras alternativas diferentes a la del espacio socialista para la investidura, y ya se demostró en la composición de la Mesa del Congreso. Si Rajoy no lo consigue por estas vías, habría unas terceras elecciones\", ha dicho el presidente del partido, Àngel Ros. \nLos socialistas catalanes, ha recordado, apoyaban que Pedro Sánchez para liderar una \"alternativa de progreso\" con Podemos y otros partidos en el Gobierno de España, una opción que admiten que ha quedado descartada tras el convulso Comité Federal del PSOE del fin de semana. \nEl PSC cree que la gestora que ha tomado las riendas del PSOE no tiene potestad para cambiar la decisión de los órganos del partido de votar 'no' a la investidura de Rajoy. \"Nuestra posición sigue siendo no investir a Rajoy. No hay ningún motivo para apoyar esta investidura, y menos desde Cataluña, donde lo que hace falta es diálogo entre la Generalitat y el Gobierno de España para resolver la crisis institucional\", ha afirmado Ros. \nY ha agregado que espera \"convencer\" a la gestora de que \"cualquier cambio que se quisiera hacer hay que consultarlo a la militancia\". \"Si lo planteasen, se lo diríamos. El acuerdo con C's fue objeto de una consulta a la militancia . Es obvio que el voto para investir a un presidente del Gobierno tiene una improtancia social\", ha razonado el presidente del PSC y alcalde de Lleida. \nEl primer secretario del partido, Miquel Iceta, y la alcaldesa de Santa Coloma de Gramenet, Núria Parlon, se enfrentarán en primarias en unas semanas por el liderazgo del partido. Por esa razón el PSC ha pedido quedar fuera de la gestora del PSOE hasta después del congreso . Parlon ya ha dicho que si gana, y si el PSOE decide abstenerse en la investidura de Rajoy, pedirá a los diputados socialistas catalanes que no acaten esa postura. \nRos no ha querido entrar en esa polémica. \"En un tiempo congresual hay opiniones de todos los líderes. Distinguimos opiniones de posicionamientos firmes. Ninguna opinión constituye cuerpo de doctrina\", ha dicho sobre las palabras de Parlon. Noticias relacionadas", "external_links": [], "published": "2016-10-03T20:04:00.000+03:00", "crawled": "2016-10-03T19:40:54.544+03:00", "highlightTitle": ""}