{"organizations": [], "uuid": "6e715f81141f2665221802189e3a578674943b55", "thread": {"social": {"gplus": {"shares": 0}, "pinterest": {"shares": 0}, "vk": {"shares": 0}, "linkedin": {"shares": 5}, "facebook": {"likes": 19, "shares": 19, "comments": 0}, "stumbledupon": {"shares": 0}}, "site_full": "www.eluniverso.com", "main_image": "http://www.eluniverso.com/sites/all/themes/eluniverso/images/eu-imagen-redes.jpg", "site_section": "http://www.eluniverso.com/rss/economia.xml", "section_title": "ELUNIVERSO.COM - Economía", "url": "http://www.eluniverso.com/noticias/2016/10/01/nota/5829997/balanza-comercial-mejora-caida-importaciones", "country": "US", "domain_rank": 1753, "title": "Balanza comercial mejora por caída en importaciones", "performance_score": 0, "site": "eluniverso.com", "participants_count": 0, "title_full": "Balanza comercial mejora por caída en importaciones", "spam_score": 0.0, "site_type": "news", "published": "2016-10-01T13:00:00.000+03:00", "replies_count": 0, "uuid": "6e715f81141f2665221802189e3a578674943b55"}, "author": "", "url": "http://www.eluniverso.com/noticias/2016/10/01/nota/5829997/balanza-comercial-mejora-caida-importaciones", "ord_in_thread": 0, "title": "Balanza comercial mejora por caída en importaciones", "locations": [], "entities": {"persons": [], "locations": [], "organizations": []}, "highlightText": "", "language": "spanish", "persons": [], "text": "Sábado, 1 de octubre, 2016 Balanza comercial mejora por caída en importaciones Quito \nLas importaciones realizadas desde Ecuador cayeron en un 34,17% al comparar el periodo enero-julio de 2016 con iguales meses del año pasado. Estas compras pasaron de $ 12.767,57 millones a $ 8.404,5 millones. Y esa contracción contribuye a que la balanza comercial sea positiva: $ 963,7 millones, en 2015 estaba en números rojos ($ -1.429,64 millones). Son datos del último reporte del Banco Central del Ecuador. \nLas exportaciones también cayeron pero menos: 17,37%. En 2015 se vendieron $ 11.337,93 millones en esos siete meses del año pasado, en este se van exportando $ 9.368,28 millones. \nPara el director ejecutivo de Fedexpor, Daniel Legarda, la balanza comercial positiva deja un mal sabor, pues el resultado es por restricción de importaciones y no por más exportaciones, que sería lo más sano y dejaría más divisas. Asegura que la caída de importaciones se ubica de manera importante en materias primas y bienes de capital, estrechamente ligados a la producción e industria. \nEfectivamente, los datos del Central muestran que la baja más importante, después de la importación de combustibles ($ 1.235 millones menos) es en materias primas, una caída de $ 1.218,5 millones. Siguen bienes de capital y de consumo. \nLegarda explica las caídas por la baja de la actividad económica, dentro de la cual las salvaguardias también han sido un desincentivo. Reconoce que la apreciación del dólar ha frenado la competitividad, pero dice que no se ha cumplido con pagar el drawback a los exportadores y que el Gobierno mantiene una deuda de $ 180 millones a $ 200 millones; que solo una parte se ha pagado al sector atunero, por el terremoto. (I)", "external_links": [], "published": "2016-10-01T13:00:00.000+03:00", "crawled": "2016-10-01T09:59:36.687+03:00", "highlightTitle": ""}