{"organizations": [], "uuid": "b2fb60556a313aec598f97b06ffc9c2d37a2cb7e", "thread": {"social": {"gplus": {"shares": 0}, "pinterest": {"shares": 0}, "vk": {"shares": 0}, "linkedin": {"shares": 0}, "facebook": {"likes": 527, "shares": 527, "comments": 0}, "stumbledupon": {"shares": 0}}, "site_full": "www.biobiochile.cl", "main_image": "http://media.biobiochile.cl/wp-content/uploads/2016/09/explotacion-sexual.jpg", "site_section": "", "section_title": "", "url": "http://www.biobiochile.cl/noticias/nacional/region-de-los-lagos/2016/09/30/puerto-montt-lidera-los-casos-de-explotacion-sexual-infantil-en-la-region-de-los-lagos.shtml", "country": "US", "domain_rank": 759, "title": "Puerto Montt lidera los casos de explotación sexual infantil en la región de Los Lagos", "performance_score": 5, "site": "biobiochile.cl", "participants_count": 0, "title_full": "Puerto Montt lidera los casos de explotación sexual infantil en la región de Los Lagos", "spam_score": 0.233, "site_type": "news", "published": "2016-10-01T05:22:00.000+03:00", "replies_count": 0, "uuid": "b2fb60556a313aec598f97b06ffc9c2d37a2cb7e"}, "author": "Biobiochile - La Red De Prensa M S Grande De Chile.", "url": "http://www.biobiochile.cl/noticias/nacional/region-de-los-lagos/2016/09/30/puerto-montt-lidera-los-casos-de-explotacion-sexual-infantil-en-la-region-de-los-lagos.shtml", "ord_in_thread": 0, "title": "Puerto Montt lidera los casos de explotación sexual infantil en la región de Los Lagos", "locations": [], "entities": {"persons": [], "locations": [], "organizations": []}, "highlightText": "", "language": "spanish", "persons": [], "text": "Puerto Montt lidera los casos de explotación sexual infantil en la región de Los Lagos 0 Visitas Nicole Briones \nFue en el lanzamiento de la campaña de prevención de comercio sexual con personas menores de 18 años , donde se revelaron los datos, en la que la capital de la región de Los Lagos figura con la mayor cantidad de casos. \nNancy Conde, directora regional del programa especializado de explotación infantil, expresó que Puerto Montt y Calbuco lideran la lista con casos en la que niños fueron vulnerados en sus derechos. ", "external_links": [], "published": "2016-10-01T05:22:00.000+03:00", "crawled": "2016-10-01T05:33:22.362+03:00", "highlightTitle": ""}