{"organizations": [], "uuid": "a09306bf17f116fe157f54e6670ce656d3a06f0d", "thread": {"social": {"gplus": {"shares": 0}, "pinterest": {"shares": 0}, "vk": {"shares": 0}, "linkedin": {"shares": 0}, "facebook": {"likes": 4, "shares": 4, "comments": 6}, "stumbledupon": {"shares": 0}}, "site_full": "www.el-nacional.com", "main_image": "", "site_section": "http://www.el-nacional.com/politica/", "section_title": "El Nacional - Política", "url": "http://www.el-nacional.com/politica/Ramos-Allup-asamblea-ciudadanos-Zulia_0_931107130.html", "country": "US", "domain_rank": 1868, "title": "Ramos Allup: Oficialistas intentaron sabotear asamblea de ciudadanos en Zulia", "performance_score": 0, "site": "el-nacional.com", "participants_count": 9, "title_full": "Ramos Allup: Oficialistas intentaron sabotear asamblea de ciudadanos en Zulia", "spam_score": 0.791, "site_type": "news", "published": "2016-10-01T04:29:00.000+03:00", "replies_count": 8, "uuid": "a09306bf17f116fe157f54e6670ce656d3a06f0d"}, "author": "el-nacional.com", "url": "http://www.el-nacional.com/politica/Ramos-Allup-asamblea-ciudadanos-Zulia_0_931107130.html", "ord_in_thread": 0, "title": "Ramos Allup: Oficialistas intentaron sabotear asamblea de ciudadanos en Zulia", "locations": [], "entities": {"persons": [], "locations": [], "organizations": []}, "highlightText": "", "language": "spanish", "persons": [], "text": "Henry Ramos Allup, presidente de la Asamblea Nacional, denunció la noche de este viernes que los oficialistas intentaron sabotear una asamblea de ciudadanos organizada en Zulia, sobre la llamada “Toma de Maracaibo”.\nEl servicio eléctrico fue interrumpido durante su intervención pública.\n“Estas son las vagabundearías del gobierno, creen que así se van a salvar. A quienes se les apago la luz fue a ellos y desde hace rato”, escribió el parlamentario a través de su cuenta en la red social Twitter.\nRamos Allup incluso compartió un video en que se evidencia la situación.\nEstas son las vagabundearías del gobierno, creen que así se van a salvar. A quienes se les apago la luz fue a ellos y desde hace rato. pic.twitter.com/IGdQ7RnGeT\n— Henry Ramos Allup (@hramosallup) 30 de septiembre de 2016", "external_links": ["https://platform.twitter.com/widgets.js", "https://twitter.com/hramosallup/status/781670207534301184", "https://t.co/IGdQ7RnGeT"], "published": "2016-10-01T04:29:00.000+03:00", "crawled": "2016-10-01T16:21:49.837+03:00", "highlightTitle": ""}