{"organizations": [], "uuid": "d6f9e84463d5850c3c5a7d79d550ea47c39965fb", "thread": {"social": {"gplus": {"shares": 0}, "pinterest": {"shares": 0}, "vk": {"shares": 0}, "linkedin": {"shares": 0}, "facebook": {"likes": 0, "shares": 0, "comments": 0}, "stumbledupon": {"shares": 0}}, "site_full": "misionesonline.net", "main_image": "http://static0.misionesonline.net/wp-content/uploads/2016/10/dos-detenidos-o8mtuenpkos0.jpg", "site_section": "http://misionesonline.net/feed/", "section_title": "MisionesOnlineMisionesOnline", "url": "http://misionesonline.net/2016/10/03/matrimonio-de-eldorado-sorprendio-a-dos-ladrones-en-su-casa-y-no-dudo-en-capturarlos/", "country": "US", "domain_rank": 7143, "title": "Matrimonio de Eldorado sorprendió a dos ladrones en su casa y no dudó en capturarlos", "performance_score": 0, "site": "misionesonline.net", "participants_count": 0, "title_full": "Matrimonio de Eldorado sorprendió a dos ladrones en su casa y no dudó en capturarlos", "spam_score": 0.0, "site_type": "news", "published": "2016-10-03T21:24:00.000+03:00", "replies_count": 0, "uuid": "d6f9e84463d5850c3c5a7d79d550ea47c39965fb"}, "author": "", "url": "http://misionesonline.net/2016/10/03/matrimonio-de-eldorado-sorprendio-a-dos-ladrones-en-su-casa-y-no-dudo-en-capturarlos/", "ord_in_thread": 0, "title": "Matrimonio de Eldorado sorprendió a dos ladrones en su casa y no dudó en capturarlos", "locations": [], "entities": {"persons": [], "locations": [], "organizations": []}, "highlightText": "", "language": "spanish", "persons": [], "text": "Rastreo satelital permitió la detención de un presunto motochorro \nUn matrimonio de Eldorado capturó a los dos ladrones que habían entrado a robar a su residencia del Kilómetro Siete. A uno lo persiguieron e inmovilizaron. Al otro lo encontraron escondido en la residencia. El hecho sucedió ayer por la mañana en una vivienda de la calle Grecia. Mirta Galeano y su marido José Meza habían salido. Cuando regresaron, notaron que alguien había roto la reja del garaje y de inmediato sospecharon que los amigos de lo ajeno habían atacado la casa. Apenas entraron se toparon cara a cara con un jovencito, al que conocen con el apodo de “Pollito”, quien luego de forcejar con ambos, logró zafar y salió corriendo. Pero el adolescente no se esperaba lo que venía a continuación. El matrimonio salió disparado tras él y lo atrapó a corta distancia de la casa. De inmediato lo inmovilizó. La pareja revisó su vivienda para ver qué habían alcanzado a tomar los ladrones y grande fue la sorpresa cuando se topó con otro de los criminales, Emanuel B., escondido detrás de unos colchones. El joven no tuvo tiempo a nada. Fue reducido en cuestión de segundos por Mirta y José. Entonces la mujer avisó a la comisaría Primera lo que había pasado y un patrullero fue a buscar a los ladrones. En la casa, los efectivos decomisaron una herramienta para cortar metal, un abrigo y un gorro.", "external_links": [], "published": "2016-10-03T21:24:00.000+03:00", "crawled": "2016-10-03T16:32:50.889+03:00", "highlightTitle": ""}