{"organizations": [], "uuid": "496226d440983b8eb546d6770435b837858dae30", "thread": {"social": {"gplus": {"shares": 0}, "pinterest": {"shares": 0}, "vk": {"shares": 0}, "linkedin": {"shares": 0}, "facebook": {"likes": 2, "shares": 2, "comments": 0}, "stumbledupon": {"shares": 0}}, "site_full": "www.biobiochile.cl", "main_image": "http://media.biobiochile.cl/wp-content/uploads/2016/09/fhd004mgl_lacey_chabert_008-730x350.jpg", "site_section": "", "section_title": "", "url": "http://www.biobiochile.cl/noticias/espectaculos-y-tv/notas-espectaculos-tv/2016/09/30/gretchen-de-chicas-pesadas-hoy-se-luce-en-peliculas-romanticas-de-navidad.shtml", "country": "US", "domain_rank": 759, "title": "“Gretchen” de Chicas Pesadas hoy se luce en pelĂ­culas romĂĄnticas de navidad", "performance_score": 0, "site": "biobiochile.cl", "participants_count": 0, "title_full": "“Gretchen” de Chicas Pesadas hoy se luce en pelĂ­culas romĂĄnticas de navidad", "spam_score": 0.189, "site_type": "news", "published": "2016-10-01T06:59:00.000+03:00", "replies_count": 0, "uuid": "496226d440983b8eb546d6770435b837858dae30"}, "author": "Biobiochile - La Red De Prensa M", "url": "http://www.biobiochile.cl/noticias/espectaculos-y-tv/notas-espectaculos-tv/2016/09/30/gretchen-de-chicas-pesadas-hoy-se-luce-en-peliculas-romanticas-de-navidad.shtml", "ord_in_thread": 0, "title": "“Gretchen” de Chicas Pesadas hoy se luce en pelĂ­culas romĂĄnticas de navidad", "locations": [], "entities": {"persons": [], "locations": [], "organizations": []}, "highlightText": "", "language": "spanish", "persons": [], "text": "“Gretchen” de Chicas Pesadas hoy se luce en pelĂ­culas romĂĄnticas de navidad 0 Visitas Bernardita Villa \nChicas Pesadas marcĂł a una generaciĂłn completa que la convirtiĂł en una de sus pelĂ­culas favoritas. Estrenada en 2004, hoy es vista como un clĂĄsico del cine adolescente. \nEl filme era protagonizado por jĂłvenes actrices que con el tiempo seÂ convirtieron en grandes estrellas de Hollywood, alabadas por la crĂ­tica e incluso nominadas a los premios Oscars. \nLa historia de Lindsay Lohan, Rachel McAdams Â y Amanda Seyfried ya es conocida, pero ÂżquĂŠ fue de Gretchen, la leal amiga de Regina (McAdams) e integrante de “las plĂĄsticas”?. A photo posted by Lacey Chabert (@thereallacey) on Sep 30, 2015 at 7:33pm PDT \nLo primero que se debes saber es que el rol fue interpretado por actriz Lacey Chaber. Si bien el rostro de Chaber no era conocido en la industria, su voz era muy famosa. \nLacey, hoy de 34 aĂąos, Â comenzĂł su carrera prestando la voz para diversas producciones infantiles, entre las que destacan Hey Arnold, Balto y Los salvajesÂ Thornberry. \nA diferencia del resto de las “plĂĄsticas”, Lacey no logrĂł alcanzar la misma fama, aunque trabajo jamĂĄs le faltĂł. No sĂłlo siguiĂł haciendo voces, sino que tambiĂŠn se convirtiĂł en la estrella de las pelĂ­culas romĂĄnticas de Hallmark Channel, especialmente esas de navidad. AdemĂĄs interpretĂł a Sandra en Los fantasmas de mi ex, protagonizada por Jennifer Garner yÂ Matthew McConaughey. tUMBLR \nCada aĂąo apareceÂ enÂ al menos dos producciones esperanzadoras y navideĂąasÂ durante las festividades, las que siempre son bien recibidas por los televidentes. \nEn 2014 la actriz contrajo matrimonio con su novio Dave Nehdar y a principios de septiembre se convirtiĂł en madre de una niĂąa, lo que no la podrĂ­a tener mĂĄs contenta.} 2004 -2015 A photo posted by Lacey Chabert (@thereallacey) on Sep 23, 2015 at 2:21pm PDT A photo posted by Lacey Chabert (@thereallacey) on Sep 20, 2015 at 1:11pm PDT A photo posted by Lacey Chabert (@thereallacey) on Jul 9, 2015 at 6:32pm PDT A photo posted by Lacey Chabert (@thereallacey) on Jun 6, 2015 at 11:46am PDT \nA photo posted by Lacey Chabert (@thereallacey) on Aug 3, 2016 at 11:48am PDT A photo posted by Lacey Chabert (@thereallacey) on Jun 23, 2016 at 12:24pm PDT A photo posted by Lacey Chabert (@thereallacey) on May 7, 2016 at 8:34am PDT \nA photo posted by Lacey Chabert (@thereallacey) on Sep 12, 2016 at 3:18pm PDT A photo posted by Lacey Chabert (@thereallacey) on Sep 16, 2016 at 8:59am PDT \n", "external_links": [], "published": "2016-10-01T06:59:00.000+03:00", "crawled": "2016-10-01T05:38:10.504+03:00", "highlightTitle": ""}