{"organizations": [], "uuid": "6c4770a94f9cd6ae19a897e5ee27d485411b650e", "thread": {"social": {"gplus": {"shares": 0}, "pinterest": {"shares": 0}, "vk": {"shares": 0}, "linkedin": {"shares": 0}, "facebook": {"likes": 0, "shares": 0, "comments": 0}, "stumbledupon": {"shares": 0}}, "site_full": "www.elnuevodiario.com.ni", "main_image": "http://endimages.s3.amazonaws.com/news/9e639a4288ec11e6a13e0eb04a1bba78.jpg", "site_section": "http://www.elnuevodiario.com.ni/rss/", "section_title": "Noticias - El Nuevo Diario", "url": "http://www.elnuevodiario.com.ni/internacionales/406124-papa-dice-que-catolicos-eeuu-puede-ser-dificil-ele/", "country": "NI", "domain_rank": 8067, "title": "El papa dice que para católicos EEUU puede ser difícil elegir Clinton o Trump - El Nuevo Diario", "performance_score": 0, "site": "elnuevodiario.com.ni", "participants_count": 0, "title_full": "El papa dice que para católicos EEUU puede ser difícil elegir Clinton o Trump - El Nuevo Diario", "spam_score": 0.0, "site_type": "news", "published": "2016-10-03T06:05:00.000+03:00", "replies_count": 0, "uuid": "6c4770a94f9cd6ae19a897e5ee27d485411b650e"}, "author": "", "url": "http://www.elnuevodiario.com.ni/internacionales/406124-papa-dice-que-catolicos-eeuu-puede-ser-dificil-ele/", "ord_in_thread": 0, "title": "El papa dice que para católicos EEUU puede ser difícil elegir Clinton o Trump - El Nuevo Diario", "locations": [], "entities": {"persons": [], "locations": [], "organizations": []}, "highlightText": "", "language": "spanish", "persons": [], "text": "| EFE \nEl papa Francisco afirmó que para un católico de Estados Unidos puede ser difícil elegir entre los dos candidatos a las elecciones presidenciales la demócrata Hillary Clinton y el republicano Donald Trump, en la rueda de prensa en el avión de regreso desde Azerbaiyán. Uno de los 70 periodistas, entre ellos EFE, que viajan con el papa desde Bakú, hizo notar al papa que ambos candidatos son favorables o al divorcio o al aborto y le preguntó a quién podría votar entonces un católico. \n\"Una elección difícil para los católicos porque como me dice hay algunas dificultades en uno y en otro candidato\", añadió. \nEn desarrollo", "external_links": [], "published": "2016-10-03T06:05:00.000+03:00", "crawled": "2016-10-03T01:17:36.643+03:00", "highlightTitle": ""}