{"organizations": [], "uuid": "de19b2ec1ce8926dfce3fb8ccc2ed8a771b43561", "thread": {"social": {"gplus": {"shares": 0}, "pinterest": {"shares": 0}, "vk": {"shares": 0}, "linkedin": {"shares": 0}, "facebook": {"likes": 0, "shares": 0, "comments": 0}, "stumbledupon": {"shares": 0}}, "site_full": "www.eleconomista.es", "main_image": "http://s03.s3c.es/imag3/logos/economista/bg-ee-facebook.jpg", "site_section": "http://www.eleconomista.es/rss/rss-espania.php", "section_title": "elEconomista  Seleccion", "url": "http://www.eleconomista.es/espana/noticias/7863358/10/16/Fallece-un-motorista-de-26-anos-en-Mazaricos-A-Coruna-tras-chocar-contra-un-caballo.html", "country": "ES", "domain_rank": 3233, "title": "Fallece un motorista de 26 años en Mazaricos (A Coruña) tras chocar contra un caballo", "performance_score": 0, "site": "eleconomista.es", "participants_count": 0, "title_full": "Fallece un motorista de 26 años en Mazaricos (A Coruña) tras chocar contra un caballo", "spam_score": 0.0, "site_type": "news", "published": "2016-10-02T01:20:00.000+03:00", "replies_count": 0, "uuid": "de19b2ec1ce8926dfce3fb8ccc2ed8a771b43561"}, "author": "", "url": "http://www.eleconomista.es/espana/noticias/7863358/10/16/Fallece-un-motorista-de-26-anos-en-Mazaricos-A-Coruna-tras-chocar-contra-un-caballo.html", "ord_in_thread": 0, "title": "Fallece un motorista de 26 años en Mazaricos (A Coruña) tras chocar contra un caballo", "locations": [], "entities": {"persons": [], "locations": [], "organizations": []}, "highlightText": "", "language": "spanish", "persons": [], "text": "La Mesa del Comité Federal no admite las firmas para la moción de censura 19:16 Ecodiario.es - Flash\nLa Mesa del Comité Federal no ha admitido las firmas que piden plantear una moción de censura contra Pedro Sánchez por dos votos a uno. … EN DIRECTO | Reunión decisiva del Comité Federal del PSOE 19:16 Ecodiario.es - Política\nLa Mesa del Comité Federal no ha admitido las firmas que piden plantear una moción de censura contra Pedro Sánchez por dos votos a uno. … Ya es oficial: Cesare Prandelli, nuevo entrenador del Valencia 19:11 Ecodiario.es - Fútbol\nEl Valencia ha hecho oficial este sábado la contratación del italiano Cesare Prandelli como nuevo entrenador ché hasta junio de 2018. Enrique Martín, entrenador de Osasuna, abandona el partido ante Las Palmas por … 19:03 Ecodiario.es - Fútbol\nEl entrenador de Osasuna, Enrique Martín Monreal, ha tenido que abandonar el encuentro perteneciente a la séptima jornada de LaLiga … Los críticos del PSOE recogen firmas para una moción de censura contra Pedro … 18:49 Ecodiario.es - Flash\nLos críticos del PSOE están recogiendo firmas para sacar adelante una moción de censura contra Pedro Sánchez en medio de la suspensión … Pérez Tapias: \"El PSOE ahora mismo está roto por completo y no veo solución\" 18:48 Ecodiario.es - Política\nEl líder de Izquierda Socialista y miembro del Comité Federal del PSOE, José Antonio Pérez Tapias, se ha marchado del Comité General … La oferta multimillonaria que rechazó Ibrahimovic de la Liga china 18:47 Ecodiario.es - Fútbol\nZlatan Ibrahimovic sigue llamando la atención en el mundo del fútbol. El delantero sueco firmó este pasado verano por el Manchester United … Polémica con el boxeador Tyson Fury: da positivo por cocaína y se compara con … 18:34 Ecodiario.es - Otros deportes\nTyson Fury, campeón mundial del peso pesado, ha dado positivo de cocaína en el control realizado el pasado 22 de septiembre, según ha … Pérez Tapias afirma que los críticos plantean una moción de censura contra … 18:31 Ecodiario.es - Flash\nLa fórmula de votación, si abierta o secreta, ha sido la última excusa para que la batalla del PSOE siga al borde del abismo. Con la … Pérez Tapias afirma que los críticos plantean una moción de censura contra … 18:30 Ecodiario.es - Flash\nLa fórmula de votación, si abierta o secreta, ha sido la última excusa para que la batalla del PSOE siga al borde del abismo. Con la …", "external_links": [], "published": "2016-10-02T01:20:00.000+03:00", "crawled": "2016-10-01T20:28:17.789+03:00", "highlightTitle": ""}