{"organizations": [], "uuid": "b731ce78dd88ae3965b80fc0f5b1e0ca3892726f", "thread": {"social": {"gplus": {"shares": 0}, "pinterest": {"shares": 0}, "vk": {"shares": 0}, "linkedin": {"shares": 0}, "facebook": {"likes": 0, "shares": 0, "comments": 0}, "stumbledupon": {"shares": 0}}, "site_full": "www.eleconomista.es", "main_image": "http://s03.s3c.es/imag3/logos/economista/bg-ee-facebook.jpg", "site_section": "http://www.eleconomista.es/rss/rss-espania.php", "section_title": "elEconomista  Seleccion", "url": "http://www.eleconomista.es/espana/noticias/7863285/10/16/Bankia-apoya-con-9500-euros-el-proyecto-de-agricultura-ecologica-del-Centro-Especial-de-Empleo-Gardeniers.html", "country": "ES", "domain_rank": 3233, "title": "Bankia apoya con 9.500 euros el proyecto de agricultura ecológica del Centro Especial de Empleo Gardeniers", "performance_score": 0, "site": "eleconomista.es", "participants_count": 0, "title_full": "Bankia apoya con 9.500 euros el proyecto de agricultura ecológica del Centro Especial de Empleo Gardeniers", "spam_score": 0.0, "site_type": "news", "published": "2016-10-02T00:12:00.000+03:00", "replies_count": 0, "uuid": "b731ce78dd88ae3965b80fc0f5b1e0ca3892726f"}, "author": "", "url": "http://www.eleconomista.es/espana/noticias/7863285/10/16/Bankia-apoya-con-9500-euros-el-proyecto-de-agricultura-ecologica-del-Centro-Especial-de-Empleo-Gardeniers.html", "ord_in_thread": 0, "title": "Bankia apoya con 9.500 euros el proyecto de agricultura ecológica del Centro Especial de Empleo Gardeniers", "locations": [], "entities": {"persons": [], "locations": [], "organizations": []}, "highlightText": "", "language": "spanish", "persons": [], "text": "Bankia apoya con 9.500 euros el proyecto de agricultura ecológica del Centro Especial de Empleo Gardeniers 1/10/2016 - 18:12 \nBankia ha decidido apoyar a la Asociación Tutelar Asistencial de Discapacitados Intelectuales (Atades) aportando 9.585,20 euros a su programa de integración socio-laboral del Centro Especial de Empleo Gardeniers. \nZARAGOZA, 1 (EUROPA PRESS) \nLa finalidad de este proyecto es la inserción laboral de personas con discapacidad intelectual a través de la agricultura ecológica y la jardinería. El apoyo prestado por la entidad financiera se ha plasmado en un convenio suscrito por el presidente de Atades, Jesús Soto, y el director de zona de Aragón y Navarra de Bankia, Luis Alberto Vitón González. \nCon esta dotación económica, Atades y Bankia pondrán en marcha la formación específica para el manipulado y el envasado de las verduras ecológicas que se cultivan en el huerto del Centro Ciudad Residencial Sonsoles ubicado en Alagón, así como la inserción laboral de trabajadores con discapacidad. Con estas enseñanzas se mejoran y amplían las condiciones formativas de los trabajadores. \nAtades suministra verdura ecológica, cortada y limpia, a un total de 25 colegios de Zaragoza, los centros Ciudad Residencial Sonsoles, Santo Ángel, Integra, y los colegios San Antonio y San Martín de Porres de Atades. \nEsta colaboración potenciará las posibilidades de acceder al empleo de profesionales con discapacidad. El área de agricultura del Centro Especial de Empleo Gardeniers cuenta con 17 trabajadores, el 80 por ciento con diferentes tipos de capacidades y cultivan 22 hectáreas de superficie con todo tipo de verduras y frutas certificadas por el Comité Aragonés de Agricultura Ecológica (CAAE), respetando el calendario de temporada. \nGardeniers engloba el trabajo de personas con discapacidad intelectual, técnicos especializados en actividad agroindustrial, y pequeños agricultores promovido por Atades. \nEn Gardeniers se cuida con mimo y cariño los cultivos ecológicos ubicados en el Ciudad Residencial Sonsoles de Atades, un entorno privilegiado en plena huerta del río Ebro regado por las aguas del río Jalón y el Canal Imperial de Aragón, y en San Mateo de Gállego donde el río Gállego, afluente de la margen izquierda del río Ebro, proporciona una zona de cultivo rica y variada. \n1.500 PERSONAS CON DISCAPACIDAD \nAtades, Asociación Asistencial Tutelar de Discapacitados Intelectuales, atiende a un total de 1.500 personas con discapacidad durante todo su ciclo vital en la comunidad autónoma de Aragón. \nCuenta con dos colegios de educación especial, cuatro centros residenciales, ocupacionales y de día, tres centros especiales de empleo, un club de ocio y tiempo libre y un centro de atención temprana y postemprana. \nEntre sus servicios para personas con discapacidad intelectual y sus familias cuenta con asesoría jurídica, psicológica, inserción laboral, programa de Respiro Familiar, la Unidad de Atención a Víctimas con Discapacidad Intelectual Aragón (UAVDI Aragón) y la Fundación Aragonesa Tutelar (FUNDAT). \nLa inversión de Bankia en integración laboral de personas con discapacidad se deriva de los fondos contemplados dentro de las medidas alternativas de la Ley General de Discapacidad. \nBankia se ha esforzado por repartir su inversión entre ONG de toda España y colabora este año con más de 37 entidades sociales distribuidas por todo el territorio nacional. PUBLICIDAD", "external_links": [], "published": "2016-10-02T00:12:00.000+03:00", "crawled": "2016-10-01T19:41:41.487+03:00", "highlightTitle": ""}