{"organizations": [], "uuid": "0b69aada3ad16ff14bf12ca08c829c1f4a8eca99", "thread": {"social": {"gplus": {"shares": 0}, "pinterest": {"shares": 0}, "vk": {"shares": 0}, "linkedin": {"shares": 0}, "facebook": {"likes": 0, "shares": 0, "comments": 0}, "stumbledupon": {"shares": 0}}, "site_full": "www.meneame.net", "main_image": "//mnmstatic.net/img/mnm/logo-350x350.png", "site_section": "http://www.meneame.net/rss?status=queued", "section_title": "Menéame: en cola", "url": "https://www.meneame.net/m/actualidad/no-falte-vino-gran-bretana-reclamara-parte-bodega-ue", "country": "IE", "domain_rank": 8316, "title": "¡Que no falte vino!, Gran Bretaña reclamará su parte de la bodega de la UE", "performance_score": 0, "site": "meneame.net", "participants_count": 1, "title_full": "¡Que no falte vino!, Gran Bretaña reclamará su parte de la bodega de la UE", "spam_score": 0.0, "site_type": "news", "published": "2016-10-03T19:57:00.000+03:00", "replies_count": 0, "uuid": "0b69aada3ad16ff14bf12ca08c829c1f4a8eca99"}, "author": "gobolino", "url": "https://www.meneame.net/m/actualidad/no-falte-vino-gran-bretana-reclamara-parte-bodega-ue", "ord_in_thread": 0, "title": "¡Que no falte vino!, Gran Bretaña reclamará su parte de la bodega de la UE", "locations": [], "entities": {"persons": [], "locations": [], "organizations": []}, "highlightText": "", "language": "spanish", "persons": [], "text": "* cocopino. #6 Lo de que GB coja su parte es lo de menos. Lo principal es la propia existencia de la bodega. ¿Para qué cojones necesita la UE 42000 botellas de vino? ¿Por qué mierda tenemos que pagar impuestos para que se acaben gastando en eso? votos: 1 karma: 19 Autentifícate si deseas escribir comentarios. O crea tu cuenta aquí. \nmenéame", "external_links": [], "published": "2016-10-03T19:57:00.000+03:00", "crawled": "2016-10-03T15:11:48.295+03:00", "highlightTitle": ""}