{"organizations": [], "uuid": "057b69e2cfaa38be41c849a754bb7e3fd9e61f40", "thread": {"social": {"gplus": {"shares": 0}, "pinterest": {"shares": 0}, "vk": {"shares": 0}, "linkedin": {"shares": 0}, "facebook": {"likes": 0, "shares": 0, "comments": 0}, "stumbledupon": {"shares": 0}}, "site_full": "sevilla.abc.es", "main_image": "http://sevilla.abc.es/media/MM/2016/10/03/garroypazBCN37_xoptimizadax.jpg", "site_section": "", "section_title": "", "url": "http://sevilla.abc.es/cultura/abci-papeles-octavio-archivo-guerra-20757499312-20161003120441_galeria.html", "country": "US", "domain_rank": 1487, "title": "Lee los papeles de Octavio Paz en el Archivo de la Guerra Civil", "performance_score": 0, "site": "abc.es", "participants_count": 0, "title_full": "Lee los papeles de Octavio Paz en el Archivo de la Guerra Civil", "spam_score": 0.014, "site_type": "news", "published": "2016-10-03T08:00:00.000+03:00", "replies_count": 0, "uuid": "057b69e2cfaa38be41c849a754bb7e3fd9e61f40"}, "author": "", "url": "http://sevilla.abc.es/cultura/abci-papeles-octavio-archivo-guerra-20757499312-20161003120441_galeria.html", "ord_in_thread": 0, "title": "Lee los papeles de Octavio Paz en el Archivo de la Guerra Civil", "locations": [], "entities": {"persons": [], "locations": [], "organizations": []}, "highlightText": "", "language": "spanish", "persons": [], "text": "Gente & Estilo Lee los papeles de Octavio Paz en el Archivo de la Guerra Civil Poemas y permisos, más las huellas de su paso por la frontera, entre la documentación relativa al Congreso de Escritores Antifascistas en el que participó con 23 años 1 de 22 Foto tomada en Barcelona en 1937, de Octavio Paz y Elena Garro, su joven esposa Comparta esta imagen 2 de 22 Portada de la lista de movimientos en la frontera de Port-Bou el 4 de julio, día de entrada de Neruda, Carpentier, Paz, Guillén... Comparta esta imagen 3 de 22 Primera hoja de la lista. Desde Ricardo Reyes (nombre real de Pablo Neruda) hasta Elena Garro, muchos escritores figuran en ella Comparta esta imagen Palabras sobre el congreso de José Mancisidor, jefe de la delegación mexicana Comparta esta imagen Mancisidor y Silvestre no pudieron radiar sus textos porque este permiso llegó tarde Comparta esta imagen La burocracia de la Guerra obliga a permisos cuatriplicados para cada cosa Comparta esta imagen Alocución radiada de Octavio Paz (I) Comparta esta imagen Alocución radiada de Octavio Paz (y II) Comparta esta imagen Permiso para la alocución de Octavio Paz del 16 de Septiembre Comparta esta imagen Poema de Paz radiado el mismo día Comparta esta imagen ", "external_links": [], "published": "2016-10-03T08:00:00.000+03:00", "crawled": "2016-10-03T20:30:16.884+03:00", "highlightTitle": ""}