{"organizations": [], "uuid": "fe57a92574f426bf1acd1799c3ad589a03cb16e8", "thread": {"social": {"gplus": {"shares": 0}, "pinterest": {"shares": 0}, "vk": {"shares": 0}, "linkedin": {"shares": 0}, "facebook": {"likes": 0, "shares": 0, "comments": 0}, "stumbledupon": {"shares": 0}}, "site_full": "www.elconfidencial.com", "main_image": "http://5www.ecestaticos.com/imagestatic/clipping/5dd/b9d/ab7/5ddb9dab73fba5d09fe881b877e2b786/imagen-sin-titulo.jpg?mtime=1475496582", "site_section": "http://rss.elconfidencial.com/espana/", "section_title": "España", "url": "http://www.elconfidencial.com/espana/2016-10-03/el-numero-dos-de-gurtel-no-logra-su-objetivo-de-prada-seguira-en-el-tribunal_1269666/", "country": "US", "domain_rank": 1785, "title": "Caso Gürtel: El número dos de Gürtel no logra su objetivo: De Prada seguirá en el tribunal . Noticias de España", "performance_score": 0, "site": "elconfidencial.com", "participants_count": 1, "title_full": "Caso Gürtel: El número dos de Gürtel no logra su objetivo: De Prada seguirá en el tribunal . Noticias de España", "spam_score": 0.0, "site_type": "news", "published": "2016-10-03T22:09:00.000+03:00", "replies_count": 0, "uuid": "fe57a92574f426bf1acd1799c3ad589a03cb16e8"}, "author": "Manuel Altozano", "url": "http://www.elconfidencial.com/espana/2016-10-03/el-numero-dos-de-gurtel-no-logra-su-objetivo-de-prada-seguira-en-el-tribunal_1269666/", "ord_in_thread": 0, "title": "Caso Gürtel: El número dos de Gürtel no logra su objetivo: De Prada seguirá en el tribunal . Noticias de España", "locations": [], "entities": {"persons": [], "locations": [], "organizations": []}, "highlightText": "", "language": "spanish", "persons": [], "text": "El último obstáculo procesal para el comienzo del juicio de la Época I del caso Gürtel ya ha sido superado. El magistrado Javier Martínez Lázaro, instructor de la recusación planteada por Pablo Crespo -el número dos de la organización de Francisco Correa- contra el único miembro progresista del tribunal, José Ricardo de Prada, ha rechazado de plano la petición. El instructor de expediente considera que el intento de apartar a De Prada del caso -por su relación con el primer instructor del caso Gürtel, Baltasar Garzón, y por la participación de su hija en un libro editado por Gonzalo Boye, uno de los abogados de la acusación en futuros juicios de la misma trama- es extemporáneo y sólo busca dlitatar el inicio del juicio. Mañana a las 10 de la mañana arranca la vista con las cuestiones previas -nuevas pruebas, nulidades, prescripciones...- que planteen las partes personadas en el proceso.", "external_links": [], "published": "2016-10-03T22:09:00.000+03:00", "crawled": "2016-10-03T16:23:52.480+03:00", "highlightTitle": ""}