{"organizations": [], "uuid": "0dbb18149279d13a0e8f052dea548fef926dd4aa", "thread": {"social": {"gplus": {"shares": 1}, "pinterest": {"shares": 0}, "vk": {"shares": 0}, "linkedin": {"shares": 0}, "facebook": {"likes": 39, "shares": 39, "comments": 0}, "stumbledupon": {"shares": 0}}, "site_full": "elcomercio.pe", "main_image": "http://cde.3.elcomercio.pe/ima/0/1/4/9/6/1496979.jpg", "site_section": "http://elcomercio.pe//feed/portada.xml", "section_title": "", "url": "http://elcomercio.pe/deporte-total/polideportivo/ufc-luchador-fue-pesaje-pintado-verde-como-hulk-video-noticia-1935702", "country": "PE", "domain_rank": 1155, "title": "UFC: luchador fue a pesaje pintado de verde como ‘Hulk’ [VIDEO]", "performance_score": 0, "site": "elcomercio.pe", "participants_count": 0, "title_full": "UFC: luchador fue a pesaje pintado de verde como ‘Hulk’ [VIDEO]", "spam_score": 0.0, "site_type": "news", "published": "2016-10-01T07:34:00.000+03:00", "replies_count": 0, "uuid": "0dbb18149279d13a0e8f052dea548fef926dd4aa"}, "author": "", "url": "http://elcomercio.pe/deporte-total/polideportivo/ufc-luchador-fue-pesaje-pintado-verde-como-hulk-video-noticia-1935702", "ord_in_thread": 0, "title": "UFC: luchador fue a pesaje pintado de verde como ‘Hulk’ [VIDEO]", "locations": [], "entities": {"persons": [], "locations": [], "organizations": []}, "highlightText": "", "language": "spanish", "persons": [], "text": "Enrique Barzola: “Por decisión no me vuelven a ganar” en la UFC \nEl luchador Ion “Hulk” Cutelaba se presentó esta tarde al pesaje previo a su pelea de este sábado en la UFC con el cuerpo totalmente pintado de verde, como el superhéroe de Marvel. \nCutelaba, de 22 años y nacido en Moldavia, enfrentará en peso semipesado (92,9 kg) al estadounidense Jonathan Wilson. When your fighter nickname is 'The Hulk' and you're also really into #Cosplay #UFCPortland https://t.co/7UNGvlowrQ — FOX Sports: UFC (@UFCONFOX) 30 de septiembre de 2016 \n\nPese a su edad, “Hulk” Cutelaba ya tiene 13 peleas profesionales: 11 victorias y solo dos derrotas. Este será su debut en la UFC , la organización de artes marciales mixtas (MMA) más importante del mundo. \nWilson, en tanto, ostenta siete victorias y una derrota. Ambos luchadores llegan a este combate después de haber sufridos derrotas, por lo que necesitan un triunfo para no caer en una mala racha. \nLEE TAMBIÉN...", "external_links": [], "published": "2016-10-01T07:34:00.000+03:00", "crawled": "2016-10-01T02:53:34.964+03:00", "highlightTitle": ""}