{"organizations": [], "uuid": "5b8d6d800d410ff46d3e1b099df45258b67aea13", "thread": {"social": {"gplus": {"shares": 0}, "pinterest": {"shares": 0}, "vk": {"shares": 0}, "linkedin": {"shares": 0}, "facebook": {"likes": 0, "shares": 0, "comments": 0}, "stumbledupon": {"shares": 0}}, "site_full": "misionesonline.net", "main_image": "http://static0.misionesonline.net/wp-content/uploads/2016/10/DETENIDOS-POR-TRES-CAUSAS-2kb1k8l12cbg.jpg", "site_section": "http://misionesonline.net/feed/", "section_title": "MisionesOnlineMisionesOnline", "url": "http://misionesonline.net/2016/10/03/capturaron-en-posadas-a-dos-hermanos-vinculados-a-tres-robos/", "country": "US", "domain_rank": 7143, "title": "Capturaron en Posadas a dos hermanos vinculados a tres robos", "performance_score": 0, "site": "misionesonline.net", "participants_count": 0, "title_full": "Capturaron en Posadas a dos hermanos vinculados a tres robos", "spam_score": 0.0, "site_type": "news", "published": "2016-10-03T19:56:00.000+03:00", "replies_count": 0, "uuid": "5b8d6d800d410ff46d3e1b099df45258b67aea13"}, "author": "", "url": "http://misionesonline.net/2016/10/03/capturaron-en-posadas-a-dos-hermanos-vinculados-a-tres-robos/", "ord_in_thread": 0, "title": "Capturaron en Posadas a dos hermanos vinculados a tres robos", "locations": [], "entities": {"persons": [], "locations": [], "organizations": []}, "highlightText": "", "language": "spanish", "persons": [], "text": "Capturaron en Posadas a dos hermanos vinculados a tres robos octubre 3, 2016 8:56 am RELACIONADAS Violencia en Eldorado: se resistió al arresto y atacó a cuchillazos a un policía \nTres causas por hurto llevaron a los efectivos de la División Investigaciones de la Unidad Regional X de la Policía a seguir de cerca los pasos de los hermanos Jonatan T. (19), alias “Vaca”, y un adolescente de 17 años. A raíz de un pedido de detención por ambos, ayer a las 18.30 fueron detenidos cuando salían de su casa del barrio San Jorge. Sobre ellos pesan las denuncias de Diego M., Rolando B. y Griselda M.. En el caso de Griselda B., es una vecina que días atrás había denunciado en la comisaría 8ª que le sustrajeron varios electrodomésticos en el barrio San Jorge. El pasado sábado se habían recuperado un secarropas, un sillón plagable, una garrafa de 10 kilos y un ventilador de pie cromado. Llamativamente estos objetos fueron entregados por el hermano mayor de ambos, también en barrio San Jorge. Prosigue la investigación para el esclarecimiento de los otros dos hechos de hurto.", "external_links": [], "published": "2016-10-03T19:56:00.000+03:00", "crawled": "2016-10-03T15:19:01.123+03:00", "highlightTitle": ""}