{"organizations": [], "uuid": "6d88c169ae7c147e6c26ca07394b6c042b1e26b0", "thread": {"social": {"gplus": {"shares": 0}, "pinterest": {"shares": 0}, "vk": {"shares": 0}, "linkedin": {"shares": 0}, "facebook": {"likes": 0, "shares": 0, "comments": 0}, "stumbledupon": {"shares": 0}}, "site_full": "rpp.pe", "main_image": "http://f.rpp-noticias.io/2016/09/30/450845_256293.png", "site_section": "http://rpp.pe/feed", "section_title": "RPP NOTICIAS", "url": "http://rpp.pe/peru/puno/fiscalia-pide-proceso-inmediato-para-juez-que-cobro-coima-noticia-998924", "country": "PE", "domain_rank": 4255, "title": "Fiscalía pide proceso inmediato para juez que cobró coima", "performance_score": 0, "site": "rpp.pe", "participants_count": 0, "title_full": "Fiscalía pide proceso inmediato para juez que cobró coima", "spam_score": 0.0, "site_type": "news", "published": "2016-10-01T07:12:00.000+03:00", "replies_count": 0, "uuid": "6d88c169ae7c147e6c26ca07394b6c042b1e26b0"}, "author": "", "url": "http://rpp.pe/peru/puno/fiscalia-pide-proceso-inmediato-para-juez-que-cobro-coima-noticia-998924", "ord_in_thread": 0, "title": "Fiscalía pide proceso inmediato para juez que cobró coima", "locations": [], "entities": {"persons": [], "locations": [], "organizations": []}, "highlightText": "", "language": "spanish", "persons": [], "text": "Puno Fiscalía pide proceso inmediato para juez que cobró coima A pesar de que el juez ya determinó comparecencia restringida, la Fiscalía solicitó que se inicie el proceso inmediato contra Patricio Coila. Redacción 30 de septiembre del 2016 - 6:12 PM Su ayudante Ronald Zea Rebollo fue acusado por falsificación de documento público. | Fuente: Rpp | Fotógrafo: Blas Condori \nLa Fiscalía Especializada en Delitos de Corrupción de Funcionarios de Puno , solicitó el inicio del proceso inmediato en contra de Patricio Coila Ponce (58), juez de segunda nominación del distrito de Capachica, acusado del delito de Cohecho pasivo propio por recibir una coima de 200 soles. \nAl juez de paz se le acusa de recibir dicha suma de dinero para la redacción de una escritura imperfecta; la misma medida fue requerida para Ronald Zea Rebollo (33) ayudante de Coila Ponce, quien es acusado del delito de falsificación de documento público. \nLos hechos ocurrieron el 27 de septiembre cuando Marisol Coila Pacompia denunció que Coila Ponce presuntamente fraguaba testimonios de compra venta de terrenos, otorgando estos documentos a diversas personas. \nTras ser intervenidos por la Oficina Desconcentrada de Control de la Magistratura (ODECMA),ayer se realizó la audiencia de prisión preventiva, sin embargo, el juez Edson Jaúregui, solicitó solo comparecencia restringida. \nNo obstante, paralelamente hoy la fiscal Verónica Blanca Cueva Chata pidió el inicio del proceso inmediato, el mismo que fue admitido por el juzgado y también presentó la acusación fiscal; quedando pendiente el desarrollo de la audiencia que se realizará dentro de las próximas horas. Noticias Relacionadas", "external_links": [], "published": "2016-10-01T07:12:00.000+03:00", "crawled": "2016-10-01T02:41:50.061+03:00", "highlightTitle": ""}