{"organizations": [], "uuid": "da0e157b91f92f24f32f6bb47c768b9aca804693", "thread": {"social": {"gplus": {"shares": 0}, "pinterest": {"shares": 0}, "vk": {"shares": 0}, "linkedin": {"shares": 0}, "facebook": {"likes": 0, "shares": 0, "comments": 0}, "stumbledupon": {"shares": 0}}, "site_full": "es-us.noticias.yahoo.com", "main_image": "https://s.yimg.com/uu/api/res/1.2/g1odVousxFmO63MNOg6B5g--/aD02OTQ7dz02OTE7c209MTthcHBpZD15dGFjaHlvbg--/http://media.zenfs.com/en/homerun/feed_manager_auto_publish_494/855060d8fe97490fc6e9ac28cfbbf3a6", "site_section": "https://es-us.noticias.yahoo.com/", "section_title": "Yahoo Noticias en Español", "url": "https://es-us.noticias.yahoo.com/casi-desnudan-a-thal%C3%ADa-en-pleno-concierto-122045444.html", "country": "US", "domain_rank": 5, "title": "Casi desnudan a Thalía en pleno concierto", "performance_score": 0, "site": "yahoo.com", "participants_count": 1, "title_full": "Casi desnudan a Thalía en pleno concierto", "spam_score": 0.046, "site_type": "news", "published": "2016-10-03T03:00:00.000+03:00", "replies_count": 0, "uuid": "da0e157b91f92f24f32f6bb47c768b9aca804693"}, "author": "Tras la pista", "url": "https://es-us.noticias.yahoo.com/casi-desnudan-a-thal%C3%ADa-en-pleno-concierto-122045444.html", "ord_in_thread": 0, "title": "Casi desnudan a Thalía en pleno concierto", "locations": [], "entities": {"persons": [], "locations": [], "organizations": []}, "highlightText": "", "language": "spanish", "persons": [], "text": "Thalía ahora le ha dado por lanzarse sobre su público… al estilo roquero, pero en el concierto de este fin de semana en Miami las cosas no le salieron muy bien que digamos, porque casi la dejan como dios la trajo al mundo.\nLa mexicana, con ese gesto de querer reconquistar al público y borrarse el hashtag #ladybajate, muy feliz y sonriente, se lanzó a los brazos de los fans que estaban cerca del escenario, y allí estuvo por unos minutos.\nCuando subió al escenario notó que se le caía el vestido y era que alguien le abrió la cremallera desde el cuello hasta el final.\nThalía, como verán en el video de abajo, le pedía desesperadamente a los que estaban tras bastidores que le cerraran el vestido, pero parece que todos estaban en shock frente al panorama.\nPor fin alguien se apiadó de ella y lo cerró, pero aun así, ella siguió aguantándose la ropa… no sabemos si fue que con el jalón al abrirlo se le rompió.\nPensamos que si no fuera porque el vestido era muy apretado y pegadito a la piel, se lo hubieran arrancado fácilmente.", "external_links": ["https://s.yimg.com/g/images/spaceball.gif", "https://s.yimg.com/ny/api/res/1.2/ar5v5UTI3jKai4I2mbFSrw--/YXBwaWQ9aGlnaGxhbmRlcjtzbT0xO3c9NjkxO2g9Njk0/http://media.zenfs.com/en/homerun/feed_manager_auto_publish_494/397bc43f5b078dab6fea7e9086cf1866", "https://s.yimg.com/ny/api/res/1.2/ar5v5UTI3jKai4I2mbFSrw--/YXBwaWQ9aGlnaGxhbmRlcjtzbT0xO3c9NjkxO2g9Njk0/http://media.zenfs.com/en/homerun/feed_manager_auto_publish_494/397bc43f5b078dab6fea7e9086cf1866);"], "published": "2016-10-03T03:00:00.000+03:00", "crawled": "2016-10-04T04:12:10.074+03:00", "highlightTitle": ""}