{"organizations": [], "uuid": "4ec4e7751879f98930b3541222c9ba70d9f5a96d", "thread": {"social": {"gplus": {"shares": 1}, "pinterest": {"shares": 0}, "vk": {"shares": 0}, "linkedin": {"shares": 0}, "facebook": {"likes": 172, "shares": 172, "comments": 0}, "stumbledupon": {"shares": 0}}, "site_full": "as.com", "main_image": "http://as00.epimg.net/videos/imagenes/2016/10/03/portada/1475509528_003748_1475509602_doscolumnas_normal.jpg", "site_section": "", "section_title": "", "url": "http://as.com/videos/2016/10/03/portada/1475509528_003748.html", "country": "ES", "domain_rank": 888, "title": "Vídeo: Los trucos más increíbles vistos en los libres directos - AS.com", "performance_score": 1, "site": "as.com", "participants_count": 0, "title_full": "Vídeo: Los trucos más increíbles vistos en los libres directos - AS.com", "spam_score": 0.2, "site_type": "news", "published": "2016-10-03T08:00:00.000+03:00", "replies_count": 0, "uuid": "4ec4e7751879f98930b3541222c9ba70d9f5a96d"}, "author": "", "url": "http://as.com/videos/2016/10/03/portada/1475509528_003748.html", "ord_in_thread": 0, "title": "Vídeo: Los trucos más increíbles vistos en los libres directos - AS.com", "locations": [], "entities": {"persons": [], "locations": [], "organizations": []}, "highlightText": "", "language": "spanish", "persons": [], "text": "LO + DIVERTIDO DEL FÚTBOL Los trucos más increíbles vistos en los libres directos Hay todo tipos de estrategias. De las más futboleras hasta técnicas de distracción. Algunas más divertidas, otras simplemente fabulosas. .. son un reflejo de tu personalidad. ¡Elige tu modelo! Monster Jobs La nueva economía genera nuevos empleos, ¿eres especialista en este sector? haz clic y descubre cual es la tuya. También te puede interesar ", "external_links": [], "published": "2016-10-03T08:00:00.000+03:00", "crawled": "2016-10-03T23:14:19.945+03:00", "highlightTitle": ""}