{"organizations": [], "uuid": "6159f172abdeb06120eb333cfc2485ea3cb1ec3a", "thread": {"social": {"gplus": {"shares": 0}, "pinterest": {"shares": 0}, "vk": {"shares": 0}, "linkedin": {"shares": 0}, "facebook": {"likes": 0, "shares": 0, "comments": 0}, "stumbledupon": {"shares": 0}}, "site_full": "www.coches.net", "main_image": "http://a.ccdn.es/cnet/2016/09/10/32210258/104285739_g.jpg", "site_section": "", "section_title": "", "url": "http://www.coches.net/volkswagen-golf-19-tdi-dsg-sportline-5p-diesel-2005-en-castellon-32210258-covo.aspx", "country": "US", "domain_rank": 6093, "title": "volkswagen golf 1.9 tdi dsg sportline Diesel del 2005 con 1 km en Castellón 32210258", "performance_score": 0, "site": "coches.net", "participants_count": 0, "title_full": "volkswagen golf 1.9 tdi dsg sportline Diesel del 2005 con 1 km en Castellón 32210258", "spam_score": 0.217, "site_type": "news", "published": "2016-09-10T08:00:00.000+03:00", "replies_count": 0, "uuid": "6159f172abdeb06120eb333cfc2485ea3cb1ec3a"}, "author": "", "url": "http://www.coches.net/volkswagen-golf-19-tdi-dsg-sportline-5p-diesel-2005-en-castellon-32210258-covo.aspx", "ord_in_thread": 0, "title": "volkswagen golf 1.9 tdi dsg sportline Diesel del 2005 con 1 km en Castellón 32210258", "locations": [], "entities": {"persons": [], "locations": [], "organizations": []}, "highlightText": "", "language": "spanish", "persons": [], "text": "La pregunta no puede contener URLs Tu nombre Tu email o tu teléfono E-mail El email no tiene el formato correcto Teléfono El teléfono no es correcto Introduce tu email y/o teléfono Debes aceptar las condiciones de uso Contactar ", "external_links": [], "published": "2016-09-10T08:00:00.000+03:00", "crawled": "2016-10-01T22:02:47.015+03:00", "highlightTitle": ""}