{"organizations": [], "uuid": "3de9bbfdfea36edf02e63646172672910611f2b9", "thread": {"social": {"gplus": {"shares": 0}, "pinterest": {"shares": 0}, "vk": {"shares": 0}, "linkedin": {"shares": 0}, "facebook": {"likes": 0, "shares": 0, "comments": 0}, "stumbledupon": {"shares": 0}}, "site_full": "noticieros.televisa.com", "main_image": "http://noticieros.televisa.com/content/dam/televisa/noticieros/2016/09/30/trump-playboy-2.png/jcr:content/renditions/cq5dam.thumbnail.624.351.jpg", "site_section": "", "section_title": "", "url": "http://noticieros.televisa.com/ee-uu/2016-09-30/revelan-aparicion-donald-trump-video-playboy/", "country": "US", "domain_rank": 4446, "title": "Revelan aparición de Donald Trump en video de Playboy", "performance_score": 0, "site": "televisa.com", "participants_count": 0, "title_full": "Revelan aparición de Donald Trump en video de Playboy", "spam_score": 0.808, "site_type": "news", "published": "2016-10-01T12:30:00.000+03:00", "replies_count": 0, "uuid": "3de9bbfdfea36edf02e63646172672910611f2b9"}, "author": "Noticieros Televisa", "url": "http://noticieros.televisa.com/ee-uu/2016-09-30/revelan-aparicion-donald-trump-video-playboy/", "ord_in_thread": 0, "title": "Revelan aparición de Donald Trump en video de Playboy", "locations": [], "entities": {"persons": [], "locations": [], "organizations": []}, "highlightText": "", "language": "spanish", "persons": [], "text": "Revelan aparición de Donald Trump en video de Playboy Foto: Buzzfeed El portal BuzzFeed reveló un video donde el candidato republicano, Donald Trump, aparece en un filme erótico de la marca Playboy rodeado de varias mujeres \nWASHINGTON, Estados Unidos, sep. 30, 2016.- El candidato republicano a la presidencia de Estados Unidos, Donald Trump, aparece brevemente en un video erótico de Playboy del año 2000, reportó el portal BuzzFeed. \n\nEn un corto difundido en el cibersitio, Trump vacía una botella de champaña sobre el logotipo de Playboy de una limosina en una calle de Nueva York, rodeado de varias mujeres. \n\nNick Merrill, portavoz de Hillary Clinton, dijo el viernes en la noche que 'hoy se ha hablado mucho sobre videos de contenido sexual y en un extraño giro de acontecimientos sólo una cinta para adultos apareció hoy, y su estrella es Donald Trump'. \n\nMellil dijo que él no ha visto el video. \n\nEl viernes en la mañana, Trump tuiteó que la ex Miss Universo Alicia Machado, partidaria de Clinton, fue 'repugnante'. \n\nEl candidato republicano exhortó a sus seguidores a que vean el 'video sexual' de Machado, al parecer en referencia a las imágenes de un programa de realidad simulada en español de 2005. \n", "external_links": [], "published": "2016-10-01T12:30:00.000+03:00", "crawled": "2016-10-01T07:30:38.571+03:00", "highlightTitle": ""}