{"organizations": [], "uuid": "fc2703cba3a9927c7009b71929f6a1d235b13e1a", "thread": {"social": {"gplus": {"shares": 0}, "pinterest": {"shares": 0}, "vk": {"shares": 0}, "linkedin": {"shares": 0}, "facebook": {"likes": 0, "shares": 0, "comments": 0}, "stumbledupon": {"shares": 0}}, "site_full": "www.eluniverso.com", "main_image": "http://www.eluniverso.com/sites/all/themes/eluniverso/images/eu-imagen-redes.jpg", "site_section": "http://www.eluniverso.com/rss/gente.xml", "section_title": "ELUNIVERSO.COM - Gente", "url": "http://www.eluniverso.com/vida-estilo/2016/10/02/nota/5831170/circo-ruso-presenta-show-guayaquil", "country": "US", "domain_rank": 1753, "title": "Circo ruso presenta show en Guayaquil", "performance_score": 0, "site": "eluniverso.com", "participants_count": 0, "title_full": "Circo ruso presenta show en Guayaquil", "spam_score": 0.0, "site_type": "news", "published": "2016-10-02T13:00:00.000+03:00", "replies_count": 0, "uuid": "fc2703cba3a9927c7009b71929f6a1d235b13e1a"}, "author": "", "url": "http://www.eluniverso.com/vida-estilo/2016/10/02/nota/5831170/circo-ruso-presenta-show-guayaquil", "ord_in_thread": 0, "title": "Circo ruso presenta show en Guayaquil", "locations": [], "entities": {"persons": [], "locations": [], "organizations": []}, "highlightText": "", "language": "spanish", "persons": [], "text": "  Circo ruso presenta show en Guayaquil \nEl Circo de Rusia regresa a Guayaquil, por tercer año consecutivo, con su espectáculo más conocido: Impulso, un show que desafía el espacio terrenal para transportar al espectador a una nueva mirada por los aires. \nCon más de 35 artistas en escena, entre acróbatas, malabaristas y trapecistas, este circo presentará shows variados que serán guiados por un payaso como maestro de ceremonia. \nLa empresa circense hizo un casting entre 10 mil deportistas rusos de Moscú para crear el elenco que va de gira por el mundo. \n“ Impulso no es solo un acto, sino la combinación de la música y el teatro para proyectar un mensaje de esperanza con la alegría de los payasos y las disciplinas acrobáticas, como la pértiga, los malabares, entre otros, logrando estilizadas coreografías que dotan de magia al circo. Un espectáculo que llenará de emoción”, señala la compañía en un comunicado de prensa. \nEl espectáculo se presentará hasta el 16 de octubre en la antigua Feria del Jean, diagonal a la terminal terrestre. La venta de entradas se realiza en la boletería del circo. (E)", "external_links": [], "published": "2016-10-02T13:00:00.000+03:00", "crawled": "2016-10-02T08:10:31.375+03:00", "highlightTitle": ""}