{"organizations": [], "uuid": "dc545a1812b2e3a58865e893cbfaa46856df6c2c", "thread": {"social": {"gplus": {"shares": 0}, "pinterest": {"shares": 0}, "vk": {"shares": 0}, "linkedin": {"shares": 0}, "facebook": {"likes": 0, "shares": 0, "comments": 0}, "stumbledupon": {"shares": 0}}, "site_full": "www.mundodeportivo.com", "main_image": "http://www.mundodeportivo.com/r/GODO/MD/p3/Futbol/Imagenes/2016/10/01/Recortada/img_ieneriz_20160923-210301_imagenes_md_colaboradores_iraizoz-kraB-U41713962392FoB-980x554@MundoDeportivo-Web.jpg", "site_section": "http://feeds.feedburner.com/mundodeportivo-athletic", "section_title": "Athletic de Bilbao", "url": "http://www.mundodeportivo.com/futbol/20161001/41713962392/athletic-malaga-iraizoz-kepa-convocatoria.html", "country": "ES", "domain_rank": 2564, "title": "Iraizoz jugará de titular ante el Málaga", "performance_score": 0, "site": "mundodeportivo.com", "participants_count": 0, "title_full": "Iraizoz jugará de titular ante el Málaga", "spam_score": 0.0, "site_type": "news", "published": "2016-10-02T00:22:00.000+03:00", "replies_count": 0, "uuid": "dc545a1812b2e3a58865e893cbfaa46856df6c2c"}, "author": "", "url": "http://www.mundodeportivo.com/futbol/20161001/41713962392/athletic-malaga-iraizoz-kepa-convocatoria.html", "ord_in_thread": 0, "title": "Iraizoz jugará de titular ante el Málaga", "locations": [], "entities": {"persons": [], "locations": [], "organizations": []}, "highlightText": "", "language": "spanish", "persons": [], "text": "  Iraizoz jugará de titular ante el Málaga Valverde ha dejado fuera de la convocatoria a Kepa, el portero que salió de inicio en las cuatro últimas victorias Iraizoz, en el centro de la imagen, regresará a la titularidad en La Rosaleda (Foto: Aiol)   Carlos Zaballa Bilbao Periodista Actualizado a 01-10-2016 18:22 \nGorka Iraizoz será el portero titular del Athletic en el partido de mañana ante el Málaga. Valverde ha dejado fuera de la convocatoria a Kepa Arrizabalaga , el meta que salió de inicio en las cuatro últimas victorias ligueras (Deportivo, Valencia, Granada y Sevilla), con lo que el navarro será el elegido para enfrentarse a los de Juande Ramos en el encuentro que dará comienzo a las seis y media de la tarde. Iago Herrerín también forma parte de la expedición, pero el bilbaíno juega en Europa League y lo hará también en la Copa. \nEl entrenador se lleva 19 hombres. La relación completa de futbolistas es la formada por Iraizoz , Laporte , San José , Beñat , Iturraspe , Muniain , Williams , Iago Herrerín , Susaeta , Lekue , Etxeita , Mikel Rico , De Marcos , Sabin Merino , Aduriz , Raúl García , Balenziaga , Saborit y Yeray . \nAdemás del guardameta de Ondarroa, también se quedan en Bilbao por decisión técnica Elustondo , Vesga y Eraso . Bóveda y Aketxe continúan lesionados.  ", "external_links": [], "published": "2016-10-02T00:22:00.000+03:00", "crawled": "2016-10-01T19:50:14.829+03:00", "highlightTitle": ""}