{"organizations": [], "uuid": "6badee3bc2a40ad404086dcad56c675cfa7dea32", "thread": {"social": {"gplus": {"shares": 0}, "pinterest": {"shares": 0}, "vk": {"shares": 0}, "linkedin": {"shares": 0}, "facebook": {"likes": 0, "shares": 0, "comments": 0}, "stumbledupon": {"shares": 0}}, "site_full": "www.milenio.com", "main_image": "http://www.milenio.com/tendencias/Secretaria_de_Salud_del_DF-alcoholismo-consumo_de_alcohol-padres-jovenes-hijos_MILIMA20131122_0340_14.jpg", "site_section": "http://www.milenio.com/laguna/firmas/", "section_title": "Firmas Laguna - Grupo Milenio", "url": "http://www.milenio.com/region/Milenio_Noticias-Quintas_clausuradas_Torreon-menores_alcoholizados-Policia_Torreon_0_822517817.html", "country": "US", "domain_rank": 8394, "title": "Clausuran una quinta más con menores alcoholizados", "performance_score": 0, "site": "milenio.com", "participants_count": 1, "title_full": "Clausuran una quinta más con menores alcoholizados - Grupo Milenio", "spam_score": 0.004, "site_type": "news", "published": "2016-10-03T18:05:00.000+03:00", "replies_count": 0, "uuid": "6badee3bc2a40ad404086dcad56c675cfa7dea32"}, "author": "Luis Alberto López", "url": "http://www.milenio.com/region/Milenio_Noticias-Quintas_clausuradas_Torreon-menores_alcoholizados-Policia_Torreon_0_822517817.html", "ord_in_thread": 0, "title": "Clausuran una quinta más con menores alcoholizados", "locations": [], "entities": {"persons": [], "locations": [], "organizations": []}, "highlightText": "", "language": "spanish", "persons": [], "text": "Ya van 5 quintas clausuradas por haber menores de edad ebrios. (Milenio-Archivo) Luis Alberto López 03/10/2016 10:05 AM\nTorreón, Coahuila\nUna quinta más fue clausurada cuando fueron encontrados menores de edad en estado de ebriedad y con eso suman cinco establecimientos en esas condiciones.\nEsos fueron parte de los resultados dados a conocer luego de la reunión semanal de indicadores de seguridad.\n\"En lo que va del año llevamos cinco quintas en esta situación en que encontramos menores en consumiendo bebidas embriagantes\", dijo Sergio Ayala Velázquez, titular del departamento de Inspección y Verificación.\nTE RECOMENDAMOS: Detectan fiesta con 30 menores alcoholizados\nHubo saldo blanco en la Feria de Torreón, la cual hasta el día de ayer tenía un registro de asistencia de 305 mil personas.\nRefirió que este fin de semana encontraron una más en la colonia Villas La Merced y donde procedieron con clausurar.\n\"Detectamos una quinta donde había cerca de 40 menores y 15 consumieron alcohol, pues encontramos botellas de vodka y tequila vacias. Cinco de ellos estaban en total estado de ebriedad\".\n\"Fue puesto a disposición del Ministerio Público una persona adulta a cargo del delito y ahí se definirá su situación\".\nMencionó que en el caso de las quintas que realizan actividades fuera de horario por lo regular suelen clausurar un promedio de una o dos por semana.\n\"También hemos detectado algunas sin licencia de funcionamiento y vamos a terminar el año con un número considerable de espacios regularizados. Hablamos de por lo menos 70\".\nEn cuanto a las cifras generales de la semana 40 del 2016, hubo un registro de 45 delitos y de los cuales destacaron 13 reportes de robo a casa habitación, 10 de robo a vehículo, 8 a local comercial y también fueron detenidas 93 personas.\nEn esta ocasión, el sector norte fue el que presentó el mayor número de delitos porque en el tema de casa habitación ocurrieron 8, uno más en el Centro y los cuatro restantes en la zona sur.\nSuman en lo que va de año 505 detenciones que entran en el Nuevo Sistema de Justicia Penal, así como 63 muertes violentas.\nEl alcalde de Torreón, Miguel Ángel Riquelme Solís destacó el saldo blanco en la Feria de Torreón, la cual hasta el día de ayer tenía un registro de asistencia de 305 mil personas.\nTambién habló de que hubo la expedición de 14 mil 477 infracciones, lo cual representa un 50 por ciento más que el año pasado.\nTE RECOMENDAMOS: Proponen multas más severas a conductores alcoholizados dcr", "external_links": [], "published": "2016-10-03T18:05:00.000+03:00", "crawled": "2016-10-04T00:35:21.718+03:00", "highlightTitle": ""}