{"organizations": [], "uuid": "68614498a566971895e454ce8a7ab0d4bbe6f58d", "thread": {"social": {"gplus": {"shares": 0}, "pinterest": {"shares": 0}, "vk": {"shares": 0}, "linkedin": {"shares": 0}, "facebook": {"likes": 0, "shares": 0, "comments": 0}, "stumbledupon": {"shares": 0}}, "site_full": "www.univision.com", "main_image": "http://cdn1.uvnimg.com/63/2f/9e166bbc42809e38ab7232d82521/rancho2.jpg", "site_section": "", "section_title": "", "url": "http://www.univision.com/nueva-york/wxtv/la-mejor-comida-hecha-en-un-camion-de-nueva-york-esta-en-brooklyn-y-es-mexicana", "country": "US", "domain_rank": 4412, "title": "La mejor comida hecha en un camión de Nueva York está en Brooklyn y es mexicana - Univision", "performance_score": 0, "site": "univision.com", "participants_count": 0, "title_full": "La mejor comida hecha en un camión de Nueva York está en Brooklyn y es mexicana - Univision", "spam_score": 0.217, "site_type": "news", "published": "2016-10-02T01:53:00.000+03:00", "replies_count": 0, "uuid": "68614498a566971895e454ce8a7ab0d4bbe6f58d"}, "author": "", "url": "http://www.univision.com/nueva-york/wxtv/la-mejor-comida-hecha-en-un-camion-de-nueva-york-esta-en-brooklyn-y-es-mexicana", "ord_in_thread": 0, "title": "La mejor comida hecha en un camión de Nueva York está en Brooklyn y es mexicana - Univision", "locations": [], "entities": {"persons": [], "locations": [], "organizations": []}, "highlightText": "", "language": "spanish", "persons": [], "text": "La mejor comida hecha en un camión de Nueva York está en Brooklyn y es mexicana La mejor comida hecha en un camión de Nueva York está en Brooklyn y es mexicana \nTacos el Rancho, del oaxaqueño Félix Soriano, ganó la edición 12 de la Copa Vendy. ¿Qué expresaron los expertos de su menú? El \"sabor tropical\" de los tacos al pastor del negocio Tacos El Rancho le hizo triunfar entre otros 5,000 establecimientos en la ciudad de Nueva York. Notimex Por: Univision Publicado: oct 01, 2016 | 05:10 PM EDT 0 Compartir \nNUEVA YORK (Notimex). - El negocio de tacos y quesadillas de Félix Soriano , migrante del estado de Oaxaca, ganó el premio de este año al mejor camión de comida de la ciudad de Nueva York, superando a las más de 10,000 opciones culinarias que a diario se estacionan en las calles. \nTacos el Rancho es el ganador este año del máximo galardón de la edición 12 de la Copa Vendy, entregada anualmente a los mejores alimentos vendidos desde un camión en Nueva York. \nPara Soriano, que emigró a Estados Unidos al terminar la primaria, a los 14 años, que trabajó lavando platos y aprendiendo más tarde a cocinar comida italiana, francesa y mexicana a su paso por restaurantes de Manhattan , el premio Vendy es una especie de sueño americano vuelto realidad. \n“Fui chef de restaurantes durante 12 años, y pensaba luego de trabajar 14 o 15 horas todos los días, de ver que el restaurante estaba lleno por la comida que yo preparaba, que estaba haciendo millonario a otro con mi trabajo. Y entonces me decidí a hacer algo”, explicó Soriano. \nEn entrevista con Notimex, el chef oaxaqueño detalló que abrió primero una carnicería y tienda de abarrotes, apenas en mayo de 2015, desde la cual comenzó a vender quesadillas en la vía pública, por lo que recibió una multa de siete mil dólares . \nMeses más tarde, en diciembre, se decidió a comenzar un negocio de comida, luego del éxito que tuvieron sus quesadillas. Así, Tacos el Rancho, ubicado a un costado del parque de Sunset Park , uno de los mayores enclaves de la comunidad mexicana en el condado de Brooklyn, comenzó su historia. publicidad \nTras lo que califica como un acoso constante de parte de la policía y de inspectores de la ciudad durante los primeros meses de operación, ahora el camión de tacos estacionado frente a la carnicería y tienda miscelánea también llamada El Rancho, afianza su fama. \nLos hijos de Soriano, Dennis y Nelson , se han convertido ya en socios del negocio, y quienes lo atienden. La esposa de Felix, mientras tanto, se encarga de la carnicería. \nLas claves de su éxito \nUna tarde, personal de los Premios Vendy le explicaron a Soriano que su camión había sido seleccionado como uno de los 48 finalistas para competir por la mejor comida vendida desde una camión en la ciudad de Nueva York. \nEl pasado 17 de septiembre, en una demostración final ante un jurado, Soriano y su familia se alzaron con el triunfo, superando a otros dos negocios que lograron menciones honoríficas: Gladi's Empanadas y Traditional Chinese Cuisine (cocina china tradicional). \n“Nos dijeron que fueron los tacos al pastor los que los convencieron”, expresó Soriano. Añadió que a los jueces le impresionó la combinación de los sabores de la piña y de la salsa verde preparada con aguacate, lo que le confería a los tacos un “sabor tropical”. \nAsimismo el jurado valoró el sabor de las tortillas hechas a mano usadas para las quesadillas, así como su combinación de queso Oaxaca y epazote. publicidad \n“Tengo clientes americanos, chinos, árabes, paquistaníes, dominicanos y, claro, la raza que nunca nos deja. Y me da gusto y orgullo. Yo no distingo entre mis clientes, para mí todos ellos son igual y valen lo mismo”, aseveró Soriano. \nSu madre, así como sus hermanas y sobrinas, que ahora viven en la ciudad de Oaxaca, lo felicitan mediante sus cuentas de redes sociales. Luego de 24 años de que Soriano emigró desde la Costa chica oaxaqueña, su familia le escribe: “felicidades, Felix. Sabíamos que te iba a ir muy bien”. \nVea también : ", "external_links": [], "published": "2016-10-02T01:53:00.000+03:00", "crawled": "2016-10-02T03:25:55.253+03:00", "highlightTitle": ""}