{"organizations": [], "uuid": "ac378f8b3db63d87adaaa0176564da8e1eb39488", "thread": {"social": {"gplus": {"shares": 0}, "pinterest": {"shares": 0}, "vk": {"shares": 0}, "linkedin": {"shares": 0}, "facebook": {"likes": 0, "shares": 0, "comments": 0}, "stumbledupon": {"shares": 0}}, "site_full": "www.meneame.net", "main_image": "//mnmstatic.net/img/mnm/logo-350x350.png", "site_section": "http://meneame.net//rss?status=queued", "section_title": "Menéame: en cola", "url": "https://www.meneame.net/m/actualidad/requiem-prensa-escrita-pierde-520-000-ejemplares-100-m-euros", "country": "IE", "domain_rank": 8316, "title": "Réquiem por la prensa escrita: pierde 520.000 ejemplares y 100 M. de euros en un lustro", "performance_score": 0, "site": "meneame.net", "participants_count": 1, "title_full": "Réquiem por la prensa escrita: pierde 520.000 ejemplares y 100 M. de euros en un lustro", "spam_score": 0.0, "site_type": "news", "published": "2016-10-01T13:20:00.000+03:00", "replies_count": 0, "uuid": "ac378f8b3db63d87adaaa0176564da8e1eb39488"}, "author": "cd_autoreverse", "url": "https://www.meneame.net/m/actualidad/requiem-prensa-escrita-pierde-520-000-ejemplares-100-m-euros", "ord_in_thread": 0, "title": "Réquiem por la prensa escrita: pierde 520.000 ejemplares y 100 M. de euros en un lustro", "locations": [], "entities": {"persons": [], "locations": [], "organizations": []}, "highlightText": "", "language": "spanish", "persons": [], "text": "por cd_autoreverse a vozpopuli.com enviado: ____ En los últimos cinco años, la editora de 'El País' ha perdido 12,77 millones de euros, frente a los 44,45 de 'El Mundo', los 36,6 de 'ABC' y los 9,5 de 'La Razón'. Sus redacciones han perdido en este periodo un total de 215 trabajadores.", "external_links": [], "published": "2016-10-01T13:20:00.000+03:00", "crawled": "2016-10-01T08:25:42.149+03:00", "highlightTitle": ""}