{"organizations": [], "uuid": "9193c2ee2cd94207676ef2d7135d8c620b78cda2", "thread": {"social": {"gplus": {"shares": 0}, "pinterest": {"shares": 0}, "vk": {"shares": 0}, "linkedin": {"shares": 0}, "facebook": {"likes": 0, "shares": 0, "comments": 0}, "stumbledupon": {"shares": 0}}, "site_full": "www.emol.com", "main_image": "http://static.emol.cl/emol50/img/Logo_emol_4.jpg", "site_section": "http://www.emol.com/", "section_title": "Emol.com - El sitio de noticias online de Chile", "url": "http://www.emol.com/noticias/Internacional/2016/10/02/824652/Plebiscito-en-Colombia-El-no-acorta-distancia-con-el-si-con-el-50-de-mesas-escrutadas.html", "country": "CL", "domain_rank": 664, "title": "Plebiscito en Colombia: Ventaja mínima para el \"no\" con el 98% de las mesas escrutadas", "performance_score": 0, "site": "emol.com", "participants_count": 10, "title_full": "Plebiscito en Colombia: Ventaja mínima para el \"no\" con el 98% de las mesas escrutadas | Emol.com", "spam_score": 0.109, "site_type": "news", "published": "2016-10-03T03:13:00.000+03:00", "replies_count": 19, "uuid": "9193c2ee2cd94207676ef2d7135d8c620b78cda2"}, "author": "emol.com", "url": "http://www.emol.com/noticias/Internacional/2016/10/02/824652/Plebiscito-en-Colombia-El-no-acorta-distancia-con-el-si-con-el-50-de-mesas-escrutadas.html", "ord_in_thread": 0, "title": "Plebiscito en Colombia: Ventaja mínima para el \"no\" con el 98% de las mesas escrutadas", "locations": [], "entities": {"persons": [], "locations": [], "organizations": []}, "highlightText": "", "language": "spanish", "persons": [], "text": "BOGOTÁ.- Sorpresa en Colombia: Luego de ir abajo, la alternativa \"no\" al acuerdo de paz firmado entre el Gobierno y las FARC tomó una leve ventaja en el plebiscito celebrado este domingo, cuando aún quedan unas cuantas mesas por escrutar.\nCon el 98,85% de las mesas contabilizadas, el \"no\" tiene una estrecha ventaja al sumar 6.362.549 votos, equivalentes al 50,23%, en tanto que el \"sí\" alcanza 6.304.720 papeletas, con un 49,77% de los sufragios, informó la Registraduría Nacional del Estado Civil en su último boletín.\nDe acuerdo al organismo estatal, la opción \"sí\" ya pasó el umbral aprobatorio necesario de 4.536.992 votos, pero aún no cumple con el requisito más importante y lógico: vencer en el plebiscito.\nMás de 12 millones 700 mil personas acudieron a votar este domingo en territorio colombiano y en otros 64 países de todo el mundo.", "external_links": [], "published": "2016-10-03T03:13:00.000+03:00", "crawled": "2016-10-03T01:19:57.896+03:00", "highlightTitle": ""}