{"organizations": [], "uuid": "c0ae048f7cc8b6fbdc81c30cf54b43d73001636a", "thread": {"social": {"gplus": {"shares": 0}, "pinterest": {"shares": 0}, "vk": {"shares": 0}, "linkedin": {"shares": 0}, "facebook": {"likes": 0, "shares": 0, "comments": 0}, "stumbledupon": {"shares": 0}}, "site_full": "www.meneame.net", "main_image": "//mnmstatic.net/img/mnm/logo-350x350.png", "site_section": "http://meneame.net/rss2.php?status=all&category=13", "section_title": "Menéame: todas", "url": "https://www.meneame.net/m/actualidad/bombardean-mayor-hospital-aleppo-estaba-territorio-rebelde-eng", "country": "IE", "domain_rank": 8316, "title": "Bombardean el mayor hospital en Aleppo, que estaba en territorio rebelde [ENG]", "performance_score": 0, "site": "meneame.net", "participants_count": 1, "title_full": "Bombardean el mayor hospital en Aleppo, que estaba en territorio rebelde [ENG]", "spam_score": 0.0, "site_type": "news", "published": "2016-10-01T22:48:00.000+03:00", "replies_count": 0, "uuid": "c0ae048f7cc8b6fbdc81c30cf54b43d73001636a"}, "author": "Stranger", "url": "https://www.meneame.net/m/actualidad/bombardean-mayor-hospital-aleppo-estaba-territorio-rebelde-eng", "ord_in_thread": 0, "title": "Bombardean el mayor hospital en Aleppo, que estaba en territorio rebelde [ENG]", "locations": [], "entities": {"persons": [], "locations": [], "organizations": []}, "highlightText": "", "language": "spanish", "persons": [], "text": "por Stranger a yahoo.com enviado: ____ El mayor hospital en poder de los rebeldes al este de Alepo fue bombardeado hy sábado por segunda vez en varios días, durante la campaña de asedio que realizan fuerzas gubernamentales apoyadas por Rusia. Alepo, que fuera una vez una vibrante potencia comercial de Siria, se encuentra ahora en el epicentro de una importante campaña militar por parte del combatientes del presidente Bashar al-Assad y su firme aliado moscovita. La ofensiva, anunciada el pasado 22 de septiembre, ha alcanzado a docenas de civiles muertos y edificios residenciales...", "external_links": [], "published": "2016-10-01T22:48:00.000+03:00", "crawled": "2016-10-01T17:54:50.019+03:00", "highlightTitle": ""}