{"organizations": [], "uuid": "d745f1362135be0fe9e0d1638809b6d7af57ee88", "thread": {"social": {"gplus": {"shares": 0}, "pinterest": {"shares": 0}, "vk": {"shares": 0}, "linkedin": {"shares": 0}, "facebook": {"likes": 0, "shares": 0, "comments": 0}, "stumbledupon": {"shares": 0}}, "site_full": "comunidad.movistar.es", "main_image": "", "site_section": "http://comunidad.movistar.es/movistar/rss/Community?interaction.style=review&feeds.replies=true", "section_title": "rss.livelink.posts-in-node", "url": "http://comunidad.movistar.es/t5/Servicios-y-Equipamientos/MANDO-ESTROPEADO/td-p/3016056", "country": "ES", "domain_rank": 3988, "title": "MANDO ESTROPEADO", "performance_score": 0, "site": "movistar.es", "participants_count": 1, "title_full": "MANDO ESTROPEADO", "spam_score": 0.0, "site_type": "news", "published": "2016-10-03T20:43:00.000+03:00", "replies_count": 0, "uuid": "d745f1362135be0fe9e0d1638809b6d7af57ee88"}, "author": "komino1", "url": "http://comunidad.movistar.es/t5/Servicios-y-Equipamientos/MANDO-ESTROPEADO/td-p/3016056", "ord_in_thread": 0, "title": "MANDO ESTROPEADO", "locations": [], "entities": {"persons": [], "locations": [], "organizations": []}, "highlightText": "", "language": "spanish", "persons": [], "text": "Hola \n\nAyer contacté con el 1002 porque mi mando de Imagenio funciona mal, después de varias comprobaciones, me dijeron que abrían una incidencia y que me llegaría al móvil un código para ir a una tienda Movistar a cambiar el mando. \n\nNo me ha llegado el código y no consigo ver en el área privada si efectivamente está puesta la incidencia. \n\nPor lo visto ese código caduca en 5 días. \n\nAgradecería ayuda de alguno de los técnicos.", "external_links": [], "published": "2016-10-03T20:43:00.000+03:00", "crawled": "2016-10-03T15:50:49.298+03:00", "highlightTitle": ""}