{"organizations": [], "uuid": "92323eef59293fb55f53e4148d0d9a7814689dfe", "thread": {"social": {"gplus": {"shares": 0}, "pinterest": {"shares": 0}, "vk": {"shares": 0}, "linkedin": {"shares": 0}, "facebook": {"likes": 0, "shares": 0, "comments": 0}, "stumbledupon": {"shares": 0}}, "site_full": "www.emol.com", "main_image": "http://static.emol.cl/emol50/Fotos/2016/10/02/file_20161002162224.jpg", "site_section": "http://www.emol.com/", "section_title": "Emol.com - El sitio de noticias online de Chile", "url": "http://www.emol.com/noticias/Deportes/2016/10/02/824629/El-notable-registro-de-Bravo-Volvio-a-atajarle-un-penal-a-un-jugador-argentino.html", "country": "CL", "domain_rank": 664, "title": "El notable registro de Claudio Bravo: Volvió a atajarle un penal a un jugador argentino", "performance_score": 0, "site": "emol.com", "participants_count": 19, "title_full": "El notable registro de Claudio Bravo: Volvió a atajarle un penal a un jugador argentino | Emol.com", "spam_score": 0.073, "site_type": "news", "published": "2016-10-03T00:23:00.000+03:00", "replies_count": 43, "uuid": "92323eef59293fb55f53e4148d0d9a7814689dfe"}, "author": "emol.com", "url": "http://www.emol.com/noticias/Deportes/2016/10/02/824629/El-notable-registro-de-Bravo-Volvio-a-atajarle-un-penal-a-un-jugador-argentino.html", "ord_in_thread": 0, "title": "El notable registro de Claudio Bravo: Volvió a atajarle un penal a un jugador argentino", "locations": [], "entities": {"persons": [], "locations": [], "organizations": []}, "highlightText": "", "language": "spanish", "persons": [], "text": "SANTIAGO.- Se está transformando en una sana costumbre. Claudio Bravo sumó un nuevo y notable registro. Ya le ha atajado tres penales en el último tiempo a jugadores argentinos.\nEl último se dio hoy. Pese a que su Manchester City cayó 0-2 ante el Tottenham Hotspur, el golero nacional evitó que fuera aún más abultado.\nA los 65 minutos se paró frente a él el trasandino Erik Lamela. Bravo lo miró, comenzó a moverse de lado a lado y decidió lanzarse a su costado izquierdo. Excelente elección ya que la bola fue para allá y el capitán de la \"Roja\" se lució.\nLamela se sumó así a sus compatriotas Ever Banega y Lucas Biglia. Claro que estos dos últimos fue en instancias mucho más importantes e históricas para el fútbol chileno.\nFinal de Copa América del 2015. Luego de 120 minutos igualados sin goles Chile y la \"Albiceleste\" llegan a la definición desde los doce pasos. Estadio Nacional repleto. Sexto lanzamiento, la \"Roja\" arriba 3-1. Banega toma la bola con la presión de que recién Gonzalo Higuaín había mandado la pelota a las nubes.\nY Bravo se lució. Nuevamente fue sobre su izquierda y desató la locura. Luego Alexis Sánchez se la picaría a Sergio Romero y los nacionales darían su primera vuelta olímpica.\nUn año después. Esta vez el marco fue la Copa Centenario. También una final. También 120 minutos sin goles. Lucas Biglia toma la pelota. Chile ganaba 3-2 y el blondo volante lo pierde. O mejor dicho, el golero nacional se lo ataja yendo abajo y a su derecha.\nMira el penal atajado a Lamela\nY el atajado a Biglia", "external_links": ["https://twitter.com/eltrueno/status/747541010176159744", "https://twitter.com/IronAndres_/status/782594476548169729"], "published": "2016-10-03T00:23:00.000+03:00", "crawled": "2016-10-03T01:19:19.792+03:00", "highlightTitle": ""}