{"organizations": [], "uuid": "f0dde2f20956fc0ab3d8c3327b9fb18c9dde92df", "thread": {"social": {"gplus": {"shares": 0}, "pinterest": {"shares": 0}, "vk": {"shares": 0}, "linkedin": {"shares": 0}, "facebook": {"likes": 98, "shares": 98, "comments": 0}, "stumbledupon": {"shares": 0}}, "site_full": "www.milenio.com", "main_image": "http://www.milenio.com/hey/musica/book_of_noodle-gorillaz_MILIMA20161003_0188_14.jpg", "site_section": "http://www.milenio.com/", "section_title": "Milenio Noticias - Diario, TV y Radio online - Grupo Milenio", "url": "http://www.milenio.com/hey/musica/gorillaz-the-book-of-noodle-milenio-hey_0_822517909.html", "country": "US", "domain_rank": 8394, "title": "Gorillaz lanza ‘The Book of Noodle’", "performance_score": 0, "site": "milenio.com", "participants_count": 1, "title_full": "Gorillaz lanza ‘The Book of Noodle’ - Grupo Milenio", "spam_score": 0.0, "site_type": "news", "published": "2016-10-03T21:16:00.000+03:00", "replies_count": 0, "uuid": "f0dde2f20956fc0ab3d8c3327b9fb18c9dde92df"}, "author": "Milenio Digital", "url": "http://www.milenio.com/hey/musica/gorillaz-the-book-of-noodle-milenio-hey_0_822517909.html", "ord_in_thread": 0, "title": "Gorillaz lanza ‘The Book of Noodle’", "locations": [], "entities": {"persons": [], "locations": [], "organizations": []}, "highlightText": "", "language": "spanish", "persons": [], "text": "Así luce Noodle, la guitarrista que protagoniza la nueva historia de Gorillaz (Twitter) Milenio Digital 03/10/2016 01:16 PM\nMéxico\nLa banda virtual Gorillaz lanzó un historia titulada ‘The Book of Noodle’ en Twitter.\nLa narración, que es ilustrada con pequeñas imágenes, cuenta cómo fue que una joven llamada Noodle escapó de ‘Plastic Beach’ y derrotó a un demonio que accidentalmente dejó escapar.\nTE RECOMENDAMOS: Gorillaz llega a Instagram con sus mejores momentos\nDespués de disfrazarse de geisha, la protagonista consigue decapitar al villano.\nAunque la banda no ha revelado más detalles, la historia hace referencia al penúltimo álbum de la agrupación ‘Plastic Beach’, lo que ha hecho suponer a sus fans que ‘The Book of Noodle’ será el título de su próximo álbum.\nHace una semana, Gorillaz estrenó también su cuenta en Instagram en la que comenzó a hacer un recuento de sus mejores momentos.\nTe compartimos ‘The Book of Noodle’\n⚡️ \"The Book of Noodle\" by @gorillaz https://t.co/KYfqefSvtw\n— gorillaz (@gorillaz) 3 de octubre de 2016 GEV", "external_links": ["https://twitter.com/gorillaz/status/782984595331506180", "http://platform.twitter.com/widgets.js", "https://twitter.com/gorillaz", "https://t.co/KYfqefSvtw"], "published": "2016-10-03T21:16:00.000+03:00", "crawled": "2016-10-04T00:14:37.439+03:00", "highlightTitle": ""}