{"organizations": [], "uuid": "ce47cf168bdde8a3524abfa4e035c5bd578cd772", "thread": {"social": {"gplus": {"shares": 0}, "pinterest": {"shares": 0}, "vk": {"shares": 0}, "linkedin": {"shares": 0}, "facebook": {"likes": 0, "shares": 0, "comments": 0}, "stumbledupon": {"shares": 0}}, "site_full": "www.coches.net", "main_image": "http://a.ccdn.es/cnet/2016/10/03/32213285/104306826_g.jpg", "site_section": "", "section_title": "", "url": "http://www.coches.net/peugeot-1007-14-urban-3p-gasolina-2007-en-zaragoza-32213285-covo.aspx", "country": "US", "domain_rank": 6093, "title": "peugeot 1007 1.4 urban Gasolina Rojo del 2007 con 137000km en Zaragoza 32213285", "performance_score": 0, "site": "coches.net", "participants_count": 0, "title_full": "peugeot 1007 1.4 urban Gasolina Rojo del 2007 con 137000km en Zaragoza 32213285", "spam_score": 0.023, "site_type": "news", "published": "2016-10-03T08:00:00.000+03:00", "replies_count": 0, "uuid": "ce47cf168bdde8a3524abfa4e035c5bd578cd772"}, "author": "", "url": "http://www.coches.net/peugeot-1007-14-urban-3p-gasolina-2007-en-zaragoza-32213285-covo.aspx", "ord_in_thread": 0, "title": "peugeot 1007 1.4 urban Gasolina Rojo del 2007 con 137000km en Zaragoza 32213285", "locations": [], "entities": {"persons": [], "locations": [], "organizations": []}, "highlightText": "", "language": "spanish", "persons": [], "text": "Garantía 12 meses (1 año) Comentarios del anunciante \nVehiculo revisado y al dia de todo. es el modelo Dolce, y lleva todos extras. muy comodo por las puertas laterales. se aceptan cambios logicosChollocoches. Calle nogal 41-43 la puebla de alfinden (zaragoza a 10 min) Paralelo a la NII. Chollocochesliso ", "external_links": [], "published": "2016-10-03T08:00:00.000+03:00", "crawled": "2016-10-03T03:02:37.472+03:00", "highlightTitle": ""}