{"organizations": [], "uuid": "dd37fe1528f4258e08ca7f26ed7de66507978e26", "thread": {"social": {"gplus": {"shares": 0}, "pinterest": {"shares": 0}, "vk": {"shares": 0}, "linkedin": {"shares": 0}, "facebook": {"likes": 0, "shares": 0, "comments": 0}, "stumbledupon": {"shares": 0}}, "site_full": "www.coches.net", "main_image": "http://a.ccdn.es/cnet/2016/10/01/32208597/104269482_g.jpg", "site_section": "", "section_title": "", "url": "http://www.coches.net/nissan-qashqai-16dci-ss-360-4x2-xtronic-5p-diesel-2015-en-lleida-32208597-covo.aspx", "country": "US", "domain_rank": 6093, "title": "nissan qashqai 1.6dci ss 360 4x2 xtronic Diesel Gris / Plata del 2015 con 1958km en Lleida 32208597", "performance_score": 0, "site": "coches.net", "participants_count": 0, "title_full": "nissan qashqai 1.6dci ss 360 4x2 xtronic Diesel Gris / Plata del 2015 con 1958km en Lleida 32208597", "spam_score": 0.043, "site_type": "news", "published": "2016-10-01T08:00:00.000+03:00", "replies_count": 0, "uuid": "dd37fe1528f4258e08ca7f26ed7de66507978e26"}, "author": "", "url": "http://www.coches.net/nissan-qashqai-16dci-ss-360-4x2-xtronic-5p-diesel-2015-en-lleida-32208597-covo.aspx", "ord_in_thread": 0, "title": "nissan qashqai 1.6dci ss 360 4x2 xtronic Diesel Gris / Plata del 2015 con 1958km en Lleida 32208597", "locations": [], "entities": {"persons": [], "locations": [], "organizations": []}, "highlightText": "", "language": "spanish", "persons": [], "text": "Garantía oficial 12 meses (1 año) Comentarios del anunciante \nOPORTUNIDAD EN NISSAN QASHQAI 360º 1.6 DCI 130 CV S&S 4x2 XTRONIC 5P. Diesel. VEHICULO NACIONAL. SOLO 1.900 KM!!! EQUIPAMIENTO DESTACADO: Climatización bi-zona, camara 360º, llantas de aleación, pantalla en color táctil, sistema de navegación, bluetooth, isofix, alerta de cambio de carril, sensores de aparcamiento, volante multifunción, control de velocidad, faros de LED, cristales tintados, limitador de velocidad, reposabrazos central delantero, freno de mano eléctrico, retrovisores exteriores plegables eléctricamente, faros antiniebla delanteros, cierre centralizado con mando a distancia, botón de arranque del vehículo,... Aceptamos su actual vehículo como forma de pago, tasación sin compromiso. Le podemos ofrecer financiación a medida para su vehículo. Llámenos y le informaremos sin compromiso. Equipamiento extra ", "external_links": [], "published": "2016-10-01T08:00:00.000+03:00", "crawled": "2016-10-01T13:02:48.579+03:00", "highlightTitle": ""}