{"organizations": [], "uuid": "86a0d44a61147e8cb608f7db6423163e8e23264a", "thread": {"social": {"gplus": {"shares": 0}, "pinterest": {"shares": 0}, "vk": {"shares": 0}, "linkedin": {"shares": 0}, "facebook": {"likes": 0, "shares": 0, "comments": 0}, "stumbledupon": {"shares": 0}}, "site_full": "ecodiario.eleconomista.es", "main_image": "http://s03.s3c.es/imag3/logos/economista/bg-ee-facebook.jpg", "site_section": "", "section_title": "", "url": "http://ecodiario.eleconomista.es/espana/noticias/7862004/09/16/CastillaLa-Mancha-difunde-sus-atractivos-turisticos-y-el-Centenario-de-la-Muerte-de-Cervantes-en-Tierra-Adentro.html", "country": "US", "domain_rank": 3233, "title": "Castilla-La Mancha difunde sus atractivos turísticos y el Centenario de la Muerte de Cervantes en Tierra Adentro - EcoDiario.es", "performance_score": 0, "site": "eleconomista.es", "participants_count": 0, "title_full": "Castilla-La Mancha difunde sus atractivos turísticos y el Centenario de la Muerte de Cervantes en Tierra Adentro - EcoDiario.es", "spam_score": 0.454, "site_type": "news", "published": "2016-10-01T03:16:00.000+03:00", "replies_count": 0, "uuid": "86a0d44a61147e8cb608f7db6423163e8e23264a"}, "author": "", "url": "http://ecodiario.eleconomista.es/espana/noticias/7862004/09/16/CastillaLa-Mancha-difunde-sus-atractivos-turisticos-y-el-Centenario-de-la-Muerte-de-Cervantes-en-Tierra-Adentro.html", "ord_in_thread": 0, "title": "Castilla-La Mancha difunde sus atractivos turísticos y el Centenario de la Muerte de Cervantes en Tierra Adentro - EcoDiario.es", "locations": [], "entities": {"persons": [], "locations": [], "organizations": []}, "highlightText": "", "language": "spanish", "persons": [], "text": "Castilla-La Mancha presenta mañana su programa por el IV Centenario de la muerte de Cervantes (31/03) \nEl Gobierno de Castilla-La Mancha promociona los atractivos turísticos de la región así como el IV Centenario de la Muerte de Cervantes en la XV Feria de Turismo de Interior de Andalucía, Tierra Adentro, que se celebra desde este viernes y hasta el domingo en Jaén con la participación de unas 400 empresas turísticas de diferentes puntos del país. \nJAÉN, 30 (EUROPA PRESS) \nLa directora general de Turismo, Comercio y Artesanía, Ana Isabel Fernández, y el coordinador de los actos del Centenario, Gabriel González, han visitado este viernes el estand turístico en el que los visitantes podrán encontrar información sobre esta comunidad. \nIgualmente, pondrán conocer las más de 70 actividades organizadas por el Gobierno regional en más de 150 localidades para conmemorar el IV Centenario de la Muerte de Miguel de Cervantes, en las que ya han participado más de 400.000 personas, destacando los 37.500 visitantes de la exposición 'aTempora' en Sigüenza o los 27.000 que han disfrutado de 'La Poética de la Libertad' en la Catedral de Cuenca. \nFernández, según ha informado el gobierno castellano-manchego en una nota, ha aprovechado la ocasión para avanzar la tercera de las grandes muestras organizadas en Castilla-La Mancha con motivo de esta efeméride, 'Cervantes, soldado y poeta', que se inaugurará a finales de noviembre en el Museo del Ejército y el Museo de Santa Cruz, ambos en Toledo, y que se podrá visitar hasta el mes de abril de 2017. \nEn la delegación castellano-manchega desplazada a Jaén ha participado también la concejala de Turismo del Ayuntamiento de Toledo, Rosana Rodríguez, que junto a la directora general de Turismo ha destacado la Capitalidad Gastronómica de Toledo en 2016, otro de los atractivos que ha conseguido atraer a miles de visitantes a la capital regional, así como una representación de la ruta 'País del Quijote', de la que forman parte Alcázar de San Juan, Argamasilla de Alba, El Toboso y Campo de Criptana. \nLa directora general de Turismo, Comercio y Artesanía ha resaltado la importancia de participar en esta feria dedicada al turismo de interior al representar Andalucía el cuarto mercado emisor de turistas en Castilla-La Mancha, \"un mercado potente que aporta el 13 por ciento de los visitantes que recibe nuestra región\". \nFernández, además, ha recordado que, según los datos publicados por el Instituto Nacional de Estadística, Castilla-La Mancha es la comunidad que más ha crecido en turismo rural en los primeros ocho meses del año, con un 24,6 por ciento más de viajeros y un 20 por ciento más de pernoctaciones respecto al mismo periodo del año anterior, convirtiéndose así en la quinta comunidad con más peso dentro de este sector. \nEn este sentido, ha reseñado hasta el pasado mes de junio la región contabiliza ya cerca de un millón de viajeros residentes españoles más respecto al mismo periodo del año anterior, con un incremento en el gasto de 106 millones de euros. Datos que, ha subrayado, ponen de manifiesto que a este ritmo se superará el objetivo inicial de alcanzar 1,2 millones de viajeros en 2016 gracias a la conmemoración del IV Centenario de la Muerte de Cervantes. \nEn su visita a la Tierra Adentro, Fernández y González han estado acompañados por el consejero de Turismo y Deporte de Andalucía, Francisco Javier Fernández; el presidente de la Diputación jiennense, Francisco Reyes Martínez; y el alcalde de Jaén, Francisco Javier Márquez. Enlaces relacionados ", "external_links": [], "published": "2016-10-01T03:16:00.000+03:00", "crawled": "2016-10-02T04:20:14.026+03:00", "highlightTitle": ""}