{"organizations": [], "uuid": "f2637ba756d5e1c460deaf043e28554899e8c33c", "thread": {"social": {"gplus": {"shares": 0}, "pinterest": {"shares": 0}, "vk": {"shares": 0}, "linkedin": {"shares": 0}, "facebook": {"likes": 0, "shares": 0, "comments": 0}, "stumbledupon": {"shares": 0}}, "site_full": "www.lanacion.com.ar", "main_image": "http://bucket.glanacion.com/anexos/fotos/11/2278711.jpg", "site_section": "http://www.lanacion.com.ar/espectaculos", "section_title": "Espectáculos - LA NACION", "url": "http://www.lanacion.com.ar/1943046-mira-el-teaser-de-la-vuelta-de-twin-peaks", "country": "AR", "domain_rank": 1177, "title": "Mirá el teaser de la vuelta de Twin Peaks - 01.10.2016", "performance_score": 0, "site": "lanacion.com.ar", "participants_count": 1, "title_full": "Mirá el teaser de la vuelta de Twin Peaks - 01.10.2016 - LA NACION", "spam_score": 0.152, "site_type": "news", "published": "2016-10-03T03:00:00.000+03:00", "replies_count": 0, "uuid": "f2637ba756d5e1c460deaf043e28554899e8c33c"}, "author": "lanacion", "url": "http://www.lanacion.com.ar/1943046-mira-el-teaser-de-la-vuelta-de-twin-peaks", "ord_in_thread": 0, "title": "Mirá el teaser de la vuelta de Twin Peaks - 01.10.2016", "locations": [], "entities": {"persons": [], "locations": [], "organizations": []}, "highlightText": "", "language": "spanish", "persons": [], "text": "0 El estreno de la tercera temporada de Twin Peaks , la imprescindible serie creada por David Lynch y Mark Frost, es con seguridad uno de los eventos televisivos más esperados del próximo 2017. Pero la información, hasta el momento, es más bien poca: algunas pistas con respecto a la trama , multitudinarias apariciones de reconocidos artistas , la incorporación de Eddie Veder como músico invitado , y no mucho más.\nHasta que finalmente se estrenó un teaser protagonizado por Angelo Badalamenti, el compositor de la serie original y colaborador frecuente de Lynch en cine. El clip se centra en el músico tocando una reconocible pieza de Twin Peaks , mientras se muestra un bosque cuya imagen final presenta a la icónica Laura Palmer, algo que alcanza y sobra para alimentar las enormes expectativas que genera el regreso de esta ficción.\nEn esta nota: Series de TV", "external_links": ["http://twitter.com/share?text=Mirá", "http://www.facebook.com/sharer.php?s=100&u=http://www.lanacion.com.ar/1943046", "https://www.youtube.com/embed/-kdgYzPIugg", "https://plus.google.com/share?url=http://www.lanacion.com.ar/1943046", "http://zor.livefyre.com/wjs/v1.0/javascripts/CommentCount.js"], "published": "2016-10-03T03:00:00.000+03:00", "crawled": "2016-10-03T16:31:31.743+03:00", "highlightTitle": ""}