{"organizations": [], "uuid": "ff888e9dc52ee418d45554cd6a4ff5c5b74bba3c", "thread": {"social": {"gplus": {"shares": 0}, "pinterest": {"shares": 0}, "vk": {"shares": 0}, "linkedin": {"shares": 0}, "facebook": {"likes": 13, "shares": 13, "comments": 2}, "stumbledupon": {"shares": 0}}, "site_full": "laiguana.tv", "main_image": "http://activos.laiguana.tv/images/_nodate/37515-183b442ef8229efb07cfc846d75e4621_XL.jpg", "site_section": "", "section_title": "", "url": "http://laiguana.tv/articulos/37515-al-menos-52-muertos-en-estampida-humana-durante-un-festival-en-etiopia", "country": "US", "domain_rank": 8809, "title": "Al menos 52 muertos dejó estampida humana durante un festival en Etiopía (+fotos) | La iguana TV", "performance_score": 0, "site": "laiguana.tv", "participants_count": 0, "title_full": "Al menos 52 muertos dejó estampida humana durante un festival en Etiopía (+fotos) | La iguana TV", "spam_score": 0.227, "site_type": "news", "published": "2016-10-03T19:14:00.000+03:00", "replies_count": 0, "uuid": "ff888e9dc52ee418d45554cd6a4ff5c5b74bba3c"}, "author": "", "url": "http://laiguana.tv/articulos/37515-al-menos-52-muertos-en-estampida-humana-durante-un-festival-en-etiopia", "ord_in_thread": 0, "title": "Al menos 52 muertos dejó estampida humana durante un festival en Etiopía (+fotos) | La iguana TV", "locations": [], "entities": {"persons": [], "locations": [], "organizations": []}, "highlightText": "", "language": "spanish", "persons": [], "text": "Al menos 52 muertos dejó estampida humana durante un festival en Etiopía (+fotos) domingo, 2 de octubre 2016 Cincuenta y dos personas murieron el domingo en una estampida humana en el tradicional festival oromo Irreecha, en la localidad de Bishoftu, en el sur de Addis Abeba, anunció el gobierno regional oromo. El gobierno regional oromo explicó en un comunicado que actos de violencia estallaron durante el festival por la acción de “fuerzas irresponsables”. “52 personas murieron en la estampida”, agregó. ", "external_links": [], "published": "2016-10-03T19:14:00.000+03:00", "crawled": "2016-10-03T14:16:30.564+03:00", "highlightTitle": ""}