{"organizations": [], "uuid": "01fdc2cc005573344ea357a792920c989b7fc666", "thread": {"social": {"gplus": {"shares": 0}, "pinterest": {"shares": 0}, "vk": {"shares": 0}, "linkedin": {"shares": 0}, "facebook": {"likes": 0, "shares": 0, "comments": 0}, "stumbledupon": {"shares": 0}}, "site_full": "es.reuters.com", "main_image": "", "site_section": "", "section_title": "", "url": "http://es.reuters.com/article/smallCapsNews/idESL5N1C91TB", "country": "US", "domain_rank": 408, "title": "La rentabilidad del bono español a 10 años cae a un nuevo mínimo | Reuters", "performance_score": 0, "site": "reuters.com", "participants_count": 0, "title_full": "La rentabilidad del bono español a 10 años cae a un nuevo mínimo | Reuters", "spam_score": 0.036, "site_type": "news", "published": "2016-10-03T17:13:00.000+03:00", "replies_count": 0, "uuid": "01fdc2cc005573344ea357a792920c989b7fc666"}, "author": "", "url": "http://es.reuters.com/article/smallCapsNews/idESL5N1C91TB", "ord_in_thread": 0, "title": "La rentabilidad del bono español a 10 años cae a un nuevo mínimo | Reuters", "locations": [], "entities": {"persons": [], "locations": [], "organizations": []}, "highlightText": "", "language": "spanish", "persons": [], "text": "La rentabilidad del bono español a 10 años cae a un nuevo mínimo lunes 3 de octubre de 2016 11:13 CEST [ - ] Texto [ + ] \nPor Dhara Ranasinghe \nLONDRES, 3 oct (Reuters) - La rentabilidad del bono español a 10 años alcanzó el lunes un nuevo mínimo, ante la esperanza de que la dimisión del líder socialista el fin de semana ayude a allanar el camino para la formación de un nuevo gobierno. \nEl líder del PSOE Pedro Sánchez dimitió el sábado tras perder una votación en una turbulenta reunión del comité federal, un paso que podría despejar la formación de gobierno y poner fin a un bloqueo político de nueve meses. \nLa rentabilidad del bono español a 10 años caía casi dos puntos básicos a un mínimo de 0,866 por ciento. Por el contrario, la deuda de otros países de la periferia del euro como Italia o Portugal subía uno o dos puntos básicos. \nEl bono español también se comportaba mejor que su homólogo alemán, que se situaba plano alrededor del -0,12 por ciento. \n\"La esperanza es que ahora podamos ver la formación de un gobierno en España\" dijo el estratega de renta fija de Rabobank Matthew Cairns. \nTambién ayudaba la decisión de la agencia de calificación S&P de mantener el rating de España en BBB+ con perspectiva estable a última hora del viernes, lo que mejoraba el sentimiento hacia la deuda española ya que algunos bancos habían advertido del riesgo de rebaja de la calificación. (Información de Dhara Ranasinghe; Traducido por Emma Pinedo) © Thomson Reuters 2016 All rights reserved. ", "external_links": [], "published": "2016-10-03T17:13:00.000+03:00", "crawled": "2016-10-03T23:30:24.940+03:00", "highlightTitle": ""}