{"organizations": [], "uuid": "1b8c4e47a991f796391ca67a121cb40d05df8d73", "thread": {"social": {"gplus": {"shares": 0}, "pinterest": {"shares": 0}, "vk": {"shares": 0}, "linkedin": {"shares": 0}, "facebook": {"likes": 0, "shares": 0, "comments": 0}, "stumbledupon": {"shares": 0}}, "site_full": "actualidad.rt.com", "main_image": "https://esp.rt.com/actualidad/public_images/2016.10/article/57f27e29c36188ee268b46ec.jpg", "site_section": "", "section_title": "", "url": "https://actualidad.rt.com/actualidad/220339-hillary-clinton-ataque-drone-assange", "country": "US", "domain_rank": 538, "title": "Hillary Clinton, sobre Julian Assange: \"¿No podemos atacar con un dron a este tipo?\" - RT", "performance_score": 0, "site": "rt.com", "participants_count": 0, "title_full": "Hillary Clinton, sobre Julian Assange: \"¿No podemos atacar con un dron a este tipo?\" - RT", "spam_score": 0.724, "site_type": "news", "published": "2016-10-02T08:00:00.000+03:00", "replies_count": 0, "uuid": "1b8c4e47a991f796391ca67a121cb40d05df8d73"}, "author": "", "url": "https://actualidad.rt.com/actualidad/220339-hillary-clinton-ataque-drone-assange", "ord_in_thread": 0, "title": "Hillary Clinton, sobre Julian Assange: \"¿No podemos atacar con un dron a este tipo?\" - RT", "locations": [], "entities": {"persons": [], "locations": [], "organizations": []}, "highlightText": "", "language": "spanish", "persons": [], "text": "Exempleado del servicio secreto francés confirma el espionaje de EE.UU. en el Palacio del Elíseo \nEl portal web True Pundit ha revelado que durante su período al frente de la diplomacia estadounidense, Hillary Clinton y el resto del Departamento de Estado recibieron presiones desde la Casa Blanca y otros gobiernos para silenciar a Julian Assange y a WikiLeaks . \nEl 23 de noviembre de 2010 Clinton se reunió con el personal en una oficina del Departamento de Estado para formular una estrategia que frustrara el plan de Assange de publicar 250.000 cables diplomáticos secretos datados desde 1966 a 2010. Era el llamado Cablegate. \n\"¿No podemos sencillamente atacar con un dron a ese tipo?\", se preguntó la actual candidata demócrata a la presidencia de EE.UU., según una fuente del Departamento de Estado no identificada. Además, el portal True Pundit ha revelado que la gente que se encontraba en la habitación con Clinton ese día no pudo evitar reírse del comentario, aunque pronto quedó claro que la hoy candidata a la presidencia estadounidense hablaba en serio. \nLos informes constatan que la entonces secretaria de Estado tachó al fundador de WikiLeaks de \"blanco fácil\" que \"andaba\" libremente y mostraba su desprecio sin ningún temor a las represalias de Washington. Hillary Clinton on Assange \"Can't we just drone this guy\" -- report https://t.co/S7tPrl2QCZ pic.twitter.com/qy2EQBa48y — WikiLeaks (@wikileaks) 3 de octubre de 2016 \nDespués de la sugerencia de Clinton, el Departamento de Estado consideró ofrecer una recompensa a cualquiera que ayudara a capturar a Assange y a extraditarlo a EE.UU. De acuerdo con fuentes no identificadas, se hablaba de una recompensa de 10 millones de dólares. \nCinco días después de la reunión, el 28 de noviembre de 2010, Wikileaks comenzó a publicar los archivos del Cablegate. ", "external_links": [], "published": "2016-10-02T08:00:00.000+03:00", "crawled": "2016-10-03T21:54:10.253+03:00", "highlightTitle": ""}