{"organizations": [], "uuid": "36d5c605affc29b64d8037db465e9dde04399fc6", "thread": {"social": {"gplus": {"shares": 0}, "pinterest": {"shares": 0}, "vk": {"shares": 0}, "linkedin": {"shares": 0}, "facebook": {"likes": 19, "shares": 19, "comments": 0}, "stumbledupon": {"shares": 0}}, "site_full": "www.biobiochile.cl", "main_image": "http://media.biobiochile.cl/wp-content/uploads/2016/09/educacion-1-730x350.jpg", "site_section": "", "section_title": "", "url": "http://www.biobiochile.cl/noticias/nacional/chile/2016/09/30/estudiantes-y-rectores-piden-aclarar-como-se-usaran-recursos-de-educacion-en-presupuesto.shtml", "country": "US", "domain_rank": 759, "title": "Estudiantes y rectores piden aclarar cómo se usarán recursos de educación en Presupuesto", "performance_score": 0, "site": "biobiochile.cl", "participants_count": 0, "title_full": "Estudiantes y rectores piden aclarar cómo se usarán recursos de educación en Presupuesto", "spam_score": 0.2, "site_type": "news", "published": "2016-10-01T06:41:00.000+03:00", "replies_count": 0, "uuid": "36d5c605affc29b64d8037db465e9dde04399fc6"}, "author": "Biobiochile - La Red De Prensa M S Grande De Chile.", "url": "http://www.biobiochile.cl/noticias/nacional/chile/2016/09/30/estudiantes-y-rectores-piden-aclarar-como-se-usaran-recursos-de-educacion-en-presupuesto.shtml", "ord_in_thread": 0, "title": "Estudiantes y rectores piden aclarar cómo se usarán recursos de educación en Presupuesto", "locations": [], "entities": {"persons": [], "locations": [], "organizations": []}, "highlightText": "", "language": "spanish", "persons": [], "text": "Estudiantes y rectores piden aclarar cómo se usarán recursos de educación en Presupuesto 0 Visitas \n14 mil millones de dólares del presupuesto 2017, serán destinado a Educación , según lo anunció la presidenta Michelle Bachelet, en cadena nacional, poniendo énfasis en desarrollo profesional docente y gratuidad. \n275.743 millones serán destinados para la entrada en vigencia del Sistema de Desarrollo profesional docente. \nAnuncio que fue calificado por el presidente del Colegio de Profesores, Jaime Gajardo, como una conquista del Magisterio, que beneficiará a todos los profesores del país. http://media.biobiochile.cl/wp-content/uploads/2016/09/621-cuna-presupuesto-educ-gajardo-cd.mp3 \nSobre gratuidad, se aumentará en un 55% el presupuesto, con lo que desde La Moneda, aseguraron se duplicaría el número de jóvenes que estudian sin pagar. \nMedida que no fue tan bien recibido por los estudiantes. De hecho, la presidenta de la Federación de Estudiantes de la Universidad de Chile (FECH), Camila Rojas, señaló que la idea no es inyectar más presupuesto a un sistema que no da abasto, llamando a la mandataria que aclare cuál es el real destino de la inversión. ", "external_links": [], "published": "2016-10-01T06:41:00.000+03:00", "crawled": "2016-10-01T05:33:36.356+03:00", "highlightTitle": ""}