{"organizations": [], "uuid": "4d7db9f3e2f6cf57c01b9d01e198ab028b1821a4", "thread": {"social": {"gplus": {"shares": 0}, "pinterest": {"shares": 0}, "vk": {"shares": 0}, "linkedin": {"shares": 0}, "facebook": {"likes": 787, "shares": 787, "comments": 0}, "stumbledupon": {"shares": 0}}, "site_full": "as.com", "main_image": "http://as00.epimg.net/epik/imagenes/2016/10/03/portada/1475519573_085816_1475520046_doscolumnas_normal.jpg", "site_section": "", "section_title": "", "url": "http://as.com/epik/2016/10/03/portada/1475519573_085816.html", "country": "ES", "domain_rank": 888, "title": "Pep-Peronni: la broma sobre la pizza con la cara de Guardiola que se ha comido todo el mundo", "performance_score": 7, "site": "as.com", "participants_count": 0, "title_full": "Pep-Peronni: la broma sobre la pizza con la cara de Guardiola que se ha comido todo el mundo", "spam_score": 0.2, "site_type": "news", "published": "2016-10-03T08:00:00.000+03:00", "replies_count": 0, "uuid": "4d7db9f3e2f6cf57c01b9d01e198ab028b1821a4"}, "author": "Mateo Navarro", "url": "http://as.com/epik/2016/10/03/portada/1475519573_085816.html", "ord_in_thread": 0, "title": "Pep-Peronni: la broma sobre la pizza con la cara de Guardiola que se ha comido todo el mundo", "locations": [], "entities": {"persons": [], "locations": [], "organizations": []}, "highlightText": "", "language": "spanish", "persons": [], "text": "Esto es lo que ven tus padres cuando tú estás de resaca Estás leyendo Pep-Peronni: la broma sobre la pizza con la cara de Guardiola que se ha comido todo el mundo ¿Por qué los pilotos están celebrando las victorias bebiendo de sus zapatos? TROLLEADA 'ÉPIKA' Pep-Peronni: la broma sobre la pizza con la cara de Guardiola que se ha comido todo el mundo Un aficionado se encuentra la cara de Pep Guardiola en su pizza. ¿Milagro, pareidolia? No, en realidad es un fake Actualizado a las: 4 octubre 2016 09:42h CEST \n¿Hay algo en el universo, alguna fuerza mayor, que pueda estropear el momento en el que suena el timbre y el repartidor trae una caja calentita con una deliciosa pizza dentro? Pues parece que sí. Esto es la historia de la pizza que ha conmocionado a muchos medios deportivos. \nLa pizza, en realidad, era un regalo envenenado \nTodo comenzó cuando un aficionado del Manchester United pidió una pizza en la que se encontró a Pep Guardiola. O al menos sufrió lo que se llama pareidolia y encontró entre el queso fundido el rostro del entrenador. James Haggerty, que así se llama el buen hombre, conmocionado por la sorpresa, llamó al local para que le cambiaran la pizza por otra, y el responsable de la pizzería se negó. It's Pepperoni Guardiola! Furious Man Utd fan sues after finding face of Man City boss on his pizza. @thesundaysport world exclusive! pic.twitter.com/6oTrNFpVK8 — Sunday Sport (@thesundaysport) 1 de octubre de 2016 \nHaggerty, visiblemente dañado en lo moral y en lo emocional, declaró que les denunciaría a todo, y ahora exige que le devuelvan las 7,50 libras que le costó la pizza y 5000 más por el disgusto. Claro, la noticia es como para hacerse eco. \nAhora bien, nada de eso ha ocurrido de verdad. El Sunday Sport es un tabloide inglés al estilo de El Mundo Today, que ha logrado colársela por la escuadra a numerosos medios de nuestro país. En menos de cinco minutos rastreando la web se podía comprobar fácilmente que las exclusivas del Sunday Sport son del tipo \"encontrado un avión perdido en la luna\", \"el secreto mejor guardado de la Segunda Guerra Mundial: Adolf Hitler era una mujer\" o \"le echan del ISIS por llevar zapatillas del Aldi\". \nPor si la sátira de sus noticias no fuera suficiente, con mirar durante un rato el fotomontaje de la cara de Guardiola y la pizza, uno duda de la buena definición del rostro en la misma, casi hecho por una impresora 3D. ¿De verdad alguien pudo creer esta historia en algún momento? . Etiquetado en: ", "external_links": [], "published": "2016-10-03T08:00:00.000+03:00", "crawled": "2016-10-04T20:44:44.286+03:00", "highlightTitle": ""}