{"organizations": [], "uuid": "b257faac5a21cccc44f8c3bffad98c03401535ee", "thread": {"social": {"gplus": {"shares": 0}, "pinterest": {"shares": 0}, "vk": {"shares": 0}, "linkedin": {"shares": 0}, "facebook": {"likes": 1, "shares": 1, "comments": 0}, "stumbledupon": {"shares": 0}}, "site_full": "www.eleconomista.es", "main_image": "http://s03.s3c.es/imag3/logos/economista/bg-ee-facebook.jpg", "site_section": "http://www.eleconomista.es/rss/rss-espania.php", "section_title": "elEconomista  Seleccion", "url": "http://www.eleconomista.es/espana/noticias/7862939/10/16/La-Comunidad-da-luz-verde-al-nuevo-contrato-de-limpieza-en-9-hospitales-publicos.html", "country": "ES", "domain_rank": 3233, "title": "La Comunidad da luz verde al nuevo contrato de limpieza en 9 hospitales públicos", "performance_score": 0, "site": "eleconomista.es", "participants_count": 0, "title_full": "La Comunidad da luz verde al nuevo contrato de limpieza en 9 hospitales públicos", "spam_score": 0.0, "site_type": "news", "published": "2016-10-01T18:55:00.000+03:00", "replies_count": 0, "uuid": "b257faac5a21cccc44f8c3bffad98c03401535ee"}, "author": "", "url": "http://www.eleconomista.es/espana/noticias/7862939/10/16/La-Comunidad-da-luz-verde-al-nuevo-contrato-de-limpieza-en-9-hospitales-publicos.html", "ord_in_thread": 0, "title": "La Comunidad da luz verde al nuevo contrato de limpieza en 9 hospitales públicos", "locations": [], "entities": {"persons": [], "locations": [], "organizations": []}, "highlightText": "", "language": "spanish", "persons": [], "text": "La Comunidad da luz verde al nuevo contrato de limpieza en 9 hospitales públicos 1/10/2016 - 12:55 Convenio colectivo Enlaces relacionados El TSJ inadmite el recurso de la Universidad Católica contra la exclusión de las prácticas en hospitales públicos (23/09) \nLa Comunidad de Madrid va a contratar, por procedimiento abierto y pluralidad de criterios, el servicio de limpieza integral de nueve hospitales y sus centros de Atención Especializada, así como del Centro de Transfusión, organismos todos ellos del Servicio Madrileño de Salud. \nMADRID, 1 (EUROPA PRESS) \nLa Comunidad de Madrid va a contratar, por procedimiento abierto y pluralidad de criterios, el servicio de limpieza integral de nueve hospitales y sus centros de Atención Especializada, así como del Centro de Transfusión, organismos todos ellos del Servicio Madrileño de Salud. \nAsí, el Gobierno regional destinará 112.768.014,90 euros, distribuidos en tres lotes y durante un periodo de 31 meses a partir del 1 de enero de 2017, ha informado hoy el Ejecutivo autonómico en una nota de prensa. \nEn este nuevo procedimiento se hace especial hincapié en la salvaguarda de los derechos de los trabajadores, la adecuación de las superficies a los lotes de adjudicación y los servicios complementarios que aporten las empresas, han indicado. \nAdemás de la valoración del precio ofertado, con 80 puntos, también se valora con 20 puntos servicios complementarios como la desinsectación, desinfección y desratización y aspectos concretos como la instalación de secamanos eléctricos. \nLos complejos hospitalarios incluidos son el Ramón y Cajal, Niño Jesús, Clínico San Carlos, Santa Cristina, Virgen de la Torre, La Princesa, Príncipe de Asturias, Getafe y El Escorial y sus Centros de Especialidades y de Salud Mental adscritos, así como el Centro de Trasfusión de la Comunidad. \nEl Gobierno regional ha resaltado también que se penalizará por no cubrir las bajas laborales. También se obliga a que se respete el convenio colectivo del centro y se penalizan las bajas no cubiertas, especialmente en zonas críticas. El nuevo contrato refuerza las penalizaciones por incumplimiento de la calidad del servicio, que se ocupará, entre otros, de la limpieza de los edificios, instalaciones y equipamientos. PUBLICIDAD Los hombres gastan un 10% más que las mujeres al irse de compras 13:15 ElEconomista.es - Economía\nEl 45% de los españoles alguna vez ha escogido un destino turístico con el principal motivo de irse de compras, de hecho los hombres gastan … El PNV admite que la pérdida de un escaño reduce sus opciones a la mitad 13:02 Ecodiario.es - Política\nEl presidente del PNV de Gipuzkoa, Joseba Egibar, ha reconocido que la pérdida de un escaño por parte de este partido a favor de EH Bildu … El Real Madrid estudia el fichaje de Dembele, la perla de Borussia Dortmund y … 12:50 Ecodiario.es - Fútbol\nEl Real Madrid tomó nota el pasado martes de Ousmane Dembele, extremo francés de 19 años del Borussia Dortmund que causó sensación … El Comité Federal del PSOE comienza pero sin constituirse por el problema de … 12:44 Ecodiario.es - Flash\nEl Comité Federal del PSOE continúa sin constituirse tres horas después de lo previsto -estaba convocado a las 9.00-, al no haber acuerdo … EN DIRECTO | Reunión decisiva del Comité Federal del PSOE 12:44 Ecodiario.es - Política\nEl Comité Federal del PSOE continúa sin constituirse tres horas después de lo previsto -estaba convocado a las 9.00-, al no haber acuerdo … Blindaje en la sede del PSOE: los periodistas se atrincheran en los bares de la … 12:39 Ecodiario.es - Flash\nDecenas de periodistas y reporteros gráficos permanecen apostados ante la sede del PSOE de la calle Ferraz, inaccesible a los … Hamilton 'vuela' y logra la 'pole' en Malasia con récord incluido; Alonso … 12:34 ElEconomista.es - Fórmula 1\nEl inglés Lewis Hamilton (Mercedes) saldrá desde la 'pole' en el Gran Premio de Malasia, el decimosexto del Mundial de Fórmula Uno, que se … Comienza la reunión del Comité Federal del PSOE con tres horas de retraso 12:29 Ecodiario.es - Política\nEl Comité Federal del PSOE que este sábado dirime si el partido convoca un congreso extraordinario o la creación de una gestora ha … Superbacterias, una amenaza global que urge combatir desde los alimentos 12:22 Ecodiario.es - Ciencia\nEl mundo encara la amenaza global que representa la resistencia a los antibióticos y otros antimicrobianos con más preguntas que … Glovo prioriza Francia y prevé llegar a Lyon y Marsella en 2017 11:58 ElEconomista.es - Empresas y finanzas\nLa aplicación de mensajería móvil Glovo, fundada por el joven emprendedor catalán Oscar Pierre a principios de 2015, prevé llegar a Lyon …", "external_links": [], "published": "2016-10-01T18:55:00.000+03:00", "crawled": "2016-10-01T14:16:41.436+03:00", "highlightTitle": ""}