{"organizations": [], "uuid": "9807f59cab033604902da3a4e311e30a6c3f2c90", "thread": {"social": {"gplus": {"shares": 1}, "pinterest": {"shares": 0}, "vk": {"shares": 0}, "linkedin": {"shares": 0}, "facebook": {"likes": 0, "shares": 0, "comments": 0}, "stumbledupon": {"shares": 0}}, "site_full": "www.elperiodico.com", "main_image": "http://estaticos.elperiodico.com/resources/jpg/9/7/el-gordo-de-la-primitiva-1450090615279.jpg", "site_section": "http://www.elperiodico.com/es/rss/sociedad/rss.xml", "section_title": "Sociedad - elPeriódico.com", "url": "http://www.elperiodico.com/es/noticias/sorteos/gordo-primitiva-resultados-sorteo-2-octubre-2016-5445854?utm_source=rss-noticias&utm_medium=feed&utm_campaign=sorteos", "country": "ES", "domain_rank": 6941, "title": "Gordo de la Primitiva, sorteo de hoy domingo 2 de octubre del 2016", "performance_score": 0, "site": "elperiodico.com", "participants_count": 1, "title_full": "Gordo de la Primitiva, sorteo de hoy domingo 2 de octubre del 2016", "spam_score": 0.0, "site_type": "news", "published": "2016-10-02T03:00:00.000+03:00", "replies_count": 0, "uuid": "b68f5cb5bee24e02ed89aec45a6d6f6a408ebfaa"}, "author": "elperiodico.com/es", "url": "http://www.elperiodico.com/es/noticias/sorteos/gordo-primitiva-resultados-sorteo-2-octubre-2016-5445854", "ord_in_thread": 0, "title": "Gordo de la Primitiva, sorteo de hoy domingo 2 de octubre del 2016", "locations": [], "entities": {"persons": [], "locations": [], "organizations": []}, "highlightText": "", "language": "spanish", "persons": [], "text": "El resultado del sorteo del Gordo de la Primitiva de hoy domingo 2 de octubre del 2016 ha sido la combinación formada por los números: \n9 - 12 - 34 - 35 - 40 \nnúmero clave (reintegro): 5 \nLos acertantes de los cinco números principales y el reintegro obtienen el máximo premio . También resultan agraciados quienes acierten cinco, cuatro, tres o dos números, siendo el premio mayor si además tienen el reintegro ( comprobar los premios del sorteo del Gordo de la Primitiva ). Acertar solo el número clave da derecho a la devolución del dinero de la apuesta.\nLos sorteos del Gordo de la Primitiva se celebran cada domingo . Cada apuesta cuesta 1,5 euros y consiste en seleccionar cinco números diferentes entre el 1 y el 54 de la primera matriz (pronósticos), y uno entre el 0 y el 9 de la segunda matriz (número clave o reintegro).\nTambién se pueden hacer apuestas múltiples de hasta 11 números. Una misma apuesta no puede obtener más de un premio, pero las diferentes apuestas de un boleto sí pueden ganar varios premios.\n\nTEMAS\nSorteos y loterías Primitiva: noticias Facebook Twitter Google+ Whatsapp Más LinkedIn Pinterest Comentarios 0", "external_links": [], "published": "2016-10-02T03:00:00.000+03:00", "crawled": "2016-10-03T00:40:28.974+03:00", "highlightTitle": ""}