{"organizations": [], "uuid": "b24ca9094efb48fbb7d429778c3ca757aa6abae1", "thread": {"social": {"gplus": {"shares": 0}, "pinterest": {"shares": 0}, "vk": {"shares": 0}, "linkedin": {"shares": 0}, "facebook": {"likes": 1, "shares": 1, "comments": 0}, "stumbledupon": {"shares": 0}}, "site_full": "www.eleconomista.es", "main_image": "http://s03.s3c.es/imag3/logos/economista/bg-ee-facebook.jpg", "site_section": "http://www.eleconomista.es/rss/rss-espania.php", "section_title": "elEconomista  Seleccion", "url": "http://www.eleconomista.es/espana/noticias/7865119/10/16/Acusados-del-caso-Visser-barajan-la-posibilidad-de-llegar-a-una-conformidad-y-acatar-la-pena-mas-favorable.html", "country": "ES", "domain_rank": 3233, "title": "Acusados del caso Visser barajan la posibilidad de llegar a una conformidad y acatar la pena \"más favorable\"", "performance_score": 0, "site": "eleconomista.es", "participants_count": 0, "title_full": "Acusados del caso Visser barajan la posibilidad de llegar a una conformidad y acatar la pena \"más favorable\"", "spam_score": 0.0, "site_type": "news", "published": "2016-10-03T17:06:00.000+03:00", "replies_count": 0, "uuid": "b24ca9094efb48fbb7d429778c3ca757aa6abae1"}, "author": "", "url": "http://www.eleconomista.es/espana/noticias/7865119/10/16/Acusados-del-caso-Visser-barajan-la-posibilidad-de-llegar-a-una-conformidad-y-acatar-la-pena-mas-favorable.html", "ord_in_thread": 0, "title": "Acusados del caso Visser barajan la posibilidad de llegar a una conformidad y acatar la pena \"más favorable\"", "locations": [], "entities": {"persons": [], "locations": [], "organizations": []}, "highlightText": "", "language": "spanish", "persons": [], "text": "Acusados del caso Visser barajan la posibilidad de llegar a una conformidad y acatar la pena \"más favorable\" 3/10/2016 - 11:06 Carmena afirma que \"la limpieza de Madrid está razonable\" pese a la rebaja de contratos (27/09) \nJosé María Caballero, abogado de Juan Cuenca, acusado de matar, descuartizar y enterrar en cal viva a una pareja de holandeses en Murcia en 2013, ha reconocido que cabe la posibilidad de que alguno de los acusados \"quieran tratar de conseguir la condena que pudiera resultar más favorable, evitándose un riesgo importante\". \nMURCIA, 3 (EUROPA PRESS) \nTodo ello, a pesar de que hayan mantenido hasta este momento su inocencia, según Caballero, porque llegados a este punto \"se encuentran en una encrucijada en la que tienen que tomar decisiones que no son fáciles\". \nCaballero ha hecho estas declaraciones a los medios de comunicación antes de acceder a la vista prevista este lunes, que se reanuda tras ser suspendida el pasado jueves por la indisposición de otro de los letrados, Melecio Castaño. \n\"Ellos no dejan de saber el riesgo al que se enfrentan aquí, por todas las circunstancias que dijimos el otro día, y ellos saben que por muchas alegaciones que se puedan hacer exculpatorias, si finalmente se terminara asumiendo por el tribunal del Jurado la versión de la acusación se estarían enfrentando a la pena más grave que permite el Código Penal\", ha explicado Caballero. \nPor tanto, Caballero considera \"muy digno\" que uno mantenga su inocencia \"hasta el final\". De hecho, en su experiencia profesional recuerda que mucha gente ha ido a su despacho diciendo que van a defender las cosas \"como fueron porque la verdad solo tiene un camino\", pero \"se han tirado muchos años dándole vueltas al patio de la cárcel pensando que, a lo mejor, la verdad no tiene nada más que ese camino\". \nPor esa razón, le parece \"legítimo\" plantearse otras muchas opciones y alcanzar una conformidad con el fin de evitar \"los 40 años de cárcel\". Con esta opción, Caballero reconoce que \"todo el mundo va a decir que hay un reconocimiento explícito de culpabilidad\", ha reconocido Caballero, pero ha emplazado a la gente a valorarlo \"cada uno como quiera\". \nCaballero visitó a su defendido el viernes y le dijo que, en última instancia, era él quien tiene que tomar esa decisión. En cualquier caso, ha confirmado que Cuenca \"no tiene una decisión meditada y tomada de forma definitiva\" porque \"la cabeza da muchas vueltas entre 25 años, 40 años o nada\". \nCuenca piensa que, a lo sumo, él tenía que tener responsabilidad, si acaso, \"por encubrimiento\", pero eso \"sería en la mejor de las hipótesis\". Y es que ha reconocido que, desde el primer momento, \"se han planteado las cosas de la forma más cruda, morbosa y macabra posible\". \n\"Eso lo saben ellos y, precisamente por la posibilidad de irnos al peor de los escenarios, es por lo que se están planteando otras posibilidades\", ha concluido. PUBLICIDAD", "external_links": [], "published": "2016-10-03T17:06:00.000+03:00", "crawled": "2016-10-03T12:42:16.514+03:00", "highlightTitle": ""}