{"organizations": [], "uuid": "19ccb5bff361341653824be8de7b61a209d83a1a", "thread": {"social": {"gplus": {"shares": 0}, "pinterest": {"shares": 0}, "vk": {"shares": 0}, "linkedin": {"shares": 0}, "facebook": {"likes": 39, "shares": 39, "comments": 1}, "stumbledupon": {"shares": 0}}, "site_full": "www.biobiochile.cl", "main_image": "http://media.biobiochile.cl/wp-content/uploads/2016/10/a_uno_576811-730x350.jpg", "site_section": "", "section_title": "", "url": "http://www.biobiochile.cl/noticias/nacional/region-de-los-lagos/2016/10/01/carabineros-de-osorno-se-capacitan-para-combatir-consumo-juvenil-de-alcohol-y-drogas.shtml", "country": "US", "domain_rank": 759, "title": "Carabineros de Osorno se capacitan para combatir consumo juvenil de alcohol y drogas", "performance_score": 0, "site": "biobiochile.cl", "participants_count": 0, "title_full": "Carabineros de Osorno se capacitan para combatir consumo juvenil de alcohol y drogas", "spam_score": 0.262, "site_type": "news", "published": "2016-10-01T20:42:00.000+03:00", "replies_count": 0, "uuid": "19ccb5bff361341653824be8de7b61a209d83a1a"}, "author": "Biobiochile - La Red De Prensa M S Grande De Chile.", "url": "http://www.biobiochile.cl/noticias/nacional/region-de-los-lagos/2016/10/01/carabineros-de-osorno-se-capacitan-para-combatir-consumo-juvenil-de-alcohol-y-drogas.shtml", "ord_in_thread": 0, "title": "Carabineros de Osorno se capacitan para combatir consumo juvenil de alcohol y drogas", "locations": [], "entities": {"persons": [], "locations": [], "organizations": []}, "highlightText": "", "language": "spanish", "persons": [], "text": "Carabineros de Osorno se capacitan para combatir consumo juvenil de alcohol y drogas 0 Visitas Contexto | Maribel Fonerod | Agencia Uno Publicado por Felipe Delgado \nMás de 30 funcionarios de Carabineros de Osorno fueron capacitados en prevención y detección de consumo de alcohol y drogas en medio de un convenio entre el Senda y la entidad, en medio de preocupantes datos que arrojan los jóvenes de la zona. \nDe acuerdo a Andrea Castillo, directora regional del Senda en Los Lagos, Carabineros debe ser el primer eslabón a la hora de detectar el consumo de sustancias nocivas , sobre todo en jóvenes, por lo que además de ayudar en prevención, pueden también hacerlo a la hora de sugerir la red de tratamientos dispuesta desde el Estado. ", "external_links": [], "published": "2016-10-01T20:42:00.000+03:00", "crawled": "2016-10-02T12:47:19.940+03:00", "highlightTitle": ""}