{"organizations": [], "uuid": "3e817b78c700d5e071f321c6c213e16acd550926", "thread": {"social": {"gplus": {"shares": 0}, "pinterest": {"shares": 0}, "vk": {"shares": 0}, "linkedin": {"shares": 0}, "facebook": {"likes": 0, "shares": 0, "comments": 0}, "stumbledupon": {"shares": 0}}, "site_full": "www.meneame.net", "main_image": "https://www.meneame.net/backend/media?type=link&amp;id=2679388&amp;version=0&amp;ts=1475417826&amp;image.jpeg", "site_section": "http://meneame.net//comments_rss", "section_title": "Menéame: comentarios", "url": "https://www.meneame.net/m/actualidad/salvador-juez-ordena-reapertura-caso-mozote-abre-proceso-contra", "country": "IE", "domain_rank": 8316, "title": "#1 El Salvador: Juez ordena reapertura del caso de la masacre del Mozote y abre proceso contra el Alto Mando de 1981", "performance_score": 0, "site": "meneame.net", "participants_count": 1, "title_full": "#1 El Salvador: Juez ordena reapertura del caso de la masacre del Mozote y abre proceso contra el Alto Mando de 1981", "spam_score": 0.0, "site_type": "news", "published": "2016-10-02T22:27:00.000+03:00", "replies_count": 0, "uuid": "3e817b78c700d5e071f321c6c213e16acd550926"}, "author": "mmlv", "url": "https://www.meneame.net/m/actualidad/salvador-juez-ordena-reapertura-caso-mozote-abre-proceso-contra", "ord_in_thread": 0, "title": "#1 El Salvador: Juez ordena reapertura del caso de la masacre del Mozote y abre proceso contra el Alto Mando de 1981", "locations": [], "entities": {"persons": [], "locations": [], "organizations": []}, "highlightText": "", "language": "spanish", "persons": [], "text": "1 comentarios actualidad karma: 35 #1 \"La masacre de El Mozote es el nombre que reciben un conjunto de masacres contra población civil cometidos por el batallón Atlácatl (formado por la CIA en la Escuela de las Américas, en Panamá) de la Fuerza Armada de El Salvador, durante un operativo de contrainsurgencia, realizado los días 10, 11 y 12 de diciembre de 1981, en los cantones (aldeas) de El Mozote, La Joya y Los Toriles, en el norte del departamento de Morazán, en El Salvador. Según las investigaciones posteriores de la… » ver todo el comentario votos: 0 karma: 12 Autentifícate si deseas escribir comentarios. O crea tu cuenta aquí. \nmenéame", "external_links": [], "published": "2016-10-02T22:27:00.000+03:00", "crawled": "2016-10-02T17:41:42.066+03:00", "highlightTitle": ""}