{"organizations": [], "uuid": "0da120e206fad91c0074879b0ee2ec9a046bda01", "thread": {"social": {"gplus": {"shares": 0}, "pinterest": {"shares": 0}, "vk": {"shares": 0}, "linkedin": {"shares": 0}, "facebook": {"likes": 0, "shares": 0, "comments": 0}, "stumbledupon": {"shares": 0}}, "site_full": "www.coches.net", "main_image": "http://a.ccdn.es/cnet/2016/10/03/32217433/104367469_g.jpg", "site_section": "", "section_title": "", "url": "http://www.coches.net/ofertas_especiales/citroen/c4/madrid/nuevo-c4_puretech_130_ss_eat6_feel_edition-gasolina-32217433-nuvn.aspx", "country": "ES", "domain_rank": 6093, "title": "citroen c4 berlina c4 puretech 130 ss eat6 feel edition Gasolina de nuevo de color Negro (Negro perla) en Madrid 32217433", "performance_score": 0, "site": "coches.net", "participants_count": 0, "title_full": "citroen c4 berlina c4 puretech 130 ss eat6 feel edition Gasolina de nuevo de color Negro (Negro perla) en Madrid 32217433", "spam_score": 0.774, "site_type": "news", "published": "2016-10-03T08:00:00.000+03:00", "replies_count": 0, "uuid": "0da120e206fad91c0074879b0ee2ec9a046bda01"}, "author": "", "url": "http://www.coches.net/ofertas_especiales/citroen/c4/madrid/nuevo-c4_puretech_130_ss_eat6_feel_edition-gasolina-32217433-nuvn.aspx", "ord_in_thread": 0, "title": "citroen c4 berlina c4 puretech 130 ss eat6 feel edition Gasolina de nuevo de color Negro (Negro perla) en Madrid 32217433", "locations": [], "entities": {"persons": [], "locations": [], "organizations": []}, "highlightText": "", "language": "spanish", "persons": [], "text": "Garantía 24 meses Comentarios del anunciante \n¡AUTENTICA OPORTUNIDAD! Vehículo nuevo pedido a fábrica. Todos los gastos incluidos en el precio. Entrega en 15 días. Precio Incluye descuento por Financiación.Todos los impuestos incluidos. Precio cerrado sin sorpresas. Si tienes vehículo te lo tasamos al mejor precio. Damos mínimo 400€. Equipamiento: • Automático • Bluetooth • Climatizador bizona • Techo Panorámico• Llantas de aleación de 17\" • Retrovisores exteriores térmicos • Indicador de cambio de marcha • Radio CD MP3 con USB y Aux • Fijaciones Isofix • Sensor de aparcamiento trasero • Navegador • Mirror Screen • Detector de neumáticos poco inflados • Limitador y regulador de velocidad • Pantalla táctil 7\" • Cierre centralizado con mando a distancia • 8 Airbags • Dirección asistida eléctrica • ABS con Asistencia de frenado de urgencia • Control de Estabilidad...y mucho más. PRECIO SUJETO A FINANCIACIÓN FINANCIACIÓN mínima de 8.000€ a 36 meses. Tenemos un amplio stock, podemos realizar la entrega de forma inmedia Equipamiento extra ", "external_links": [], "published": "2016-10-03T08:00:00.000+03:00", "crawled": "2016-10-03T22:02:53.500+03:00", "highlightTitle": ""}