{"organizations": [], "uuid": "86af303d7fef6c7b5589c61e7cb3fcfe6c0e4e6f", "thread": {"social": {"gplus": {"shares": 0}, "pinterest": {"shares": 0}, "vk": {"shares": 0}, "linkedin": {"shares": 1}, "facebook": {"likes": 11, "shares": 11, "comments": 0}, "stumbledupon": {"shares": 0}}, "site_full": "www.elmundo.es", "main_image": "http://estaticos.elmundo.es/assets/multimedia/imagenes/2016/10/03/14755053156363.jpg", "site_section": "http://rss.elmundo.es/rss/descarga.htm?data2=4", "section_title": "Portada // elmundo", "url": "http://www.elmundo.es/internacional/2016/10/03/57f26bf1ca474119048b45bb.html", "country": "ES", "domain_rank": 623, "title": "Al menos seis muertos por bombardeos contra un hospital en Alepo | Internacional Home", "performance_score": 0, "site": "elmundo.es", "participants_count": 1, "title_full": "Al menos seis muertos por bombardeos contra un hospital en Alepo | Internacional Home | EL MUNDO", "spam_score": 0.0, "site_type": "news", "published": "2016-10-03T03:00:00.000+03:00", "replies_count": 0, "uuid": "86af303d7fef6c7b5589c61e7cb3fcfe6c0e4e6f"}, "author": "EFE", "url": "http://www.elmundo.es/internacional/2016/10/03/57f26bf1ca474119048b45bb.html", "ord_in_thread": 0, "title": "Al menos seis muertos por bombardeos contra un hospital en Alepo | Internacional Home", "locations": [], "entities": {"persons": [], "locations": [], "organizations": []}, "highlightText": "", "language": "spanish", "persons": [], "text": "03/10/2016 16:36 Al menos seis personas murieron hoy por un bombardeo contra un hospital en los barrios asediados del este de la ciudad siria de Alepo (norte), dijo a Efe el director del Observatorio Sirio de Derechos Humanos, Rami Abderrahman.\nAbderrahman precisó que el hospital M10 fue atacado por aviones de guerra no identificados, y recordó que es la tercera vez que este centro sanitario es bombardeado en menos de una semana y que ya estaba fuera de servicio en el momento del ataque.\nEl portavoz de la Defensa Civil siria en Alepo, Jaled Jatib, informó por su parte en Twitter de la muerte de dos enfermeras en ese bombardeo, que también causó heridas a varios médicos. El Organismo Forense de Alepo Libre, que presta atención médica en el este de Alepo, señaló en un comunicado que un avión ruso atacó el M10 con una bomba antibúnker y que varios miembros del personal sanitario siguen atrapados entre los escombros.\nLa última vez que el M10, uno de los mayores hospitales de la parte oriental de Alepo, fue bombardeado, el sábado pasado, quedó completamente fuera de servicio. \nEl Organismo Forense de Alepo Libre detalló que durante la jornada de este lunes varios médicos y enfermeras se habían trasladado al centro para poner a salvo el equipamiento y las medicinas y dar tratamiento a algunos casos urgentes.\nLos activistas en Alepo suelen denominar los hospitales con la letra M, seguida de un número , por motivos de seguridad para evitar que sean identificados y se conviertan en objetivo de bombardeos.\nActualmente, quedan operativos en el este de Alepo un total de cinco hospitales, de acuerdo a datos de la Sociedad Médica Siria Americana (SAMS), que ofrece apoyo a esos centros sanitarios.\nDesde el 22 de septiembre, el Ejército sirio, respaldado por la aviación rusa, lleva a cabo una campaña militar en Alepo , en un intento de avanzar frente a los rebeldes.", "external_links": [], "published": "2016-10-03T03:00:00.000+03:00", "crawled": "2016-10-03T18:21:15.872+03:00", "highlightTitle": ""}