{"organizations": [], "uuid": "d2146d8a145f59605da2e9c8e4d78b030e9c9f57", "thread": {"social": {"gplus": {"shares": 0}, "pinterest": {"shares": 0}, "vk": {"shares": 0}, "linkedin": {"shares": 0}, "facebook": {"likes": 0, "shares": 0, "comments": 0}, "stumbledupon": {"shares": 0}}, "site_full": "www.europapress.es", "main_image": "http://img.europapress.net/fotoweb/fotonoticia_20161003161511_800.jpg", "site_section": "", "section_title": "", "url": "http://www.europapress.es/andalucia/malaga-00356/noticia-declaran-fallecido-nino-pintor-desparecido-malaga-hace-29-anos-20161003161511.html", "country": "ES", "domain_rank": 9900, "title": "Declaran fallecido al 'niño pintor', desparecido en Málaga hace 29 años", "performance_score": 0, "site": "europapress.es", "participants_count": 0, "title_full": "Declaran fallecido al 'niño pintor', desparecido en Málaga hace 29 años", "spam_score": 0.2, "site_type": "news", "published": "2016-10-04T00:15:00.000+03:00", "replies_count": 0, "uuid": "d2146d8a145f59605da2e9c8e4d78b030e9c9f57"}, "author": "Europa Press", "url": "http://www.europapress.es/andalucia/malaga-00356/noticia-declaran-fallecido-nino-pintor-desparecido-malaga-hace-29-anos-20161003161511.html", "ord_in_thread": 0, "title": "Declaran fallecido al 'niño pintor', desparecido en Málaga hace 29 años", "locations": [], "entities": {"persons": [], "locations": [], "organizations": []}, "highlightText": "", "language": "spanish", "persons": [], "text": "Declaran fallecido al 'niño pintor', desparecido en Málaga hace 29 años EUROPA PRESS Publicado 03/10/2016 16:15:11 CET \nMÁLAGA, 3 Oct. (EUROPA PRESS) - El Juzgado de Primera Instancia número 8 de Málaga ha declarado el fallecimiento de David Guerrero Guevara, conocido como 'niño pintor' que desapareció de la capital malagueña el 6 de abril de 1987, hace 29 años, cuando salió de su casa para a ir a una galería de arte y contaba con 13 años. \nFue la madre, Antonia Guevara, la que inició este expediente de jurisdicción voluntaria por motivos de herencia, después de que su marido muriera el año pasado; pero, tal y como aseguró el pasado miércoles tras la comparecencia en el juzgado para exponer dicha petición, se trata de un trámite, porque para la familia \"sigue vivo, lo sentimos vivo\". \nEn el decreto dictado ahora por el letrado de la administración de justicia, al que ha tenido acceso Europa Press, se señala que resulta acreditado, por las manifestaciones de familiares y testigos en la comparecencia, que desapareció el 6 de abril de 1987 \"sin que conste desde dicha fecha noticia alguna de su paradero que pueda considerarse fiable\". \nAdemás, se hace referencia al oficio emitido por la Policía Judicial de Málaga en el que se señala que \"no hay avances en la investigación ni existen nuevo indicios\", aunque siga de alta en los archivos policiales de desaparecidos. Asimismo, se precisa que no ha comparecido nadie que haya dado información, a pesar de los edictos publicados. \nPor todo eso, y, al haber pasado \"sobradamente\" ya el plazo legal de diez años desde su desaparición, se accede a la petición realizada por la familia, fijándose, además, como fecha de fallecimiento el 6 de abril de 1997. \nLa madre señaló que la Policía le dijo que \"el caso no se cierra\" y que no pierde la esperanza, aunque haya tenido que hacer esta solicitud. \"Es un trámite, pero para mí, mi hijo sigue vivo donde esté y algún día espero tener noticias de él, aunque hayan pasado 29 años\", aseveró Guevara. ", "external_links": [], "published": "2016-10-04T00:15:00.000+03:00", "crawled": "2016-10-03T17:19:32.205+03:00", "highlightTitle": ""}