{"organizations": [], "uuid": "735d81320c514acc4d673f36b1c99329deb62840", "thread": {"social": {"gplus": {"shares": 0}, "pinterest": {"shares": 0}, "vk": {"shares": 0}, "linkedin": {"shares": 0}, "facebook": {"likes": 0, "shares": 0, "comments": 0}, "stumbledupon": {"shares": 0}}, "site_full": "www.lavanguardia.com", "main_image": "http://www.lavanguardia.com/r/GODO/LV/p3/WebSite/2016/10/01/Recortada/AFP_GM4AJ_20160929141853-kQxF-U41719246944n9F-992x558@LaVanguardia-Web.jpg", "site_section": "http://www.lavanguardia.com/deportes", "section_title": "Deportes", "url": "http://www.lavanguardia.com/deportes/20161002/41719246944/laporte-fichajes-athletic.html", "country": "ES", "domain_rank": 1941, "title": "Laporte explica por qué no salió del Athletic", "performance_score": 0, "site": "lavanguardia.com", "participants_count": 1, "title_full": "Laporte explica por qué no salió del Athletic", "spam_score": 0.006, "site_type": "news", "published": "2016-10-02T01:16:00.000+03:00", "replies_count": 0, "uuid": "735d81320c514acc4d673f36b1c99329deb62840"}, "author": "Redacción , Barcelona", "url": "http://www.lavanguardia.com/deportes/20161002/41719246944/laporte-fichajes-athletic.html", "ord_in_thread": 0, "title": "Laporte explica por qué no salió del Athletic", "locations": [], "entities": {"persons": [], "locations": [], "organizations": []}, "highlightText": "", "language": "spanish", "persons": [], "text": "Aymerich Laporte ha sido noticia en estos últimos días por su convocatoria con Francia , lo que significa que no podrá jugar con España . De ese tema ha hablado el central del Athletic en una entrevista RMC en la que también ha explicado por qué decidió no salir del conjunto vasco.\n“He tenido la oportunidad de ir a uno de los clubs que sonaron, pero decidí quedarme por razones personales y también dar las gracias al club que me ha relanzado en el mundo del fútbol”, declara Laporte, que añade: “Estoy bien en el Athletic ”. Cabe recordar que tanto Barça como Manchester City se interesaron en él, por lo que quedan dudas sobre a qué equipo se refiere el joven jugador.\nLaporte parecía tener pie y medio fuera del Athletic , pero después de sufrir una lesión que le apartó de la Eurocopa, el central renovó y el club decidió aumentar su cláusula de rescisión , lo que espantó el interés de los grandes clubes.\nTemas relacionados Aymeric Laporte Eurocopa Francia Athletic Club de Bilbao Manchester City", "external_links": [], "published": "2016-10-02T01:16:00.000+03:00", "crawled": "2016-10-02T03:19:03.437+03:00", "highlightTitle": ""}