{"organizations": [], "uuid": "c23a5f379b26294ff682e961a3265f9041dac4c5", "thread": {"social": {"gplus": {"shares": 0}, "pinterest": {"shares": 0}, "vk": {"shares": 0}, "linkedin": {"shares": 0}, "facebook": {"likes": 0, "shares": 0, "comments": 0}, "stumbledupon": {"shares": 0}}, "site_full": "www.myvidster.com", "main_image": "http://img3.myvidster.com/user/images/03October2016/12099/1882060868_1.jpg", "site_section": "http://www.myvidster.com/rss/myvidster", "section_title": "myVidster", "url": "http://www.myvidster.com/video/76918592/la_historia_de_la_masacre_de_tlatelolco_2_de_octubre_1968", "country": "US", "domain_rank": 4587, "title": "la historia de la masacre de tlatelolco 2 de octubre 1968", "performance_score": 0, "site": "myvidster.com", "participants_count": 0, "title_full": "la historia de la masacre de tlatelolco 2 de octubre 1968", "spam_score": 0.0, "site_type": "news", "published": "2016-10-03T19:31:00.000+03:00", "replies_count": 0, "uuid": "c23a5f379b26294ff682e961a3265f9041dac4c5"}, "author": "", "url": "http://www.myvidster.com/video/76918592/la_historia_de_la_masacre_de_tlatelolco_2_de_octubre_1968", "ord_in_thread": 0, "title": "la historia de la masacre de tlatelolco 2 de octubre 1968", "locations": [], "entities": {"persons": [], "locations": [], "organizations": []}, "highlightText": "", "language": "spanish", "persons": [], "text": "http://www.youtube.com/user/Ni... este video no es mio solo que lo cuelgo a mi canal para darles la informacion es tan decepcionante ver como mi pais se va al carajo y ya se les olvido esto y vuelven a votar por los PRI-mates o se venden la gente para cambiar al pais asen falta organizacion pensar cambiar por uno mismo no con violencia ni paros pero si expresando ideasOriginally collected by reddit ( less ) Embed:", "external_links": [], "published": "2016-10-03T19:31:00.000+03:00", "crawled": "2016-10-03T14:55:54.358+03:00", "highlightTitle": ""}