{"organizations": [], "uuid": "7a3e0c2363903b5ecf3f362d7d3ecdcd9225e120", "thread": {"social": {"gplus": {"shares": 0}, "pinterest": {"shares": 0}, "vk": {"shares": 0}, "linkedin": {"shares": 0}, "facebook": {"likes": 0, "shares": 0, "comments": 0}, "stumbledupon": {"shares": 0}}, "site_full": "es.reuters.com", "main_image": "", "site_section": "", "section_title": "", "url": "http://es.reuters.com/article/topNews/idESKCN11Z18K", "country": "US", "domain_rank": 408, "title": "El Kremlin dice que seguirá con las operaciones en Siria y critica a EEUU | Principales noticias | Reuters", "performance_score": 0, "site": "reuters.com", "participants_count": 0, "title_full": "El Kremlin dice que seguirá con las operaciones en Siria y critica a EEUU | Principales noticias | Reuters", "spam_score": 0.048, "site_type": "news", "published": "2016-09-29T18:44:00.000+03:00", "replies_count": 0, "uuid": "7a3e0c2363903b5ecf3f362d7d3ecdcd9225e120"}, "author": "", "url": "http://es.reuters.com/article/topNews/idESKCN11Z18K", "ord_in_thread": 0, "title": "El Kremlin dice que seguirá con las operaciones en Siria y critica a EEUU | Principales noticias | Reuters", "locations": [], "entities": {"persons": [], "locations": [], "organizations": []}, "highlightText": "", "language": "spanish", "persons": [], "text": "El Kremlin dice que seguirá con las operaciones en Siria y critica a EEUU jueves 29 de septiembre de 2016 12:44 CEST [ - ] Texto [ + ] \nMOSCÚ (Reuters) - El Kremlin dijo el jueves que la fuerza aérea rusa seguiría adelante con sus operaciones en Siria y desestimó las últimas declaraciones de Estados Unidos sobre el conflicto sirio como inútiles y burdas. \nEl secretario de Estado estadounidense, John Kerry, ha pedido a Moscú que deje en tierra sus aviones, que sobrevuelan zonas de combate en Siria, incluida la ciudad de Alepo. \nPero el portavoz del Kremlin, Dmitry Peskov, dijo en conferencia de prensa el jueves que la fuerza aérea rusa seguiría apoyando a las tropas del Gobierno sirio y que lo que denominó como \"guerra contra el terror\" continuaría. \nPeskov instó a que Washington cumpla una promesa de separar a los combatientes moderados de la oposición en Siria de los \"terroristas\" y consideró las últimas declaraciones estadounidense sobre Siria como burdas e inútiles. \nPeskov se refirió a declaraciones del portavoz del Departamento de Estado estadounidense, John Kirby, que dijo la víspera que a Rusia le interesaba detener la violencia en Siria porque los extremistas podrían explotar el vacío de poder y lanzar ataques \"contra intereses rusos, quizás contra ciudades rusas\". \nPese a las crecientes tensiones entre Estados Unidos y Rusia, Peskov dijo que su país seguía interesado en cooperar con Estados Unidos para tratar de resolver la crisis siria. © Thomson Reuters 2016 All rights reserved. ", "external_links": [], "published": "2016-09-29T18:44:00.000+03:00", "crawled": "2016-10-03T23:30:40.858+03:00", "highlightTitle": ""}