{"organizations": [], "uuid": "06faee3f040b61620e1acaa03dfe63601c4df661", "thread": {"social": {"gplus": {"shares": 0}, "pinterest": {"shares": 0}, "vk": {"shares": 0}, "linkedin": {"shares": 0}, "facebook": {"likes": 7, "shares": 7, "comments": 0}, "stumbledupon": {"shares": 0}}, "site_full": "www.marca.com", "main_image": "http://e00-marca.uecdn.es/assets/multimedia/imagenes/2016/09/30/14752699150577.jpg", "site_section": "http://estaticos.marca.com/rss/baloncesto.xml", "section_title": "Baloncesto // marca", "url": "http://www.marca.com/baloncesto/acb/2016/09/30/57eed528e2704efa178b4588.html", "country": "ES", "domain_rank": 504, "title": "Randolph se presenta en Madrid con este taponazo a Musli", "performance_score": 0, "site": "marca.com", "participants_count": 1, "title_full": "Randolph se presenta en Madrid con este taponazo a Musli", "spam_score": 0.0, "site_type": "news", "published": "2016-10-01T05:12:00.000+03:00", "replies_count": 0, "uuid": "06faee3f040b61620e1acaa03dfe63601c4df661"}, "author": "marca.com", "url": "http://www.marca.com/baloncesto/acb/2016/09/30/57eed528e2704efa178b4588.html", "ord_in_thread": 0, "title": "Randolph se presenta en Madrid con este taponazo a Musli", "locations": [], "entities": {"persons": [], "locations": [], "organizations": []}, "highlightText": "", "language": "spanish", "persons": [], "text": "Liga Endesa Liga Endesa Comentarios Compartido Actualizado 30/09/2016 CET \nC orría la mitad del tercer cuarto y, en plena reacción del Unicaja, Anthony Randolph protagonizó la jugada defensiva de un choque en el que brillaron claramente los ataques. Musli se disponía a atacar el aro madridista cuando uno de los fichajes más sonados del verano surgió para enviar el balón casi al centro del campo. ¡Gorro brutal de Anthony Randolph a Musli! Ha dejado claro que es su casa. Por favor, escribe correctamente, sin abusar de las mayúsculas ni de las abreviaturas. Recuerda que el tono del mensaje debe ser respetuoso. No se admitirán insultos ni faltas de respeto. No se aceptarán los contenidos que se consideren publicitarios. MARCA.com podrá eliminar los comentarios que no cumplan estas normas y se reserva el derecho de impedir la participación \n¿Nuevo en MARCA.com? ¡Bienvenido! Consigue aquí", "external_links": [], "published": "2016-10-01T05:12:00.000+03:00", "crawled": "2016-10-01T11:06:09.724+03:00", "highlightTitle": ""}