{"organizations": [], "uuid": "e2a5fdc62687eac9505d34f95b57da9260644de5", "thread": {"social": {"gplus": {"shares": 0}, "pinterest": {"shares": 0}, "vk": {"shares": 0}, "linkedin": {"shares": 0}, "facebook": {"likes": 0, "shares": 0, "comments": 0}, "stumbledupon": {"shares": 0}}, "site_full": "www.nacion.com", "main_image": "http://www.nacion.com/ocio/farandula/Angelina-Jolie-Mumbai-Zahara-Maddox_LNCIMA20160920_0105_3.jpg", "site_section": "http://www.nacion.com/Generales/RSS/UltimaHoraRss.aspx", "section_title": "La Nación", "url": "http://www.nacion.com/ocio/farandula/Angelina-Jolie-Brad-Pitt-custodia_0_1588441250.html", "country": "US", "domain_rank": 2457, "title": "Angelina Jolie y Brad Pitt logran acuerdo temporal para la custodia de sus hijos", "performance_score": 0, "site": "nacion.com", "participants_count": 1, "title_full": "Angelina Jolie y Brad Pitt logran acuerdo temporal para la custodia de sus hijos", "spam_score": 0.0, "site_type": "news", "published": "2016-10-01T04:14:00.000+03:00", "replies_count": 0, "uuid": "e2a5fdc62687eac9505d34f95b57da9260644de5"}, "author": "nacion.com", "url": "http://www.nacion.com/ocio/farandula/Angelina-Jolie-Brad-Pitt-custodia_0_1588441250.html", "ord_in_thread": 0, "title": "Angelina Jolie y Brad Pitt logran acuerdo temporal para la custodia de sus hijos", "locations": [], "entities": {"persons": [], "locations": [], "organizations": []}, "highlightText": "", "language": "spanish", "persons": [], "text": "La actriz Angelina Jolie tendrá la custodia física de los seis niños y Brad Pitt tendrá derecho a una primera visita bajo supervisión de un terapeuta. (AP.) Los Ángeles. \nAngelina Jolie llegó a un acuerdo provisorio con Brad Pitt sobre la custodia de sus seis hijos, en donde se acordó derechos de visita para el actor, informaron este viernes medios estadounidenses, diez días después del anuncio del divorcio de esta pareja de Hollywood .\nLEA: Brad y Angelina ponen fin a su historia de amor \nLos servicios de protección de la infancia del condado de Los Ángeles pidieron a los dos actores, cuya pareja era llamada \"Brangelina\", alcanzar un acuerdo, según varios medios especializados en la vida de las celebridades.\nEl acuerdo prevé que cada uno reciba seguimiento individualizado y que Brad Pitt pase exámenes toxicológicos, aun si ya pasó voluntariamente uno de ellos cuyos resultados fueron negativos, como informó el sitio de Internet TMZ. \nAngelina Jolie tendrá la custodia física de los seis niños en una casa situada en Los Ángeles, y Brad  Pitt tendrá derecho a una primera visita bajo supervisión de un terapeuta, que estará encargado de decidir cómo proceder las semanas siguientes, según los términos del acuerdo, que tiene validez hasta el 20 de octubre.", "external_links": [], "published": "2016-10-01T04:14:00.000+03:00", "crawled": "2016-10-01T05:42:34.861+03:00", "highlightTitle": ""}