{"organizations": [], "uuid": "cf3601f9a84692bd6a2d51c0ff698b2d48e10eda", "thread": {"social": {"gplus": {"shares": 0}, "pinterest": {"shares": 0}, "vk": {"shares": 0}, "linkedin": {"shares": 0}, "facebook": {"likes": 2, "shares": 2, "comments": 0}, "stumbledupon": {"shares": 0}}, "site_full": "www.europapress.es", "main_image": "http://img2.europapress.net/fotoweb/fotonoticia_20161002130326_800.jpg", "site_section": "http://www.europapress.es/rss/rss.aspx?ch=69", "section_title": "Europa Press - Internacional", "url": "http://www.europapress.es/internacional/noticia-incendiados-tres-coches-policia-dresde-centro-celebraciones-dia-unidad-alemana-20161002130326.html", "country": "ES", "domain_rank": 9900, "title": "Incendiados tres coches de Policía en Dresde, centro de las celebraciones del Día de la Unidad Alemana", "performance_score": 0, "site": "europapress.es", "participants_count": 1, "title_full": "Incendiados tres coches de Policía en Dresde, centro de las celebraciones del Día de la Unidad Alemana", "spam_score": 0.0, "site_type": "news", "published": "2016-10-02T21:03:00.000+03:00", "replies_count": 0, "uuid": "cf3601f9a84692bd6a2d51c0ff698b2d48e10eda"}, "author": "Reuters/EP", "url": "http://www.europapress.es/internacional/noticia-incendiados-tres-coches-policia-dresde-centro-celebraciones-dia-unidad-alemana-20161002130326.html", "ord_in_thread": 0, "title": "Incendiados tres coches de Policía en Dresde, centro de las celebraciones del Día de la Unidad Alemana", "locations": [], "entities": {"persons": [], "locations": [], "organizations": []}, "highlightText": "", "language": "spanish", "persons": [], "text": "Tres coches de la Policía han sido incendiados en la noche del sábado en la ciudad de Dresde, en el este del país, centro de las celebraciones este lunes del Día de la Unidad Alemana que conmemora la reunificación de 1990. La Policía baraja la autoría de grupos de extrema derecha. La Policía ha informado este domingo del incendio de los vehículos policiales y de que la investigación está trabajando con la hipótesis de un ataque por motivos políticos relacionado con el despliegue excepcional de unos 2.600 policías con motivo de las celebraciones.\nLa semana pasada se registraron dos explosiones de artefactos caseros, una en una mezquita y la otra en un centro de congresos sin que hubiera ninguna reivindicación.\nDresde fue el epicentro de las movilizaciones del grupo islamófobo Patriotas Europeos contra la Islamización de Occidente (PEGIDA), que logró reunir a unas 20.000 personas en las manifestaciones de principios de 2015.\nLa entrada en Alemania de casi un millón de inmigrantes y refugiados, principalmente musulmanes, en 2015 ha provocado un incremento del respaldo a los grupos xenófobos y de extrema derecha. También ha habido un aumento drástico de los ataques a centros de acogida.", "external_links": [], "published": "2016-10-02T21:03:00.000+03:00", "crawled": "2016-10-02T17:57:01.039+03:00", "highlightTitle": ""}