{"organizations": [], "uuid": "2f6158beaac5b0d25b915598433f924596e978ea", "thread": {"social": {"gplus": {"shares": 0}, "pinterest": {"shares": 0}, "vk": {"shares": 0}, "linkedin": {"shares": 0}, "facebook": {"likes": 7, "shares": 7, "comments": 0}, "stumbledupon": {"shares": 0}}, "site_full": "www.elmundo.es", "main_image": "http://estaticos.elmundo.es/assets/multimedia/imagenes/2016/09/30/14752520037487.jpg", "site_section": "http://rss.elmundo.es/rss/descarga.htm?data2=4", "section_title": "Portada // elmundo", "url": "http://www.elmundo.es/loc/2016/10/01/57ee9017268e3e97188b4618.html", "country": "ES", "domain_rank": 623, "title": "Felipe Varela afianza su nueva marca y su vínculo con la Reina Letizia | loc", "performance_score": 0, "site": "elmundo.es", "participants_count": 1, "title_full": "Felipe Varela afianza su nueva marca y su vínculo con la Reina Letizia | loc | EL MUNDO", "spam_score": 0.0, "site_type": "news", "published": "2016-10-01T03:00:00.000+03:00", "replies_count": 0, "uuid": "2f6158beaac5b0d25b915598433f924596e978ea"}, "author": "BEATRIZ MIRANDA", "url": "http://www.elmundo.es/loc/2016/10/01/57ee9017268e3e97188b4618.html", "ord_in_thread": 0, "title": "Felipe Varela afianza su nueva marca y su vínculo con la Reina Letizia | loc", "locations": [], "entities": {"persons": [], "locations": [], "organizations": []}, "highlightText": "", "language": "spanish", "persons": [], "text": "01/10/2016 03:53 Felipe Varela no estaba muerto , estaba primero de vacaciones y luego preparando el relanzamiento de su enseña, que ya es un hecho después de un tiempo desaparecido en combate . \nAl parecer, que los pasados meses de junio y julio hubiese un silencio demoledor sobre los cambios a mejor que anunció en febrero en Pasarela Cibeles y que no se terminaban de ejecutar se debe \"exclusivamente\" se debe a que Rut Varela, su hermana y responsable de prensa, estaba fuera de España. Ella y sólo ella es la única que tiene autorización para hablar con los medios y facilitarles información.Es la política Inditex way of life de Felipe, cuya intención es no personalizar su firma y controlarlo todo con ayuda de su familia para que la marca le sobreviva. \nPues bien, el modista de cámara desfiló el pasado 19 de septiembre en Cibeles con su segunda marca, Varela, ya en pleno rendimiento y ajeno a las voces de los supuestos acreedores que se pusieron en contacto con este suplemento este verano. Al fin su nuevo proyecto de branding se ha iniciado. \"Nunca pensamos darle un cambio radical a la estrategia de marketing, sino hacer una transición gradual. Seguirá funcionando nuestro buque insignia, la marca Felipe Varela que hace los trajes de chaqueta de toda la vida. Sin embargo, ahora nos volcaremos en Varela, una línea más joven y económica pensada para mujeres más modernas\", deslizan. \nEn efecto, el logo de Varela ahora es otro, Varela a secas , con letras versales más finas. La web arranca con un vídeo muy chic del desfile de la colección de la temporada Otoño /Invierno presentado en Madrid Fashion Week en febrero bajo el título Crystal Army . Por su parte, la tienda online presenta sus prendas a la venta directamente en el cuerpo de modelos, no en maniquís inertes como antes. Todo es más cosmopolita y dinámico. \nEl perfil de Twitter y de Instagram de Varela echan humo desde julio después de meses sin apenas movimiento. \"Toda la comunicación la llevamos nosotros, también las redes sociales. No trabajamos con ninguna agencia\", cuenta Rut Varela , mano derecha de Felipe junto a otros dos de sus hermanos: Jacob, director general de la compañía familiar [que finalmente no se ha desvinculado de la casa de modas tal y como anunció a algunos íntimos], y Abraham, director financiero. \nFelipe Varela se ha apoyado en sus hermanos para sacar adelante su firma y entre los tres mencionados antes (tiene cinco hermanos más que no se dedican a esto)supervisan absolutamente todas las fases del negocio desde que Felipe diseña un look hasta que está a la venta en tienda. \nVarela sigue viviendo en París, donde se inspira y crea sus colecciones, y sigue casado con el cubano Joel Norberto Vázquez , que trabaja como dependiente en un local de Prada en Miami. \nAlérgico a la fama, saludó al terminar su último desfile con gafas de sol y salió corriendo como de costumbre. En la primera fila no había ninguna famosa, esa era la intención. \"No les interesa invitar a celebrities que luego no compran en la tienda ni se visten de la marca. Ni siquiera prestan ropa para alfombras rojas\", cuentan fuentes cercanas. A Cibeles asisten clientas de toda la vida , señoras bien de Madrid y capitales de provincia que son fieles a sus patrones impecables, \"ya que el sector carroza le valora mucho a Felipe como sastre\". \nVarela puede permitirse este vivir ajeno a los medios porque el efecto Letizia ha sido crucial en su carrera. Se especuló últimamente que la Reina le había expulsado de su armario, cuando nada más lejos, ya que el pasado 16 de septiembre, día de su 44 cumpleaños, estrenó su enésimo modelo del modista [un trajecito negro de cóctel con falda de encaje en red que dejaba a la vista sus muslos] para asistir a la inauguración de la temporada operística del Teatro Real y disfrutar de Otello.\nEl modista se está internacionalizando así. Por un lado, a través de nuestra Reina, cuyo estilo es más alabado fuera de nuestras fronteras. Y por otro, haciendo ropa (su última colección, Minimal Opulence , recordaba a Jennifer Lopez y Versace) del gusto de Rusia, Latinoamérica y países árabes , mercados a los que se abre poco a poco en tiendas multimarca.", "external_links": [], "published": "2016-10-01T03:00:00.000+03:00", "crawled": "2016-10-01T05:49:52.707+03:00", "highlightTitle": ""}