{"organizations": [], "uuid": "5fd51850da0aef756789b2b8f4ecc4c5bc97ca8a", "thread": {"social": {"gplus": {"shares": 0}, "pinterest": {"shares": 0}, "vk": {"shares": 0}, "linkedin": {"shares": 0}, "facebook": {"likes": 0, "shares": 0, "comments": 0}, "stumbledupon": {"shares": 0}}, "site_full": "www.meneame.net", "main_image": "//mnmstatic.net/img/mnm/logo-350x350.png", "site_section": "http://meneame.net//rss?status=queued", "section_title": "Menéame: en cola", "url": "https://www.meneame.net/m/actualidad/centenar-pequenos-terremotos-sacude-tenerife-menos-10-horas", "country": "IE", "domain_rank": 8316, "title": "Un centenar de pequeños terremotos sacude Tenerife en menos de 10 horas", "performance_score": 0, "site": "meneame.net", "participants_count": 1, "title_full": "Un centenar de pequeños terremotos sacude Tenerife en menos de 10 horas", "spam_score": 0.0, "site_type": "news", "published": "2016-10-03T23:38:00.000+03:00", "replies_count": 0, "uuid": "5fd51850da0aef756789b2b8f4ecc4c5bc97ca8a"}, "author": "Tachy", "url": "https://www.meneame.net/m/actualidad/centenar-pequenos-terremotos-sacude-tenerife-menos-10-horas", "ord_in_thread": 0, "title": "Un centenar de pequeños terremotos sacude Tenerife en menos de 10 horas", "locations": [], "entities": {"persons": [], "locations": [], "organizations": []}, "highlightText": "", "language": "spanish", "persons": [], "text": "#1 ¿Se asustó alguien o siguieron aplatanados? votos: 0 karma: 13 #2 Alucino con los votos de sensacionalista e irrelevante. Ya me gustaría que dijeran por qué. Y duplicada no es, se descartó la otra por ser AEDE. votos: 0 karma: 9 #3 #2 Efectivamente, por eso antes he votado negativo, y en esta ocasión meneo el envío. votos: 1 karma: 21 Autentifícate si deseas escribir comentarios. O crea tu cuenta aquí. \nmenéame", "external_links": [], "published": "2016-10-03T23:38:00.000+03:00", "crawled": "2016-10-03T19:01:54.651+03:00", "highlightTitle": ""}