{"organizations": [], "uuid": "ef51036072571b4257ee30fb46d8d7a9bded1312", "thread": {"social": {"gplus": {"shares": 0}, "pinterest": {"shares": 0}, "vk": {"shares": 0}, "linkedin": {"shares": 0}, "facebook": {"likes": 0, "shares": 0, "comments": 0}, "stumbledupon": {"shares": 0}}, "site_full": "www.excelsior.com.mx", "main_image": "http://www.excelsior.com.mx/media/styles/cuadrada_og/public/pictures/2016/10/03/1532254.jpg", "site_section": "", "section_title": "", "url": "http://www.excelsior.com.mx/nacional/2016/10/03/1120290", "country": "MX", "domain_rank": 7500, "title": "Inicia funciones el 911 con emergencia por Volcán de Colima | Excélsior", "performance_score": 0, "site": "excelsior.com.mx", "participants_count": 0, "title_full": "Inicia funciones el 911 con emergencia por Volcán de Colima | Excélsior", "spam_score": 0.2, "site_type": "news", "published": "2016-10-03T20:59:00.000+03:00", "replies_count": 0, "uuid": "ef51036072571b4257ee30fb46d8d7a9bded1312"}, "author": "", "url": "http://www.excelsior.com.mx/nacional/2016/10/03/1120290", "ord_in_thread": 0, "title": "Inicia funciones el 911 con emergencia por Volcán de Colima | Excélsior", "locations": [], "entities": {"persons": [], "locations": [], "organizations": []}, "highlightText": "", "language": "spanish", "persons": [], "text": "¿qué hacer? Inicia funciones el 911 con emergencia por Volcán de Colima El número de atención de emergencias inicia operaciones en 16 estados de la República; en Colima y Jalisco se mantiene la zona de exclusión para evitar riesgos 03/10/2016 07:53 REDACCIÓN / FOTO: WEBCAMS MÉXICO El número de atención de emergencias inicia operaciones en 16 estados de la República; en Colima y Jalisco se mantiene la zona de exclusión para evitar riesgos. \nCIUDAD DE MÉXICO. Este lunes inicia en 16 estados la operación del servicio telefónico de emergencias, 911 , sin embargo, en el estado de Colima arranca en medio de la alarma provocada por la intensa actividad volcánica que se registra en el coloso de aquella entidad. ¿Tienes una emergencia? A partir de este lunes 3 de octubre, la nueva línea telefónica para atención de emergencias en #Colima será el 911 pic.twitter.com/sKqNAAlBp1 \n— Gobierno de Colima (@gobiernocolima) 3 de octubre de 2016 \nEste 3 de octubre el 911 inicia funciones como número de emergencias en 16 estados. \nDurante las últimas 72 horas, las autoridades de Protección Civil de los tres niveles de gobierno se han mantenido en alerta por la actividad en el Volcán de Colima , incluso, durante el domingo se determinó que se mantendrá durante 24 horas más la zona de exclusión, en tanto que las comunidades de La Yerbabuena y La Becerrera en Colima y Juan Barragán en Jalisco , continuarán evacuadas para mantener a los habitantes de las mismas a salvo. \nAnte el riesgo de caída de ceniza se mantiene la recomendación de cubrirse ojos y boca; tapar los depósitos de agua; que las personas con problemas respiratorios eviten, en la medida de lo posible, realizar actividades al aire libre, y barrer la ceniza para depositarla en bolsas de plástico”, indicó la autoridad de Protección Civil federal a través de un comunicado. ¿Qué tipo de apoyo puedo solicitar al 911? Emergencias médicas Protección civil Violencia de género \nCabe mencionar que este 3 de octubre el 911 inicia funciones como número de emergencias en 16 estados, mientras que el resto del país lo hará a partir de enero. EL DATO: Fueron catalogados al menos 242 incidentes que podrán ser atendidos. \nLa unificación del 911 en el país , tiene como la finalidad el dar cumplimiento a la atención de emergencias de acuerdo con lo establecido por parámetros internacionales, permitiendo que la operación telefónica contribuya a direccionar las llamadas para que las instituciones puedan actuar de manera eficaz e inmediata ante la necesidad de la población. \nPara hacer posible este proyecto, fueron capacitados 3 mil operadores telefónicos , que se encargarán de atender y canalizar las llamadas a las corporaciones estatales y municipales, e incluso también a las del orden federal. \n", "external_links": [], "published": "2016-10-03T20:59:00.000+03:00", "crawled": "2016-10-03T16:00:05.952+03:00", "highlightTitle": ""}