{"organizations": [], "uuid": "2e1680bc6973b7d6a3a9c9059e2a37a1aac92b3f", "thread": {"social": {"gplus": {"shares": 0}, "pinterest": {"shares": 0}, "vk": {"shares": 0}, "linkedin": {"shares": 1}, "facebook": {"likes": 9, "shares": 9, "comments": 0}, "stumbledupon": {"shares": 0}}, "site_full": "www.europapress.es", "main_image": "http://s01.europapress.net/imagenes/estaticos/OpenGraph_EP_1024x512.jpg", "site_section": "", "section_title": "", "url": "http://www.europapress.es/economia/macroeconomia-00338/noticia-confianza-consumidor-baja-63-puntos-septiembre-20161003091223.html", "country": "ES", "domain_rank": 9900, "title": "La confianza del consumidor baja 6,3 puntos en septiembre", "performance_score": 0, "site": "europapress.es", "participants_count": 0, "title_full": "La confianza del consumidor baja 6,3 puntos en septiembre", "spam_score": 0.02, "site_type": "news", "published": "2016-10-03T17:12:00.000+03:00", "replies_count": 0, "uuid": "2e1680bc6973b7d6a3a9c9059e2a37a1aac92b3f"}, "author": "Europa Press", "url": "http://www.europapress.es/economia/macroeconomia-00338/noticia-confianza-consumidor-baja-63-puntos-septiembre-20161003091223.html", "ord_in_thread": 0, "title": "La confianza del consumidor baja 6,3 puntos en septiembre", "locations": [], "entities": {"persons": [], "locations": [], "organizations": []}, "highlightText": "", "language": "spanish", "persons": [], "text": "La confianza del consumidor baja 6,3 puntos en septiembre Publicado 03/10/2016 9:12:23 CET \nMADRID, 3 Oct. (EUROPA PRESS) - La confianza del consumidor retrocedió 6,3 puntos el pasado mes de septiembre en relación al mes anterior, hasta situarse en 91 puntos, su menor nivel desde mayo, debido al descenso tanto de las expectativas como de la valoración que hacen los ciudadanos de la situación actual. \nEl descenso de la confianza de los consumidores registrado en septiembre contrasta con el repunte de 2,5 puntos experimentado en agosto, según los datos publicados este lunes por el Centro de Investigaciones Sociológicas (CIS). \nEn septiembre, el indicador de situación actual bajó 6,3 puntos en relación al mes anterior, hasta los 83,8 puntos, con un comportamiento negativo de sus tres componentes (evolución general de la economía, empleo y situación de los hogares). \nEl indicador de expectativas también retrocedió 6,3 puntos en septiembre respecto al mes anterior, hasta situarse en 98,1 puntos, su nivel más bajo desde abril. Sus tres componentes experimentaron descensos, especialmente las expectativas relativas al mercado de trabajo, que cayeron 7,6 puntos. ", "external_links": [], "published": "2016-10-03T17:12:00.000+03:00", "crawled": "2016-10-03T10:23:44.357+03:00", "highlightTitle": ""}