{"organizations": [], "uuid": "c4bf7aa34bdaa6f27a106d33d2a6f99460b73a23", "thread": {"social": {"gplus": {"shares": 0}, "pinterest": {"shares": 0}, "vk": {"shares": 0}, "linkedin": {"shares": 0}, "facebook": {"likes": 0, "shares": 0, "comments": 0}, "stumbledupon": {"shares": 0}}, "site_full": "exitoina.perfil.com", "main_image": "http://i2.wp.com/exitoina.perfil.com/wp-content/uploads/2016/10/debodecir.jpg?fit=486%2C480", "site_section": "http://exitoina.perfil.com/feed/", "section_title": "Exitoina", "url": "http://exitoina.perfil.com/2016-10-01-429099-el-primer-programa-de-novaresio/", "country": "AR", "domain_rank": 5622, "title": "El primer programa de Novaresio", "performance_score": 0, "site": "perfil.com", "participants_count": 1, "title_full": "El primer programa de Novaresio", "spam_score": 0.0, "site_type": "news", "published": "2016-10-01T19:27:00.000+03:00", "replies_count": 0, "uuid": "c4bf7aa34bdaa6f27a106d33d2a6f99460b73a23"}, "author": "Exitoina", "url": "http://exitoina.perfil.com/2016-10-01-429099-el-primer-programa-de-novaresio/", "ord_in_thread": 0, "title": "El primer programa de Novaresio", "locations": [], "entities": {"persons": [], "locations": [], "organizations": []}, "highlightText": "", "language": "spanish", "persons": [], "text": "El primer programa de Novaresio Tweet \nEl domingo 2 de Octubre a las 22.30hs. llega a la pantalla de América, “#DeboDecir”, el Late Night Show conducido por Luis Novaresio. \nCon invitados especiales, destacadas figuras de la política y el deporte, artistas, periodistas y amigos, #DeboDecir ofrecerá una distendida charla en la que se hará un repaso de los temas más relevantes de la semana. \nCon música en vivo a cargo de la banda “Paris Jazz Club BA”, alternativas gastronómicas y el minuto a minuto con toda la actualidad, el reconocido periodista hará su debut con programa propio en América TV. \n#DeboDecir, a partir de este domingo a las 22.30, por América.", "external_links": [], "published": "2016-10-01T19:27:00.000+03:00", "crawled": "2016-10-01T15:52:49.859+03:00", "highlightTitle": ""}