{"organizations": [], "uuid": "cbad6d4ebf3d7bbb22924066074e9f7f30e0692f", "thread": {"social": {"gplus": {"shares": 0}, "pinterest": {"shares": 0}, "vk": {"shares": 0}, "linkedin": {"shares": 0}, "facebook": {"likes": 1, "shares": 1, "comments": 0}, "stumbledupon": {"shares": 0}}, "site_full": "ecodiario.eleconomista.es", "main_image": "http://s03.s3c.es/imag3/logos/economista/bg-ee-facebook.jpg", "site_section": "http://www.eleconomista.es/rss/rss-deportes.php", "section_title": "elEconomista  Seleccion", "url": "http://ecodiario.eleconomista.es/futbol/noticias/7863015/10/16/Modric-sufre-una-lesion-condral-en-la-rodilla-izquierda.html", "country": "ES", "domain_rank": 3233, "title": "Modric sufre una lesión condral en la rodilla izquierda", "performance_score": 0, "site": "eleconomista.es", "participants_count": 0, "title_full": "Modric sufre una lesión condral en la rodilla izquierda", "spam_score": 0.0, "site_type": "news", "published": "2016-10-01T19:54:00.000+03:00", "replies_count": 0, "uuid": "cbad6d4ebf3d7bbb22924066074e9f7f30e0692f"}, "author": "", "url": "http://ecodiario.eleconomista.es/futbol/noticias/7863015/10/16/Modric-sufre-una-lesion-condral-en-la-rodilla-izquierda.html", "ord_in_thread": 0, "title": "Modric sufre una lesión condral en la rodilla izquierda", "locations": [], "entities": {"persons": [], "locations": [], "organizations": []}, "highlightText": "", "language": "spanish", "persons": [], "text": "Modric sufre una lesión condral en la rodilla izquierda 1/10/2016 - 13:54 \nEl centrocampista croata Luka Modric sufre una lesión condral en la rodilla izquierda y no estará disponible para el Real Madrid para el partido de este domingo ante el Eibar en el Santiago Bernabéu (16.15 horas). \nMADRID, 1 (EUROPA PRESS) \n\"Tras las pruebas realizadas a nuestro jugador Luka Modric en el Hospital Universitario Sanitas La Moraleja se le ha diagnosticado una lesión condral en la rodilla izquierda. Pendiente de evolución\", reza el comunicado del club blanco. \nDe esta manera, se perderá el duelo de este domingo ante el conjunto armero y será duda para los partidos que la selección croata disputará en el parón de selecciones.  ", "external_links": [], "published": "2016-10-01T19:54:00.000+03:00", "crawled": "2016-10-01T15:14:54.340+03:00", "highlightTitle": ""}