{"organizations": [], "uuid": "0031442ed83c2fa0e019ef83d33b3a4abca98b11", "thread": {"social": {"gplus": {"shares": 0}, "pinterest": {"shares": 0}, "vk": {"shares": 0}, "linkedin": {"shares": 0}, "facebook": {"likes": 0, "shares": 0, "comments": 0}, "stumbledupon": {"shares": 0}}, "site_full": "www.antena3.com", "main_image": "http://fotografias.antena3.com/clipping/cmsimages01/2016/09/17/6761A2C4-9488-4C97-BFEE-9410B0A6CAC2/27.jpg", "site_section": "http://www.antena3.com/mrss/4.xml", "section_title": "NOTICIAS. Última hora, Videos, noticias, Directo - ANTENA3 TV (España, UE)", "url": "http://www.antena3.com/noticias/mundo/elecciones-eeuu/fiscal-nueva-york-prohibe-que-trump-recaude-fondos-fundacion_2016100357f2b9500cf2aa7f6955c4b3.html", "country": "ES", "domain_rank": 6587, "title": "El fiscal de Nueva York prohíbe que Trump recaude fondos para su Fundación", "performance_score": 0, "site": "antena3.com", "participants_count": 0, "title_full": "El fiscal de Nueva York prohíbe que Trump recaude fondos para su Fundación", "spam_score": 0.0, "site_type": "news", "published": "2016-10-04T06:02:00.000+03:00", "replies_count": 0, "uuid": "0031442ed83c2fa0e019ef83d33b3a4abca98b11"}, "author": "", "url": "http://www.antena3.com/noticias/mundo/elecciones-eeuu/fiscal-nueva-york-prohibe-que-trump-recaude-fondos-fundacion_2016100357f2b9500cf2aa7f6955c4b3.html", "ord_in_thread": 0, "title": "El fiscal de Nueva York prohíbe que Trump recaude fondos para su Fundación", "locations": [], "entities": {"persons": [], "locations": [], "organizations": []}, "highlightText": "", "language": "spanish", "persons": [], "text": "NECESITA UNA CERTIFICACIÓN El fiscal de Nueva York prohíbe que Trump recaude fondos para su Fundación \nJustifica su decisión en que viola las leyes estatales por recaudar fondos sin estar registrada ante la Oficina de Organizaciones Benéficas del estado. \"Estamos muy preocupados por las motivaciones políticas detrás de la investigación\", ha defendido la portavoz de campaña del candidato presidencial. El candidato a la presidencia de los Estados Unidos por el partido republicano, Donald Trump en un evento de campaña en el James L. Knight Center en Miami | EFE", "external_links": [], "published": "2016-10-04T06:02:00.000+03:00", "crawled": "2016-10-03T23:55:58.026+03:00", "highlightTitle": ""}