{"organizations": [], "uuid": "ee2fac4dcc67adc81b9996179b2461774c330591", "thread": {"social": {"gplus": {"shares": 0}, "pinterest": {"shares": 0}, "vk": {"shares": 0}, "linkedin": {"shares": 0}, "facebook": {"likes": 1, "shares": 1, "comments": 0}, "stumbledupon": {"shares": 0}}, "site_full": "www.redbull.com", "main_image": "http://image1.redbull.com/rbcom/010/2016-09-30/1331821134419_2/0010/1/1500/1000/2/red-bull-air-race-world-championship-2016.jpg", "site_section": "http://www.redbull.com/mx/es/rss/index.rss", "section_title": "Red Bull Mexico - most recent stories - http://www.redbull.com/mx/es", "url": "http://www.redbull.com/mx/es/motorsports/stories/1331821135332/red-bull-air-race-en-la-capital-de-los-motores", "country": "AT", "domain_rank": 5815, "title": "Red Bull Air Race en la capital de los motores", "performance_score": 0, "site": "redbull.com", "participants_count": 0, "title_full": "Red Bull Air Race en la capital de los motores", "spam_score": 0.0, "site_type": "news", "published": "2016-10-01T06:04:00.000+03:00", "replies_count": 0, "uuid": "ee2fac4dcc67adc81b9996179b2461774c330591"}, "author": "", "url": "http://www.redbull.com/mx/es/motorsports/stories/1331821135332/red-bull-air-race-en-la-capital-de-los-motores", "ord_in_thread": 0, "title": "Red Bull Air Race en la capital de los motores", "locations": [], "entities": {"persons": [], "locations": [], "organizations": []}, "highlightText": "", "language": "spanish", "persons": [], "text": "Air Race Red Bull Air Race en la capital de los motores Por primera vez en la historia, Red Bull Air Race estará en el Indianapolis Motor Speedway en EUA. Red Bull Air Race World Championship 2016 © Mihai Stetcu/Red Bull Content Pool Por Red Bull Team en 1 octubre 2016 \nEl próximo 1 y 2 de octubre se volará por la penúltima fecha del Campeonato Mundial de Carreras Aéreas . La cita es en el Indianapolis Motor Speedway, en Estados Unidos. \nEsta es una de las carreras más esperadas del Campeonato Mundial, no solo porque aquí se puede definir la competencia, ya que Matthias Dolderer podía quedarse con el título del campeonato , sino que también se volará en una de los circuitos más emblemáticos de todos los deportes automotores. \nEl circuito de Indianapolis Motor Speedway , en la ciudad de Indianápolis será el encargado de recibir la penúltima fecha y tú vas a poder disfrutar toda la emoción de las rondas finales el 2 de octubre por Red Bull TV. \nSerá una final de alarido ya que en ningún momento de la competencia existió un líder absoluto, no obstante, no podemos perdernos la actuación del alemán Matthias Dodlerer que, por el momento se encuentra en la cima de la clasificación. De resultar campeón en Indianápolis le otorgaría los puntos necesarios para coronarse por primera vez como el mejor piloto de esta temporada, además sería el primer teutón en lograr esta hazaña. Red Bull Air Race World Championship 2016 © Mihai Stetcu/Red Bull Content Pool \nMuy cerca de él se encuentra el australiano, Matt Hall que legará al trazado en Estados Unidos con una racha de dos victorias consecutivas . Como ven esta vez se volará por más que un podio en el Campeonato Mundial de Carreras Aéreas. \nDespués de esta fecha solo quedará pendiente la de Las Vegas, el 15 y 16 de octubre , luego entonces podremos conocer al campeón de este año. \nNo te puedes perder las rondas finales en directo por Red Bull TV a partir de las 3:40 pm, tiempo del centro de México. read more about", "external_links": [], "published": "2016-10-01T06:04:00.000+03:00", "crawled": "2016-10-01T03:30:19.189+03:00", "highlightTitle": ""}