{"organizations": [], "uuid": "76c21c17621ba887cc485ee50f72457b1e74105a", "thread": {"social": {"gplus": {"shares": 0}, "pinterest": {"shares": 0}, "vk": {"shares": 0}, "linkedin": {"shares": 0}, "facebook": {"likes": 0, "shares": 0, "comments": 0}, "stumbledupon": {"shares": 0}}, "site_full": "www.crhoy.com", "main_image": "http://cdn.crhoy.net/imagenes/2016/10/Limon-FC-2016.jpg", "site_section": "http://www.crhoy.com/feed/", "section_title": "Crhoy.com | Periodico Digital | Costa Rica Noticias", "url": "http://www.crhoy.com/deportes/limon-se-ilusiona-al-acercarse-a-zona-de-clasificacion/", "country": "US", "domain_rank": 2019, "title": "Limón se ilusiona al acercarse a zona de clasificación", "performance_score": 0, "site": "crhoy.com", "participants_count": 1, "title_full": "Limón se ilusiona al acercarse a zona de clasificación", "spam_score": 0.0, "site_type": "news", "published": "2016-10-03T06:04:00.000+03:00", "replies_count": 0, "uuid": "76c21c17621ba887cc485ee50f72457b1e74105a"}, "author": "Graciela Fonseca", "url": "http://www.crhoy.com/deportes/limon-se-ilusiona-al-acercarse-a-zona-de-clasificacion/", "ord_in_thread": 0, "title": "Limón se ilusiona al acercarse a zona de clasificación", "locations": [], "entities": {"persons": [], "locations": [], "organizations": []}, "highlightText": "", "language": "spanish", "persons": [], "text": "Los caribeños derrotaron 2-1 a Liberia Limón se ilusiona al acercarse a zona de clasificación octubre 2, 2016 4:04 pm | Graciela Fonseca [email protected] El equipo pampero no levanta cabeza {{slide.text | html}} \nEl conjunto de Limón FC logró este domingo la victoria de 2-1 ante el Municipal Liberia y suma 3 puntos que lo acercan a la zona de clasificación. \nEl equipo caribeño fue mejor en el terreno de juego y supo resolver en el momento preciso. La gran figura fue el delantero Erick Scott, quien firmó un valioso doblete. \nAl minuto 11 apareció el primer tanto después de un buen centro por la izquierda que cerró de forma categórica Scott. Los caribeños no dejaron de apretar y ampliaron la cuenta por medio de un penal lanzado por el mismo Scott. \nLiberia mejoró en la segunda parte. El timonel Marvin Solano hizo movimientos para tratar de alcanzar la paridad. Se acercaron con el tanto de Jean Scott , pero el tiempo se les agotó y son otro de los equipos -junto a San Carlos- que no levantan cabeza. \nLos dirigidos por Horacio Esquivel se colocan quintos -de manera momentánea- con un total de 22 puntos, 4 menos que el Cartaginés que es 4°.   deportes , Invierno 2016 . Recomendamos", "external_links": [], "published": "2016-10-03T06:04:00.000+03:00", "crawled": "2016-10-03T01:17:52.412+03:00", "highlightTitle": ""}