{"organizations": [], "uuid": "de7873d6c8c7433abe18fb44a7f7520e58517ab5", "thread": {"social": {"gplus": {"shares": 0}, "pinterest": {"shares": 0}, "vk": {"shares": 0}, "linkedin": {"shares": 0}, "facebook": {"likes": 0, "shares": 0, "comments": 0}, "stumbledupon": {"shares": 0}}, "site_full": "www.meneame.net", "main_image": "//mnmstatic.net/img/mnm/logo-350x350.png", "site_section": "http://www.meneame.net/rss?status=queued", "section_title": "Menéame: en cola", "url": "https://www.meneame.net/m/cultura/hijos-mandones-sindrome-emperador", "country": "IE", "domain_rank": 8316, "title": "Hijos mandones: Síndrome del Emperador", "performance_score": 0, "site": "meneame.net", "participants_count": 1, "title_full": "Hijos mandones: Síndrome del Emperador", "spam_score": 0.0, "site_type": "news", "published": "2016-10-01T21:37:00.000+03:00", "replies_count": 0, "uuid": "de7873d6c8c7433abe18fb44a7f7520e58517ab5"}, "author": "pavon72", "url": "https://www.meneame.net/m/cultura/hijos-mandones-sindrome-emperador", "ord_in_thread": 0, "title": "Hijos mandones: Síndrome del Emperador", "locations": [], "entities": {"persons": [], "locations": [], "organizations": []}, "highlightText": "", "language": "spanish", "persons": [], "text": "por pavon72 a naxio.com.ar enviado: ____ Desde hace no mucho más de una década comenzaron a surgir en diferentes ciudades del mundo niños que se establecen como los jefes indiscutidos de la familia. Son quienes eligen qué se come, dónde se vacaciona, qué canal de televisión se ve, los horarios para dormir y demás actividades de la familia. Amenazan, pegan, agreden psicológicamente a sus padres y parecen no haber desarrollado la empatía (", "external_links": [], "published": "2016-10-01T21:37:00.000+03:00", "crawled": "2016-10-01T16:44:45.338+03:00", "highlightTitle": ""}