{"organizations": [], "uuid": "8f13f784ee7ec5dd7fa5f88e587e169f4b727017", "thread": {"social": {"gplus": {"shares": 0}, "pinterest": {"shares": 0}, "vk": {"shares": 0}, "linkedin": {"shares": 0}, "facebook": {"likes": 0, "shares": 0, "comments": 0}, "stumbledupon": {"shares": 0}}, "site_full": "www.ole.com.ar", "main_image": "http://www.ole.com.ar/newells-old-boys/Maxi-Rodriguez-Mateo-volvieron-entrenar_OLEIMA20160615_0086_24.jpg", "site_section": "", "section_title": "", "url": "http://www.ole.com.ar/newells-old-boys/Maxiausencia_0_1660034021.html", "country": "AR", "domain_rank": 3866, "title": "Maxiausencia | Olé", "performance_score": 0, "site": "ole.com.ar", "participants_count": 0, "title_full": "Maxiausencia | Olé", "spam_score": 0.2, "site_type": "news", "published": "2016-09-30T16:09:00.000+03:00", "replies_count": 0, "uuid": "8f13f784ee7ec5dd7fa5f88e587e169f4b727017"}, "author": "Ol", "url": "http://www.ole.com.ar/newells-old-boys/Maxiausencia_0_1660034021.html", "ord_in_thread": 0, "title": "Maxiausencia | Olé", "locations": [], "entities": {"persons": [], "locations": [], "organizations": []}, "highlightText": "", "language": "spanish", "persons": [], "text": "NEWELL’S Maxiausencia Rodríguez, out por distensión leve. Iría Isnaldo o Fértoli, según el DT, sin resentir la Estructura. Publicado el Maxi Rodríguez y Mateo, dos que se volvieron a entrenar. Relacionadas Nacho sigue de 9 \nMaxi Rodríguez padece una distensión leve en el aductor derecho y se perderá el partido de mañana contra Temperley. La Fiera se había entrenado de manera diferenciada durante toda la semana, ayer le hicieron estudios y se confirmó la lesión, por lo cual el técnico Diego Osella está obligado a meter mano en el equipo. Para suplir al capitán hay dos candidatos: Eugenio Isnaldo y Héctor Fértoli, quienes fueron probados en el ensayo del miércoles. “Los dos nos dan la posibilidad de no resentir la estructura”, explicó el DT. \nRosario (corresponsa). ¿Qué te pareció la nota? Comentarios (Para comentar, tu cuenta debe estar activa) FUERA DE JUEGO ", "external_links": [], "published": "2016-09-30T16:09:00.000+03:00", "crawled": "2016-10-02T01:35:30.733+03:00", "highlightTitle": ""}