{"organizations": [], "uuid": "619d0085b8693bffa5e5a9d797af7e937ab41e53", "thread": {"social": {"gplus": {"shares": 0}, "pinterest": {"shares": 0}, "vk": {"shares": 0}, "linkedin": {"shares": 0}, "facebook": {"likes": 0, "shares": 0, "comments": 0}, "stumbledupon": {"shares": 0}}, "site_full": "www.nacion.com", "main_image": "http://www.nacion.com/sucesos/desastres/Eliecer-Amarillo-ELIECER-DUARTEOVSICORI-GN_LNCIMA20161001_0021_3.jpg", "site_section": "http://www.nacion.com/rss/sucesos/", "section_title": "", "url": "http://www.nacion.com/sucesos/desastres/Volcan-contamina-km-rio-Guapiles_0_1588641137.html", "country": "US", "domain_rank": 2457, "title": "Volcán contamina 35 km de río en Guápiles", "performance_score": 0, "site": "nacion.com", "participants_count": 1, "title_full": "Volcán contamina 35 km de río en Guápiles", "spam_score": 0.191, "site_type": "news", "published": "2016-10-01T08:10:00.000+03:00", "replies_count": 0, "uuid": "619d0085b8693bffa5e5a9d797af7e937ab41e53"}, "author": "nacion.com", "url": "http://www.nacion.com/sucesos/desastres/Volcan-contamina-km-rio-Guapiles_0_1588641137.html", "ord_in_thread": 0, "title": "Volcán contamina 35 km de río en Guápiles", "locations": [], "entities": {"persons": [], "locations": [], "organizations": []}, "highlightText": "", "language": "spanish", "persons": [], "text": "Un recorrido del vulcanólogo Eliécer Duarte por la cuenca del río Toro Amarillo, en Pococí, permitió constatar la muerte de gran cantidad de peces por influencia de la ceniza volcánica. | ELIÉCER DUARTE/OVSICORI PARA GN Las recientes erupciones del volcán Turrialba y las posteriores lluvias arrastraron masas de ceniza a lo largo de los ríos Toro Amarillo y Sucio, las cuales provocaron la muerte de peces, rellenaron unas alcantarillas de desagüe y afectaron varios caminos cercanos.\nAsí lo explicó el vulcanólogo Eliécer Duarte, del Observatorio Sismológico y Vulcanológico de Costa Rica (Ovsicori), quien visitó la cima entre el 19 y el 24 de setiembre pasados.\nDuarte indicó que la dirección del viento lanzó gran parte de las cenizas hacia el Parque Nacional Braulio Carrillo, lo que provocó impacto ecológico en la flora y la fauna de los ríos, en una línea recta superior a los 35 kilómetros, a partir de la cima.\nPeces como mojarras, barbudos, bobos y otros aparecieron entre la ceniza, cuya acidez robó el oxígeno del agua y provocó la muerte de gran cantidad de peces en el Toro Amarillo.\nEn otras observaciones, Duarte dijo que por la parte alta del río Aquiares bajó tanto material con las lluvias que rellenó dos alcantarillas de poco más de metro y medio de profundidad, las cuales, por décadas, permitieron el desagüe de agua y materiales.", "external_links": [], "published": "2016-10-01T08:10:00.000+03:00", "crawled": "2016-10-01T16:07:31.192+03:00", "highlightTitle": ""}