{"organizations": [], "uuid": "44fbee9824f9c3ba4fa95a53174ca231e38d39a5", "thread": {"social": {"gplus": {"shares": 0}, "pinterest": {"shares": 0}, "vk": {"shares": 0}, "linkedin": {"shares": 0}, "facebook": {"likes": 0, "shares": 0, "comments": 0}, "stumbledupon": {"shares": 0}}, "site_full": "www.meneame.net", "main_image": "//mnmstatic.net/img/mnm/logo-350x350.png", "site_section": "http://meneame.net/rss2.php?status=all&category=36", "section_title": "Menéame: todas", "url": "https://www.meneame.net/m/actualidad/detenida-mujer-lleida-causarle-cortes-cuello-novia-expareja", "country": "IE", "domain_rank": 8316, "title": "Detenida una mujer en Lleida por causarle cortes en el cuello a la novia de su expareja", "performance_score": 0, "site": "meneame.net", "participants_count": 1, "title_full": "Detenida una mujer en Lleida por causarle cortes en el cuello a la novia de su expareja", "spam_score": 0.0, "site_type": "news", "published": "2016-10-03T18:00:00.000+03:00", "replies_count": 0, "uuid": "44fbee9824f9c3ba4fa95a53174ca231e38d39a5"}, "author": "Tensk", "url": "https://www.meneame.net/m/actualidad/detenida-mujer-lleida-causarle-cortes-cuello-novia-expareja", "ord_in_thread": 0, "title": "Detenida una mujer en Lleida por causarle cortes en el cuello a la novia de su expareja", "locations": [], "entities": {"persons": [], "locations": [], "organizations": []}, "highlightText": "", "language": "spanish", "persons": [], "text": "1 comentarios actualidad karma: 15 #1 Que se me vaya el karma por el desagüe, pero meneo porque para el cártel feminazi el intentar razonar esta noticia les tiene que hacer explotar la cabeza votos: 0 karma: 11 Autentifícate si deseas escribir comentarios. O crea tu cuenta aquí. \nmenéame", "external_links": [], "published": "2016-10-03T18:00:00.000+03:00", "crawled": "2016-10-03T13:03:50.048+03:00", "highlightTitle": ""}