{"organizations": [], "uuid": "f26fc2c23895c3af06caceabd69f97baf200a493", "thread": {"social": {"gplus": {"shares": 0}, "pinterest": {"shares": 0}, "vk": {"shares": 0}, "linkedin": {"shares": 0}, "facebook": {"likes": 179, "shares": 179, "comments": 6}, "stumbledupon": {"shares": 0}}, "site_full": "www.infobae.com", "main_image": "http://www.infobae.com/resizer/?op=resize&url=https%3a%2f%2fs3.amazonaws.com%2farc-wordpress-client-uploads%2finfobae-wp%2fwp-content%2fuploads%2f2016%2f09%2f30130635%2fpartida-shakira-juanes-falcao-valderrama-1920.jpg&mode=crop&w=1200&q=75&token=bar", "site_section": "http://www.infobae.com/feeds/rss/sites/america/", "section_title": "Infobae.com", "url": "http://www.infobae.com/america/america-latina/2016/10/02/cantantes-y-futbolistas-apoyan-el-acuerdo-de-paz-entre-el-gobierno-colombiano-y-las-farc/", "country": "US", "domain_rank": 1441, "title": "Cantantes y futbolistas apoyan el acuerdo de paz entre el gobierno colombiano y las FARC", "performance_score": 1, "site": "infobae.com", "participants_count": 0, "title_full": "Cantantes y futbolistas apoyan el acuerdo de paz entre el gobierno colombiano y las FARC", "spam_score": 0.0, "site_type": "news", "published": "2016-10-02T18:21:00.000+03:00", "replies_count": 0, "uuid": "f26fc2c23895c3af06caceabd69f97baf200a493"}, "author": "", "url": "http://www.infobae.com/america/america-latina/2016/10/02/cantantes-y-futbolistas-apoyan-el-acuerdo-de-paz-entre-el-gobierno-colombiano-y-las-farc/", "ord_in_thread": 0, "title": "Cantantes y futbolistas apoyan el acuerdo de paz entre el gobierno colombiano y las FARC", "locations": [], "entities": {"persons": [], "locations": [], "organizations": []}, "highlightText": "", "language": "spanish", "persons": [], "text": "América Latina Cantantes y futbolistas apoyan el acuerdo de paz entre el gobierno colombiano y las FARC Shakira, Juanes, Radamel Falcao García y Carlos “El Pibe” Valderrama son algunos de los que manifestaron su adhesión al tratado firmado el pasado lunes. Este domingo se realizará el plebiscito para validarlo   Shakira, Juanes, Radamel Falcao García y Carlos “El Pibe” Valderrama (Getty) La voz de los cantantes, el talento de los deportistas y la pluma de los escritores se han volcado masivamente para apoyar el acuerdo de paz entre el gobierno de Colombia y las FARC, que busca acabar una conflagración interna de 52 años. Shakira , Juanes y Carlos Vives , las caras más representativas de la música colombiana, han entonado mensajes de reconciliación, amor y perdón , tras la firma el lunes del pacto de paz entre el presidente Juan Manuel Santos y el máximo líder de las FARC, Rodrigo Londoño, 'Timochenko', en Cartagena. Shakira (Getty) \" 'Se hace camino al andar' … Colombia mía, queda mucho por delante; cuidar y educar a nuestros niños es cementar el camino de la paz\", sostuvo Shakira . Juanes (Getty) \" La misión más grande que tenemos ahora como colombianos es perdonar \", escribió Juanes en Twitter el martes, un día después de la rúbrica del tratado que busca superar un conflicto armado que ha causado unos ocho millones de víctimas y que para entrar en vigor deberá ser aprobado por los colombianos en un plebiscito el domingo. Vives , por su parte, calificó de \" día importante \" la fecha de la firma. \" Pensando en todo el camino que nos queda por delante para lograr una paz duradera para los nuestros \", afirmó. El samario además compuso en 2014, dos años después de que se instalaron los diálogos en Cuba, la canción \" Un paso hacia la paz \", en la que participaron más de 30 artistas de varias regiones del país, entre ellos Juanes, Fonseca, Los Aterciopelados, Santiago Cruz, Andrés Cepeda, Maia, ChocQuibTown y Totó La Momposina. Carlos Valderrama (Getty) Goles para \"perdonar\" A la melodía de estos artistas se suma la gambeta de dos referentes del fútbol colombiano: Falcao García y Carlos \"El Pibe\" Valderrama . \" Yo me imagino un país que tenga la capacidad de perdonar \", afirmó el delantero en una carta en el diario El Tiempo . \"¿Qué quiero yo? Que mis hijos y mis nietos vivan en paz, y yo (también) los últimos años de mi vida\", dijo \"El Pibe\" en un acto en Bogotá a comienzos de mes. Falcao (Getty) En el mismo sentido se pronunció en agosto Nairo Quintana , ganador de la Vuelta a España, quien invitó a sus compatriotas a votar \"Sí\" en el plebiscito. \" Ahora todos nosotros, los colombianos, tenemos que apoyar este paso \", indicó. A favor de lo pactado con la principal guerrilla del país y la más antigua del continente también se han pronunciado escritores como Héctor Abad Faciolince , Santiago Gamboa , Piedad Bonett y Juan Gabriel Vásquez . También lo hizo el actor colombo-estadounidense John Leguízamo . LEA MÁS:", "external_links": [], "published": "2016-10-02T18:21:00.000+03:00", "crawled": "2016-10-02T14:01:27.245+03:00", "highlightTitle": ""}