{"organizations": [], "uuid": "17db540ff46b1f48d2ea73635588d25e76c183c8", "thread": {"social": {"gplus": {"shares": 0}, "pinterest": {"shares": 0}, "vk": {"shares": 0}, "linkedin": {"shares": 0}, "facebook": {"likes": 0, "shares": 0, "comments": 0}, "stumbledupon": {"shares": 0}}, "site_full": "www.europapress.es", "main_image": "http://img.europapress.net/fotoweb/fotonoticia_20161001145843_800.jpg", "site_section": "", "section_title": "", "url": "http://www.europapress.es/catalunya/noticia-generalitat-llevara-anteproyecto-ley-voto-electronico-parlament-breve-20161001145843.html", "country": "ES", "domain_rank": 9900, "title": "La Generalitat llevará el anteproyecto de ley de voto electrónico al Parlament en breve", "performance_score": 0, "site": "europapress.es", "participants_count": 0, "title_full": "La Generalitat llevará el anteproyecto de ley de voto electrónico al Parlament en breve", "spam_score": 0.057, "site_type": "news", "published": "2016-10-01T22:58:00.000+03:00", "replies_count": 0, "uuid": "17db540ff46b1f48d2ea73635588d25e76c183c8"}, "author": "Europa Press", "url": "http://www.europapress.es/catalunya/noticia-generalitat-llevara-anteproyecto-ley-voto-electronico-parlament-breve-20161001145843.html", "ord_in_thread": 0, "title": "La Generalitat llevará el anteproyecto de ley de voto electrónico al Parlament en breve", "locations": [], "entities": {"persons": [], "locations": [], "organizations": []}, "highlightText": "", "language": "spanish", "persons": [], "text": "La Generalitat llevará el anteproyecto de ley de voto electrónico al Parlament en breve GENERALITAT DE CATALUNYA Publicado 01/10/2016 14:58:43 CET \nBARCELONA, 1 Oct. (EUROPA PRESS) - La consellera de Gobernación, Meritxell Borràs, ha asegurado este sábado que el anteproyecto de la ley que prevé regular el voto electrónico de los catalanes residentes en el extranjero ya ha pasado los trámites necesarios para que el Parlament la pueda votar, ha informado la Generalitat en un comunicado. \nLo ha dicho en Londres después de presentar el Plan de acción para implementar el voto electrónico para catalanes residentes en el extranjero, que el Govern prevé tener lista para el segundo semestre de 2017. \n\"El texto está a punto para ser debatido en la Cámara catalana, entonces sólo hará falta voluntad política\", ha afirmado Borràs, que ha participado en el VIII Encuentro Europeo de Comunidades Catalanas en el Exterior. \n\"Encontraremos la complicidad necesaria para tirar adelante la ley que hará posible que todos los catalanes en el exterior puedan votar con garantías\", ha subrayado, y ha dicho confiar que el Gobierno central no pondrá impedimentos al sufragio de los catalanes en el extranjero. \nAsimismo, ha recordado que el voto electrónico funciona \"en países serios como Francia o Suiza\" y que da garantías de transparencia, seguridad y anonimato. 196.000 CATALANES EN EL EXTRANJERO \nLa intención de este procedimiento es evitar que se repita la situación de las elecciones autonómicas del 27S, cuando de los 196.065 catalanes censados en el extranjero votaron 14.781 \"por dificultades del sistema\". \nEl proyecto se ha definido en seis fases: definición de un marco jurídico, contratación administrativa, implementación tecnológica, plan de comunicación para promoverlo, pruebas piloto para verificar su fiabilidad y, finalmente, el proceso electoral. ", "external_links": [], "published": "2016-10-01T22:58:00.000+03:00", "crawled": "2016-10-01T16:29:30.342+03:00", "highlightTitle": ""}