{"organizations": [], "uuid": "757036dc482cfe3c4035a88883974d40da7e3e6c", "thread": {"social": {"gplus": {"shares": 0}, "pinterest": {"shares": 0}, "vk": {"shares": 0}, "linkedin": {"shares": 0}, "facebook": {"likes": 0, "shares": 0, "comments": 0}, "stumbledupon": {"shares": 0}}, "site_full": "www.meneame.net", "main_image": "https://www.meneame.net/backend/media?type=link&amp;id=2679074&amp;version=0&amp;ts=1475320866&amp;image.jpeg", "site_section": "http://meneame.net/rss2.php?status=all&category=13", "section_title": "Menéame: todas", "url": "https://www.meneame.net/m/cultura/suicidio-en-escritor", "country": "IE", "domain_rank": 8316, "title": "El suicidio en el escritor", "performance_score": 0, "site": "meneame.net", "participants_count": 1, "title_full": "El suicidio en el escritor", "spam_score": 0.0, "site_type": "news", "published": "2016-10-01T19:19:00.000+03:00", "replies_count": 0, "uuid": "757036dc482cfe3c4035a88883974d40da7e3e6c"}, "author": "quoque", "url": "https://www.meneame.net/m/cultura/suicidio-en-escritor", "ord_in_thread": 0, "title": "El suicidio en el escritor", "locations": [], "entities": {"persons": [], "locations": [], "organizations": []}, "highlightText": "", "language": "spanish", "persons": [], "text": "por quoque a psyciencia.com enviado: ____ Los vínculos entre el oficio del artista, la hipersensibilidad y la propensión a los trastornos mentales ha sido uno de los temas de discusión más fascinantes y controversiales de las últimas décadas.", "external_links": [], "published": "2016-10-01T19:19:00.000+03:00", "crawled": "2016-10-01T14:25:36.010+03:00", "highlightTitle": ""}