{"organizations": [], "uuid": "feabb1789694a9a2fb9cfcf389587273f59ac8af", "thread": {"social": {"gplus": {"shares": 0}, "pinterest": {"shares": 0}, "vk": {"shares": 0}, "linkedin": {"shares": 0}, "facebook": {"likes": 0, "shares": 0, "comments": 0}, "stumbledupon": {"shares": 0}}, "site_full": "www.biobiochile.cl", "main_image": "http://media.biobiochile.cl/wp-content/uploads/2016/09/malaimagen-730x350.jpg", "site_section": "", "section_title": "", "url": "http://www.biobiochile.cl/noticias/bbtv/entrevistas-bio-bio-tv/2016/09/30/malaimagen-trato-de-ocupar-el-humor-grafico-como-una-tribuna-de-opinion-como-persona-comun-y-corriente.shtml", "country": "US", "domain_rank": 759, "title": "Malaimagen: “Trato de ocupar el humor gráfico como una tribuna de opinión como persona común y corriente”", "performance_score": 0, "site": "biobiochile.cl", "participants_count": 0, "title_full": "Malaimagen: “Trato de ocupar el humor gráfico como una tribuna de opinión como persona común y corriente”", "spam_score": 0.199, "site_type": "news", "published": "2016-09-30T23:29:00.000+03:00", "replies_count": 0, "uuid": "feabb1789694a9a2fb9cfcf389587273f59ac8af"}, "author": "Juan Pablo Echenique", "url": "http://www.biobiochile.cl/noticias/bbtv/entrevistas-bio-bio-tv/2016/09/30/malaimagen-trato-de-ocupar-el-humor-grafico-como-una-tribuna-de-opinion-como-persona-comun-y-corriente.shtml", "ord_in_thread": 0, "title": "Malaimagen: “Trato de ocupar el humor gráfico como una tribuna de opinión como persona común y corriente”", "locations": [], "entities": {"persons": [], "locations": [], "organizations": []}, "highlightText": "", "language": "spanish", "persons": [], "text": "Malaimagen: “Trato de ocupar el humor gráfico como una tribuna de opinión como persona común y corriente” 0 \nEl dibujante Guillermo Galindo, más conocido como Malaimagen, conversó en Expreso Biobío sobre su obra y su nuevo libro. 0 \nBioBioChile 2009-2016 | Concepción, Chile | Contenidos bajo Creative Commons (CC-BY-NC) salvo donde indique lo contrario \nBasado en sistema Wordpress | Desarrollo por BioBioChile ", "external_links": [], "published": "2016-09-30T23:29:00.000+03:00", "crawled": "2016-10-01T05:32:43.972+03:00", "highlightTitle": ""}