{"organizations": [], "uuid": "d46d6bf56fde6543e4089adadab35002d0026e3d", "thread": {"social": {"gplus": {"shares": 0}, "pinterest": {"shares": 0}, "vk": {"shares": 0}, "linkedin": {"shares": 0}, "facebook": {"likes": 0, "shares": 0, "comments": 0}, "stumbledupon": {"shares": 0}}, "site_full": "www.meneame.net", "main_image": "https://www.meneame.net/backend/media?type=link&amp;id=2678939&amp;version=0&amp;ts=1475270646&amp;image.jpeg", "site_section": "http://www.meneame.net/rss?status=queued", "section_title": "Menéame: en cola", "url": "https://www.meneame.net/m/actualidad/padre-baltar-admite-mucha-gente-acercaba-pedirle-favores-cosas", "country": "IE", "domain_rank": 8316, "title": "El padre de Baltar admite que mucha gente se le acercaba para pedirle “favores y cosas”", "performance_score": 0, "site": "meneame.net", "participants_count": 1, "title_full": "El padre de Baltar admite que mucha gente se le acercaba para pedirle “favores y cosas”", "spam_score": 0.0, "site_type": "news", "published": "2016-10-01T05:14:00.000+03:00", "replies_count": 0, "uuid": "d46d6bf56fde6543e4089adadab35002d0026e3d"}, "author": "croucho", "url": "https://www.meneame.net/m/actualidad/padre-baltar-admite-mucha-gente-acercaba-pedirle-favores-cosas", "ord_in_thread": 0, "title": "El padre de Baltar admite que mucha gente se le acercaba para pedirle “favores y cosas”", "locations": [], "entities": {"persons": [], "locations": [], "organizations": []}, "highlightText": "", "language": "spanish", "persons": [], "text": "por croucho a infolibre.es enviado: ____ El expresidenet de la Diputación de Ourense declaró este jueves como investigado en la causa en la que se acusa a su hijo de \"ofrecer trabajo a cambio de sexo\". El expresidente de la Diputación de Ourense José Luis Baltar Pumar \"no negó\" haber hablado con la denunciante de su hijo, Manuel Baltar, así como con \"ninguna otra persona\", ya que, según Miguel Caride, abogado de la acusación particular, el exbarón popular dijo que antes \"se le acercaba mucha gente para pedirle favores y cosas\"", "external_links": [], "published": "2016-10-01T05:14:00.000+03:00", "crawled": "2016-10-01T00:28:52.346+03:00", "highlightTitle": ""}