{"organizations": [], "uuid": "109fa35e2bc35719f230ab739ecf83aedad56fa4", "thread": {"social": {"gplus": {"shares": 0}, "pinterest": {"shares": 0}, "vk": {"shares": 0}, "linkedin": {"shares": 0}, "facebook": {"likes": 0, "shares": 0, "comments": 0}, "stumbledupon": {"shares": 0}}, "site_full": "es.finance.yahoo.com", "main_image": "https://s1.yimg.com/bt/api/res/1.2/9pNImCSMVSZZ1JQkFMfEAQ--/YXBwaWQ9eW5ld3NfbGVnbztpbD1wbGFuZTtxPTc1O3c9NjAw/http://media.zenfs.com/es_ES/News/efe.com.es/12186543w.jpg", "site_section": "https://es.finance.yahoo.com/noticias/todas/?format=rss", "section_title": "Noticias - Yahoo Finanzas", "url": "https://es.finance.yahoo.com/noticias/telecinco-l%C3%ADder-audiencia-veinticinco-meses-consecutivos-121432141.html", "country": "US", "domain_rank": 5, "title": "Telecinco es líder de audiencia durante veinticinco meses consecutivos", "performance_score": 0, "site": "yahoo.com", "participants_count": 0, "title_full": "Telecinco es líder de audiencia durante veinticinco meses consecutivos", "spam_score": 0.0, "site_type": "news", "published": "2016-10-01T20:22:00.000+03:00", "replies_count": 0, "uuid": "109fa35e2bc35719f230ab739ecf83aedad56fa4"}, "author": "", "url": "https://es.finance.yahoo.com/noticias/telecinco-l%C3%ADder-audiencia-veinticinco-meses-consecutivos-121432141.html", "ord_in_thread": 0, "title": "Telecinco es líder de audiencia durante veinticinco meses consecutivos", "locations": [], "entities": {"persons": [], "locations": [], "organizations": []}, "highlightText": "", "language": "spanish", "persons": [], "text": "Consejo: Utilice la coma (,) para separar las diferentes cotizaciones. Más información... \nsáb, 1 oct 2016, 14:43 CEST - Mercados españoles cerrados Telecinco es líder de audiencia durante veinticinco meses consecutivos Agencia EFE – Hace 21 minutos Ver foto \nBertín Osborne (d) acompañado del consejero delegado de Mediaset España, Paolo Vasile, durante la presentación … Madrid, 1 oct (EFE).- Telecinco es líder de audiencia durante veinticinco meses consecutivos, con un 14,1 por ciento de cuota de pantalla en septiembre, seguida de Antena 3, con un 12,3 por ciento, y de La 1, con un 9,4 por ciento. \nSegún el informe mensual de Barlovento Comunicación con datos de Kantar Media, por detrás de estos canales, se sitúan el grupo de cadenas temáticas de pago (7,4 por ciento), las televisiones autonómicas de la Forta (7,2), La Sexta (7 por ciento), Cuatro (6,4), el canal FDF-T5 (3,4), La 2 (2,7 por ciento) y Neox (2,6 por ciento). \nPor grupos empresariales, encabeza la audiencia Mediaset España (30,3 por ciento), seguido de Atresmedia, con el 26,9 por ciento, RCTVE (16,1 por ciento), el Grupo Vocento (3 por ciento) y Unidad Editorial (1,9 por ciento). \nLos informativos de Telecinco son los más vistos en la ponderación de la audiencia media de las dos ediciones de mediodía y noche. \nCon sus informativos, Telecinco es líder en la edición de noche de lunes a domingo, La 1 es la más vista en la sobremesa de lunes a viernes y hay \"un empate técnico\" entre los programas de información de La 1 y de Antena 3 en la sobremesa de los sábados y domingos. \nLa emisión más vista del mes de septiembre corresponde al partido de fútbol de la Champions League entre el Borussia Dortmund y el Real Madrid, programado el 27 de septiembre por Antena 3, con 5.882.000 televidentes y un 34,3 por ciento de cuota de pantalla. \nEl consumo televisivo promedio en septiembre es de 214 minutos, 1 minutos, 23 minutos más que el mes anterior y 12 minutos menos que en septiembre del año pasado. \nTelecinco es la cadena más vista en mujeres e individuos mayores de 13 años, en la sobremesa, la tarde, el \"prime time\" y el \"late night\" los lunes, miércoles, jueves y viernes. \nAntena 3 es líder en hombres, por la mañana, los martes, sábados y domingos. \nEn el desglose por regiones, Telecinco es líder en Andalucía, Aragón, Asturias, Canarias, Galicia, Madrid, Murcia y el País Vasco, mientras que Antena 3 es líder en Castilla-La Mancha, Castilla-León y Valencia. \nLa película más vista fue \"Misión imposible: Protocolo fantasma\" (el 11 de septiembre en La 1), con una audiencia media de 2.367.000 televidentes y un 15,4 por ciento de cuota de pantalla y la serie más vista fue \"Mar de plástico\" (12 de septiembre en Antena 3), con 2.824.000 espectadores y un 17,8 por ciento de \"share\". \nEl informativo más visto fue el emitido por Telecinco del 22 de septiembre a las 21:00 horas, con 2.741.000 espectadores y un 19,6 por ciento de cuota de pantalla. \nPor su parte, el programa de entretenimiento más visto fue \"La Voz: Audiciones a ciegas\" (28 de septiembre, Telecinco) con 3.488.000 espectadores y 27,9 por ciento de cuota y el de animación fue \"Los Simpson\" (5 de septiembre, Antena 3) con 1.478.000 espectadores y 12,9 por ciento de cuota. \nEn cuanto al visionado en diferido, la emisión más vista corresponde a \"Mar de plástico\" (Antena 3) con 381.000 espectadores.", "external_links": [], "published": "2016-10-01T20:22:00.000+03:00", "crawled": "2016-10-01T15:44:58.442+03:00", "highlightTitle": ""}