{"organizations": [], "uuid": "c4fb93eccdfc94100b0c7538faa7a2c5c770f0db", "thread": {"social": {"gplus": {"shares": 0}, "pinterest": {"shares": 0}, "vk": {"shares": 0}, "linkedin": {"shares": 0}, "facebook": {"likes": 0, "shares": 0, "comments": 0}, "stumbledupon": {"shares": 0}}, "site_full": "elcomercio.pe", "main_image": "http://cde.3.elcomercio.pe/ima/0/1/4/9/8/1498575.jpg", "site_section": "http://elcomercio.pe//feed/portada.xml", "section_title": "", "url": "http://elcomercio.pe/tvmas/farandula/monica-sanchez-expreso-solidaridad-yahaira-plasencia-noticia-1936223", "country": "PE", "domain_rank": 1155, "title": "Mónica Sánchez expresó su solidaridad con Yahaira Plasencia", "performance_score": 0, "site": "elcomercio.pe", "participants_count": 0, "title_full": "Mónica Sánchez expresó su solidaridad con Yahaira Plasencia", "spam_score": 0.0, "site_type": "news", "published": "2016-10-04T05:00:00.000+03:00", "replies_count": 0, "uuid": "c4fb93eccdfc94100b0c7538faa7a2c5c770f0db"}, "author": "", "url": "http://elcomercio.pe/tvmas/farandula/monica-sanchez-expreso-solidaridad-yahaira-plasencia-noticia-1936223", "ord_in_thread": 0, "title": "Mónica Sánchez expresó su solidaridad con Yahaira Plasencia", "locations": [], "entities": {"persons": [], "locations": [], "organizations": []}, "highlightText": "", "language": "spanish", "persons": [], "text": "Lunes 03 de octubre del 2016 | 16:00 Mónica Sánchez expresó su solidaridad con Yahaira Plasencia Actriz de \"Al fondo hay sitio\" se expresó en Twitter solidarizándose con Yahaira Plasencia , ex vocalista de Son Tentación \nMónica Sánchez opinó sobre el tratamiento informativo del caso Yahaira Plasencia. (Fotos: USI) Lea También... Mónica Sánchez siente decepción de Susana, Lourdes y Anel \nLa actriz Mónica Sánchez usó su cuenta de Twitter para expresar su solidaridad con la ex vocalista de Son Tentación, Yahaira Plasencia . \n\"Mi solidaridad con Yahaira Plasencia. Ojalá la prensa fuera igual de incisiva, meticulosa y criticona con delincuentes y corruptos\", lástima. Mi solidaridad con Yahaira Placencia. Ojalá la prensa fuera igual de insisiva, meticulosa y criticona con delincuentes y corruptos. #Lástima — monica sanchez (@21Cordeliamar) 3 de octubre de 2016 \nDe esta forma, la figura de \"Al fondo hay sitio\" expresó lástima por el tratamiento informativo que viene recibiendo la cantante de 22 años. \nEl domingo 25 de septiembre, Jerson Reyes --futbolista de Segunda división-- se presentó en \"El valor de la verdad\" para hablar sobre la ex integrante del reality \"Bienvenida la tarde\". \nUna semana después, Lourdes Vásquez, madre del también futbolista Hernán Hinostroza, se presentó en el mismo programa para declarar también sobre Yahaira Plasencia . \nLa artista estuvo alejada de la prensa, internada en una clínica local, pero reapareció el pasado sábado en Huancayo. Dio un show y se retiró sin dialogar con los periodistas que la buscaron.", "external_links": [], "published": "2016-10-04T05:00:00.000+03:00", "crawled": "2016-10-04T00:23:22.661+03:00", "highlightTitle": ""}