{"organizations": [], "uuid": "c102b139c3e4028fe510dd7e1aa2fa5cc01d1a90", "thread": {"social": {"gplus": {"shares": 0}, "pinterest": {"shares": 0}, "vk": {"shares": 0}, "linkedin": {"shares": 0}, "facebook": {"likes": 0, "shares": 0, "comments": 0}, "stumbledupon": {"shares": 0}}, "site_full": "www.bbc.com", "main_image": "http://ichef-1.bbci.co.uk/news/1024/cpsprodpb/109C5/production/_91473086_p049n9nz.jpg", "site_section": "", "section_title": "", "url": "http://www.bbc.com/mundo/media-37529315", "country": "GB", "domain_rank": 130, "title": "En 60 segundos: la dramática erupción del volcán Colima de México - BBC Mundo", "performance_score": 0, "site": "bbc.com", "participants_count": 0, "title_full": "En 60 segundos: la dramática erupción del volcán Colima de México - BBC Mundo", "spam_score": 0.2, "site_type": "news", "published": "2016-10-01T19:49:00.000+03:00", "replies_count": 0, "uuid": "c102b139c3e4028fe510dd7e1aa2fa5cc01d1a90"}, "author": "", "url": "http://www.bbc.com/mundo/media-37529315", "ord_in_thread": 0, "title": "En 60 segundos: la dramática erupción del volcán Colima de México - BBC Mundo", "locations": [], "entities": {"persons": [], "locations": [], "organizations": []}, "highlightText": "", "language": "spanish", "persons": [], "text": "Media playback is unsupported on your device En 60 segundos: la dramática erupción del volcán Colima de México 1 octubre 2016 \nLa dramática erupción, el viernes, del volcán Colima, en México, forzó la evacuación de las poblaciones de La Becerra y La Yerbabuena en el occidente del país. \nEn el estado de Jalisco se evacuó la población de Juan Barragán. \nEl viernes, las autoridades locales advirtieron que la actividad volcánica era una amenaza para la población , así que extendieron la zona de exclusión a 12 kilómetros a la redonda del cráter. \nEl Colima es también llamado volcán de Fuego y tiene una altura de 3.860 metros sobre el nivel del mar. ", "external_links": [], "published": "2016-10-01T19:49:00.000+03:00", "crawled": "2016-10-01T14:49:45.451+03:00", "highlightTitle": ""}