{"organizations": [], "uuid": "6950e190753e76d1a7208bbc07961887c2c35de8", "thread": {"social": {"gplus": {"shares": 0}, "pinterest": {"shares": 0}, "vk": {"shares": 0}, "linkedin": {"shares": 0}, "facebook": {"likes": 422, "shares": 422, "comments": 0}, "stumbledupon": {"shares": 0}}, "site_full": "www.mediotiempo.com", "main_image": "http://cdn.expansion.mx/01/be/a835b27541b49004acecd6e2e820/previoamerica.jpg", "site_section": "http://www.mediotiempo.com/rss", "section_title": "mediotiempo.com", "url": "http://www.mediotiempo.com/futbol/2016/09/30/rayados-vs-america-con-tintes-de-revancha", "country": "US", "domain_rank": 7789, "title": "Rayados vs. América, con tintes de revancha", "performance_score": 4, "site": "mediotiempo.com", "participants_count": 1, "title_full": "Rayados vs. América, con tintes de revancha", "spam_score": 0.0, "site_type": "news", "published": "2016-10-01T06:21:00.000+03:00", "replies_count": 0, "uuid": "6950e190753e76d1a7208bbc07961887c2c35de8"}, "author": "Sahid Hernández Rosete", "url": "http://www.mediotiempo.com/futbol/2016/09/30/rayados-vs-america-con-tintes-de-revancha", "ord_in_thread": 0, "title": "Rayados vs. América, con tintes de revancha", "locations": [], "entities": {"persons": [], "locations": [], "organizations": []}, "highlightText": "", "language": "spanish", "persons": [], "text": "Los albiazules necesitan el triunfo para mantener vivas sus esperanzas de Liguilla América regresará a la Sultana del Norte, donde fue eliminado por Rayados el torneo anterior \nEste partido se jugará el sábado 1 de octubre a las 19:00 en el Estadio BBVA Bancomer. \nRayados recibirá al América por la jornada 12 del Apertura 2016, en un duelo que promete emociones al por mayor. \nLos regios requieren ganar sí o sí para mantener vivas sus esperanzas de clasificar a la Liguilla, de lo contrario, podrían empezar a decirle adiós a la fiesta grande, ya que estarían obligados a ganar los últimos cinco partidos del certamen. \nEn este momento, los albiazules ocupan el sitio 11 de la clasificación, con 13 unidades, por lo que el triunfo y una combinación de resultados podría instalarlos de nuevo en zona de Liguilla. América llegará como favorito ante Rayados. (Mediotiempo) \nLos de Coapa, por su parte, regresarán a la Sultana del Norte sin olvidar el partido de vuelta por la semifinal del torneo anterior, en donde fueron eliminados por Rayados con un polémico penal marcado a Samudio por el silbante Roberto García. Ambos equipos presentarán bajas sensibles. (Mexsport) Tags", "external_links": [], "published": "2016-10-01T06:21:00.000+03:00", "crawled": "2016-10-01T03:43:25.933+03:00", "highlightTitle": ""}