{"organizations": [], "uuid": "582fce31970cfad829cca0bc9062c9fcdf2aa6e5", "thread": {"social": {"gplus": {"shares": 0}, "pinterest": {"shares": 0}, "vk": {"shares": 0}, "linkedin": {"shares": 0}, "facebook": {"likes": 1, "shares": 1, "comments": 0}, "stumbledupon": {"shares": 0}}, "site_full": "www.eleconomista.es", "main_image": "http://s03.s3c.es/imag3/logos/economista/bg-ee-facebook.jpg", "site_section": "", "section_title": "", "url": "http://www.eleconomista.es/espana/noticias/7865467/10/16/Un-atropello-en-Bollullos-del-Condado-eleva-a-once-los-casos-de-atropello-de-lince-en-carreteras-andaluzas-en-2016.html", "country": "ES", "domain_rank": 3233, "title": "Un atropello en Bollullos del Condado eleva a once los casos de atropello de lince en carreteras andaluzas en 2016 - elEconomista.es", "performance_score": 0, "site": "eleconomista.es", "participants_count": 0, "title_full": "Un atropello en Bollullos del Condado eleva a once los casos de atropello de lince en carreteras andaluzas en 2016 - elEconomista.es", "spam_score": 0.2, "site_type": "news", "published": "2016-10-03T20:58:00.000+03:00", "replies_count": 0, "uuid": "582fce31970cfad829cca0bc9062c9fcdf2aa6e5"}, "author": "", "url": "http://www.eleconomista.es/espana/noticias/7865467/10/16/Un-atropello-en-Bollullos-del-Condado-eleva-a-once-los-casos-de-atropello-de-lince-en-carreteras-andaluzas-en-2016.html", "ord_in_thread": 0, "title": "Un atropello en Bollullos del Condado eleva a once los casos de atropello de lince en carreteras andaluzas en 2016 - elEconomista.es", "locations": [], "entities": {"persons": [], "locations": [], "organizations": []}, "highlightText": "", "language": "spanish", "persons": [], "text": "Un atropello en Bollullos del Condado eleva a once los casos de atropello de lince en carreteras andaluzas en 2016 3/10/2016 - 12:58 \nUn nuevo ejemplar de lince ibérico, sin identificar, ha fallecido atropellado en las carreteras andaluzas este pasado fin de semana, en lo que supone el undécimo caso de esta índole registrado en el presente ejercicio 2016. \nBOLLULLOS PAR DEL CONDADO (HUELVA), 3 (EUROPA PRESS) \nUn nuevo ejemplar de lince ibérico, sin identificar, ha fallecido atropellado en las carreteras andaluzas este pasado fin de semana, en lo que supone el undécimo caso de esta índole registrado en el presente ejercicio 2016. \nEn concreto, según los datos del proyecto LIFE+Iberlince consultados por Europa Press, el animal ha aparecido este domingo en la autovía A-49, dentro del término municipal de Bollullos Par del Condado (Huelva), en el espacio natural de Doñana. \nEl cuerpo, como es preceptivo en estos casos, será trasladado al Centro de Análisis y Diagnóstico de la Fauna Silvestre (CAD) de la Junta de Andalucía, donde se le practicará la necropsia. \nEl último caso conocido tuvo lugar en el término municipal de Marmolejo (Jaén), a escasos 500 metros del Puente del Balneario. Otro caso reciente tuvo lugar a la entrada de agosto, donde un ejemplar de lince ibérico, un macho de tres años de edad y radiomarcado, apareció muerto en la carretera A-4, en el término municipal de Bailén (Jaén). \nDe hecho, los tramos de las carreteras A-4 --a su paso por Bailén (Jaén)-- y N-420 --en su trazado Cardeña-Montoro (Córdoba)-- son dos de los recurrentes 'puntos negros' de la comunidad andaluza para los linces ibéricos. \nRecientemente, el consejero de Medio Ambiente y Ordenación del Territorio de la Junta de Andalucía, José Fiscal, informaba de las medidas que está llevando a cabo la administración autonómica para reducir los atropellos de lince ibérico en las carreteras y caminos de la comunidad. \nEn este sentido, recordaba el protocolo suscrito entre su departamento y la Consejería de Fomento y Vivienda para desarrollar actuaciones orientadas a evitar accidentes en carretera para atropello de fauna, una iniciativa que cuenta con una inversión de 1,2 millones de euros y que se enmarca dentro de las acciones previstas en el proyecto europeo LIFE para la 'Recuperación de la distribución histórica de lince ibérico en España y Portugal (Iberlince)'. \nDurante su intervención, Fiscal explicaba que en la actualidad se está tramitando una modificación sustancial de este proyecto, coordinado y liderado por la Consejería de Medio Ambiente y Ordenación del Territorio, para transferir a Fomento y Vivienda la cantidad de 236.000 euros, con el fin de realizar más medidas correctoras en las vías de comunicación de su competencia. \nTambién se ha solicitado a la Unión Europea la incorporación del Ministerio de Fomento a este programa con un presupuesto de 1,1 millones de euros para la ejecución de medidas de permeabilización en las carreteras de su responsabilidad. PUBLICIDAD ", "external_links": [], "published": "2016-10-03T20:58:00.000+03:00", "crawled": "2016-10-03T14:15:45.679+03:00", "highlightTitle": ""}