{"organizations": [], "uuid": "e594f93ab0ccb967b9fe203d3c7f9f24002cd7e3", "thread": {"social": {"gplus": {"shares": 0}, "pinterest": {"shares": 0}, "vk": {"shares": 0}, "linkedin": {"shares": 0}, "facebook": {"likes": 0, "shares": 0, "comments": 0}, "stumbledupon": {"shares": 0}}, "site_full": "www.biobiochile.cl", "main_image": "http://media.biobiochile.cl/wp-content/uploads/2016/09/captura-de-pantalla-de-2016-09-27-19-59-56-e1475017233360-730x350.png", "site_section": "", "section_title": "", "url": "http://www.biobiochile.cl/noticias/nacional/region-de-los-lagos/2016/09/27/candidata-a-concejala-de-osorno-sufre-robo-en-pleno-restaurant-de-osorno.shtml", "country": "US", "domain_rank": 759, "title": "Candidata a concejala de Osorno sufre robo en pleno restaurant de Osorno", "performance_score": 0, "site": "biobiochile.cl", "participants_count": 0, "title_full": "Candidata a concejala de Osorno sufre robo en pleno restaurant de Osorno", "spam_score": 0.66, "site_type": "news", "published": "2016-09-28T03:56:00.000+03:00", "replies_count": 0, "uuid": "e594f93ab0ccb967b9fe203d3c7f9f24002cd7e3"}, "author": "Biobiochile - La Red De Prensa M S Grande De Chile.", "url": "http://www.biobiochile.cl/noticias/nacional/region-de-los-lagos/2016/09/27/candidata-a-concejala-de-osorno-sufre-robo-en-pleno-restaurant-de-osorno.shtml", "ord_in_thread": 0, "title": "Candidata a concejala de Osorno sufre robo en pleno restaurant de Osorno", "locations": [], "entities": {"persons": [], "locations": [], "organizations": []}, "highlightText": "", "language": "spanish", "persons": [], "text": "Candidata a concejala de Osorno sufre robo en pleno restaurant de Osorno 0 Visitas Alejandro Alarcón \nUn descarado actuar tuvo un ladrón en Osorno, quien al interior de un céntrico local de comida, simuló ser un cliente para posteriormente huir con la cartera de una mujer , la que a pesar de intentar seguirlo no pudo encontrarlo. \nSe trata de la candidata a concejal Gina Reyes quien en conversación con Radio Bío Bío dijo tener la sospecha que el hombre la siguió desde la entidad bancaria donde retiró dinero, el cual mantenía en el bolso al igual que toda su documentación personal, bancaria y de Servel, entre ellas boletas y facturas a rendir . http://media.biobiochile.cl/wp-content/uploads/2016/09/270916-gina-1-tlc.mp3 \nFue la misma propietaria del local de comida, ubicado en calle Los Carrera con Portales quien se ofreció a movilizarla junto a su esposo, asegurando que el delincuente había abordado un colectivo en dirección a Rahue . \nFueron varios minutos empleados, en los que ella -dijo- intentó comunicarse con el fono de emergencias de Carabineros, llamada que jamás concretó porque desde la central nunca le contestaron . \nAsí mismo, intentó estampar la denuncia en Rahue, pero al ser un hecho cometido en otra jurisdicción no le habrían dado una respuesta inmediata , por lo que anunció que se reuniría con el Comisario de dicha jurisdicción, ya que independiende de dónde fue, los uniformados tendrían que haber realizado los enlaces para intentar ubicar al delincuente . De esa forma la denuncia fue estampada finalmente en PDI. ", "external_links": [], "published": "2016-09-28T03:56:00.000+03:00", "crawled": "2016-10-01T05:36:56.185+03:00", "highlightTitle": ""}