{"organizations": [], "uuid": "d156475af1dd5430805feaa070360e90687c9ff6", "thread": {"social": {"gplus": {"shares": 0}, "pinterest": {"shares": 0}, "vk": {"shares": 0}, "linkedin": {"shares": 0}, "facebook": {"likes": 1, "shares": 1, "comments": 0}, "stumbledupon": {"shares": 0}}, "site_full": "www.eleconomista.es", "main_image": "http://s03.s3c.es/imag/efe/2016/10/03/600x400_20161003-12189577w.jpg", "site_section": "", "section_title": "", "url": "http://www.eleconomista.es/mercados-cotizaciones/noticias/7865517/10/16/La-negociacion-de-la-bolsa-en-septiembre-cae-el-31-por-ciento-hasta-42822-millones.html", "country": "ES", "domain_rank": 3233, "title": "La negociación de la bolsa en septiembre cae el 31 por ciento hasta 42.822 millones - elEconomista.es", "performance_score": 0, "site": "eleconomista.es", "participants_count": 0, "title_full": "La negociación de la bolsa en septiembre cae el 31 por ciento hasta 42.822 millones - elEconomista.es", "spam_score": 0.057, "site_type": "news", "published": "2016-10-03T08:00:00.000+03:00", "replies_count": 0, "uuid": "d156475af1dd5430805feaa070360e90687c9ff6"}, "author": "", "url": "http://www.eleconomista.es/mercados-cotizaciones/noticias/7865517/10/16/La-negociacion-de-la-bolsa-en-septiembre-cae-el-31-por-ciento-hasta-42822-millones.html", "ord_in_thread": 0, "title": "La negociación de la bolsa en septiembre cae el 31 por ciento hasta 42.822 millones - elEconomista.es", "locations": [], "entities": {"persons": [], "locations": [], "organizations": []}, "highlightText": "", "language": "spanish", "persons": [], "text": "La negociación de la bolsa en septiembre cae el 31 por ciento hasta 42.822 millones 3/10/2016 - 13:10 Renta fija Enlaces relacionados Opere con el broker más barato. 73% más barato. Acciones España 2+0.04%. USA 0.50+0.004$ por acción ¿Buscas volatilidad? La presentación de resultados de las empresas americanas suele traerla consigo. Para invertir en EE.UU., hazlo a través de Self Bank. La tasa de desempleo en EE.UU. está en su nivel más bajo desde 2008, lo que beneficia al consumo. Puedes invertir en Wall Street a través de Self Bank. En la variedad está el gusto: si no comes todos los días lo mismo ¿por qué inviertes siempre en el mismo mercado? Da el salto a otros mercados con Self Bank. No dejes que las comisiones se coman el beneficio de tu inversión. Opera desde 3,95 euros en Mercado Nacional con Self Bank y tiempo real gratis. Juega con el equipo ganador: las mejores tarifas junto a las mejores plataformas. Opera ya con la Cuenta Bolsa de Self Bank. Operar desde 3,95 + precios en tiempo real + herramienta profesional de A. Técnico + información al minuto. ¿Dónde? Cuenta Bolsa de Self Bank. ¿Aún no ves oportunidades en el mercado y tienes tus acciones paradas? Alquila tus Acciones en Self Bank y obtén una rentabilidad extra de hasta el 5% T.A.E. Si durante un tiempo no vas a operar con tus acciones y quieres sacarles una rentabilidad extra, alquílalas en Self Bank y consigue hasta un 5% TAE. Si quieres vender acciones en corto, en ningún sitio encontrarás más opciones que en Self Bank. Para que no se te escape ninguna oportunidad. Para los que quieren más, lo encontrarán en la cuenta Tentuplica de Self Bank. Entra y multiplica hasta X10 tu capacidad de inversión. ¿Sabías que es posible ganar en Bolsa tanto si ésta sube como si baja? ¿Quieres saber cómo? Entra en la Cuenta Tentuplica de Self Bank y lo averiguarás. Gana también cuando la bolsa baja: vende cuando las acciones estén altas y cómpralas después cuando bajen. Opera en corto con la cuenta Tentuplica de Self Bank.  En Self Bank te enseñamos a invertir en fondos y en bolsa, cursos on line y presenciales totalmente gratis. Apúntate ya. \nMadrid, 3 oct (EFE).- La bolsa española negoció en septiembre 42.822 millones de euros en renta variable, lo que supone una caída del 31 % respecto al mismo mes de 2015 y un aumento del 39 % en comparación con la cifra de agosto, ha informado hoy Bolsas y Mercados Españoles (BME) en un comunicado. \nEl volumen negociado durante los nueve primeros meses del año asciende a 513.394 millones de euros, también un 31 % menos que en el mismo período del año anterior. \nLa negociación de deuda pública realizada en septiembre a través de SENAF, la plataforma para mayoristas de BME, alcanzó 21.066 millones de euros, mientras que entre enero y septiembre ascendió a 130.029 millones de euros, un 75 % más. \nLas admisiones a negociación de nuevas emisiones registradas en septiembre en el mercado de Deuda Corporativa se elevaron a 13.149 millones de euros, mientras que el acumulado del año ascendió a 133.161 millones. \nEn el segmento de Fondos Cotizados (ETF) se negociaron 388 millones de euros, un 50 % más que en agosto, aunque en los nueve primeros meses del año la cifra se redujo el 52 %, hasta 4.756 millones de euros. \nRespecto a la negociación de opciones, BME comenta en su nota que la negociación en Opciones sobre el IBEX 35 aumentó un 47,1 %, hasta 249.822 contratos negociados, mientras que en opciones sobre acciones se negociaron 2.250.184 contratos, un 0,6 % menos que en septiembre de 2015. \nPor su parte, el volumen de admisiones a negociación registrado en el MARF (Mercado Alternativo de Renta Fija) entre enero y septiembre fue de 1.507 millones de euros, un 154 % más que en los primeros nueve meses de 2015. PUBLICIDAD ", "external_links": [], "published": "2016-10-03T08:00:00.000+03:00", "crawled": "2016-10-04T17:02:28.369+03:00", "highlightTitle": ""}