{"organizations": [], "uuid": "71d9b25f7b0f526fe4d9bd00b0385186163201ec", "thread": {"social": {"gplus": {"shares": 1}, "pinterest": {"shares": 0}, "vk": {"shares": 0}, "linkedin": {"shares": 0}, "facebook": {"likes": 199, "shares": 199, "comments": 0}, "stumbledupon": {"shares": 0}}, "site_full": "motor.as.com", "main_image": "http://as00.epimg.net/motor/imagenes/2016/10/01/portada/1475306620_651803_1475307643_doscolumnas_normal.jpg", "site_section": "", "section_title": "", "url": "http://motor.as.com/motor/2016/10/01/portada/1475306620_651803.html", "country": "ES", "domain_rank": 888, "title": "F1 | Nueva sanción a Alonso: 45 puestos en total en Malasia - AS.com", "performance_score": 1, "site": "as.com", "participants_count": 0, "title_full": "F1 | Nueva sanción a Alonso: 45 puestos en total en Malasia - AS.com", "spam_score": 0.036, "site_type": "news", "published": "2016-10-01T08:00:00.000+03:00", "replies_count": 0, "uuid": "71d9b25f7b0f526fe4d9bd00b0385186163201ec"}, "author": "Manuel Franco Blog Seguir", "url": "http://motor.as.com/motor/2016/10/01/portada/1475306620_651803.html", "ord_in_thread": 0, "title": "F1 | Nueva sanción a Alonso: 45 puestos en total en Malasia - AS.com", "locations": [], "entities": {"persons": [], "locations": [], "organizations": []}, "highlightText": "", "language": "spanish", "persons": [], "text": "Actualizado a las: 1 octubre 2016 09:26h CEST \nEn la partida de ajedrez que están jugando en McLaren Honda para llegar a Japón con un coche digno y a la vez intentar que Alonso tenga una unidad de potencia relativamente decente en Malasia ahora llega el turno de los 45 puestos de sanción. Les intento hacer una cronología. A ver si soy capaz. \nAlonso llegó a Sepang con un nuevo motor Honda evolucionado, el octavo de la temporada, y en los primeros y segundos libres del viernes probó ese propulsor con buenas sensaciones y una notable mejora en los tiempos. Era el octavo de la temporada y solo el hecho de haberlo llevado en el gran premio le suponía una sanción de 30 puestos. \nPero en Honda querían que ese motor estuviera fresco y listo para Japón , temían una avería en carrera que les impidiese poder llevarlo en el coche del asturiano. Así las cosas, lo que hicieron fue poner al español el propulsor que llevó en la carrera de Spa y Monza, pero le han hecho una evolución porque le ponen el nuevo turbo y también una nueva MGU-H, lo que supone otros 15 puestos de sanción, en total 45 si contamos los 30 que ya traía por haber probado el nuevo motor Honda evolucionado. Esas partes, turbo y MGU-H, son las novenas del año. \nAsí que Alonso saldra último en todo caso, pero tendrá motores frescos para todo lo que queda de temporada. Y todo esto pensando, no solo en el próximo GP de Japón, sino en la próxima temporada. ", "external_links": [], "published": "2016-10-01T08:00:00.000+03:00", "crawled": "2016-10-01T11:19:41.598+03:00", "highlightTitle": ""}