{"organizations": [], "uuid": "8eb6febb20fbd4944140b8077ee83e4bfca22302", "thread": {"social": {"gplus": {"shares": 0}, "pinterest": {"shares": 0}, "vk": {"shares": 0}, "linkedin": {"shares": 0}, "facebook": {"likes": 0, "shares": 0, "comments": 0}, "stumbledupon": {"shares": 0}}, "site_full": "www.elperiodico.com", "main_image": "http://estaticos.elperiodico.com/resources/jpg/1/7/capturas-aplicacion-wonderful-1475260713671.jpg", "site_section": "http://www.elperiodico.com/es/rss/tecnologia/rss.xml", "section_title": "Tecnología - elPeriódico.com", "url": "http://www.elperiodico.com/es/noticias/tecnologia/mejores-aplicaciones-moviles-mr-wonderful-twyp-cash-fifa-17-companion-google-allo-bottle-flip-5438749", "country": "ES", "domain_rank": 6941, "title": "Las mejores aplicaciones de la semana: Mr Wonderful y Twyp Cash", "performance_score": 0, "site": "elperiodico.com", "participants_count": 0, "title_full": "Las mejores aplicaciones de la semana: Mr Wonderful y Twyp Cash", "spam_score": 0.0, "site_type": "news", "published": "2016-10-02T22:35:00.000+03:00", "replies_count": 0, "uuid": "8eb6febb20fbd4944140b8077ee83e4bfca22302"}, "author": "", "url": "http://www.elperiodico.com/es/noticias/tecnologia/mejores-aplicaciones-moviles-mr-wonderful-twyp-cash-fifa-17-companion-google-allo-bottle-flip-5438749", "ord_in_thread": 0, "title": "Las mejores aplicaciones de la semana: Mr Wonderful y Twyp Cash", "locations": [], "entities": {"persons": [], "locations": [], "organizations": []}, "highlightText": "", "language": "spanish", "persons": [], "text": "adas como las mejores aplicaciones de la semana para móvil \nCEST \nMr Wonderful son los protagonistas de decena de regalos originales. Ahora, la marca llega a las tiendas de aplicaciones ( iOS y Android , gratis) con una app para enviar postales a los conocidos. Desde la app se elige el diseño de la postal con el mensaje deseado y se puede personalizar el nombre del destinatario. Después, compartir por WhatsApp , redes sociales... \nnueva forma de sacar dinero : desde los supermercados . Gracias al acuerdo de la entidad con la cadena Dia, los usuarios pueden descargarse Twyp Cash ( Android e iOS , gratis) y, al acudir al establecimiento, pagar y lograr efectivo usando esta aplicación (se resta de la cuenta el importe de la compra y el efectivo que desee retirar). \nFIFA 17 ha debutado en las principales consolas y PC con éxito de ventas. A su lanzamiento lo acompaña la aplicación FIFA 17 Companion, destinada a aquellos usuarios que tienen el juego y que quieren sacar el máximo partido al título. Desde esta app gratuita para iOS y Android se pueden gestionar todos los aspectos del club aunque no se esté delante de la consola o PC. \nGoogle Allo ( iOS y Android , gratis). Se trata de una aplicación de mensajería inteligente que ayuda a mejorar una conversación gracias a la incorporación de pegatinas, dibujos, y texto y emojis de grandes dimensiones. También incorpora un adelanto del asistente de Google que responderá las preguntas que se le hagan. \nBottle Flip ( iOS y Android , gratis) es del segundo grupo: se trata de una aplicación de aspecto muy sencillo en la que el usuario tiene que tirar una botella y colocarla encima de una línea que se mueve. El concepto es sencillo, pero hay que reconocer que engancha.", "external_links": [], "published": "2016-10-02T22:35:00.000+03:00", "crawled": "2016-10-02T18:18:48.133+03:00", "highlightTitle": ""}