{"organizations": [], "uuid": "10e0ff5827259d832251fd3f2713443c6854972d", "thread": {"social": {"gplus": {"shares": 0}, "pinterest": {"shares": 0}, "vk": {"shares": 0}, "linkedin": {"shares": 0}, "facebook": {"likes": 0, "shares": 0, "comments": 0}, "stumbledupon": {"shares": 0}}, "site_full": "www.mediotiempo.com", "main_image": "http://cdn.expansion.mx/75/10/f9ea792048feb9df6f36b59ba5ae/andres-guardado-salio-lesionado-en-la-jornada-8-de-la-eredivisie.jpg", "site_section": "http://www.mediotiempo.com//rss", "section_title": "mediotiempo.com", "url": "http://www.mediotiempo.com/futbol/2016/10/01/costoso-empate-del-psv-andres-guardado-salio-lesionado", "country": "US", "domain_rank": 7789, "title": "Costoso empate del PSV; Andrés Guardado salió lesionado", "performance_score": 0, "site": "mediotiempo.com", "participants_count": 1, "title_full": "Costoso empate del PSV; Andrés Guardado salió lesionado", "spam_score": 0.0, "site_type": "news", "published": "2016-10-02T03:56:00.000+03:00", "replies_count": 0, "uuid": "10e0ff5827259d832251fd3f2713443c6854972d"}, "author": "Redacción", "url": "http://www.mediotiempo.com/futbol/2016/10/01/costoso-empate-del-psv-andres-guardado-salio-lesionado", "ord_in_thread": 0, "title": "Costoso empate del PSV; Andrés Guardado salió lesionado", "locations": [], "entities": {"persons": [], "locations": [], "organizations": []}, "highlightText": "", "language": "spanish", "persons": [], "text": "  Se espera el reporte médico del club para saber la gravedad de la lesión y el tiempo de recuperación \nLas lesiones volvieron a Eindhoven y Andrés Guardado fue el afectado en el empate final del PSV 1-1 en la casa del SC Heerenveen. \nEl centrocampista mexicano salió lastimado de la pierna izquierda cuando apenas corría la segunda parte del encuentro. Al barrerse para buscar una pelota en el medio campo, el Principito se tocó el muslo y se tiró al césped, por lo que fue necesaria la intervención del cuerpo médico y la decisión de que ya no regresara; al minuto 53 se fue a los vestidores con un semblante de preocupación. \nEl defensor mexicano Héctor Moreno, al igual que Guardado, fue titular y jugó los 90 minutos en una discreta participación. \nLos tantos del encuentro fueron obra de Zeneli al 72' y un autogol de Juste al 75', por lo que los Granjeros tuvieron suerte para rescatar un punto en su visita al Abe Lenstra Stadion en duelo de la Jornada 8 de la Eredivisie. Tags", "external_links": [], "published": "2016-10-02T03:56:00.000+03:00", "crawled": "2016-10-01T23:42:12.332+03:00", "highlightTitle": ""}