{"organizations": [], "uuid": "6f3ab495caed717f774df55da8d1958889b1cfd7", "thread": {"social": {"gplus": {"shares": 0}, "pinterest": {"shares": 0}, "vk": {"shares": 0}, "linkedin": {"shares": 0}, "facebook": {"likes": 71, "shares": 71, "comments": 0}, "stumbledupon": {"shares": 0}}, "site_full": "es.euronews.com", "main_image": "http://static.euronews.com/articles/345562/1000x563_345562.jpg", "site_section": "http://feeds.feedburner.com/euronews/es/news/", "section_title": "Euronews RSS", "url": "http://es.euronews.com/2016/10/03/el-huracan-matthew-amenaza-al-caribe-central-con-vientos-de-hasta-230-kmh", "country": "FR", "domain_rank": 4015, "title": "El huracán Matthew amenaza al Caribe central con vientos de hasta 230 km/h", "performance_score": 0, "site": "euronews.com", "participants_count": 0, "title_full": "El huracán Matthew amenaza al Caribe central con vientos de hasta 230 km/h", "spam_score": 0.0, "site_type": "news", "published": "2016-10-03T13:17:00.000+03:00", "replies_count": 0, "uuid": "6f3ab495caed717f774df55da8d1958889b1cfd7"}, "author": "", "url": "http://es.euronews.com/2016/10/03/el-huracan-matthew-amenaza-al-caribe-central-con-vientos-de-hasta-230-kmh", "ord_in_thread": 0, "title": "El huracán Matthew amenaza al Caribe central con vientos de hasta 230 km/h", "locations": [], "entities": {"persons": [], "locations": [], "organizations": []}, "highlightText": "", "language": "spanish", "persons": [], "text": "El huracán Matthew amenaza al Caribe central con vientos de hasta 230 km/h Noticias del día última actualización: 03/10/2016 Escarlata Sánchez \nEl huracán Matthew, de categoría 4 sobre 5, prosigue su avance por el Caribe Central hacia Jamaica, Haití y el oriente de Cuba. \nJamaica se ha declarado en alerta por huracán. Las fuertes lluvias han provocado importantes inundaciones. En Kingston, las autoridades han interrumpido el transporte público por carretera y cancelado gran parte de los vuelos del aeropuerto Norman Manley de la capital. \nMatthew se desplaza lentamente, a 7km/h. Es el quinto huracán de la temporada ciclónica en el Atlántico y el más intenso de los últimos 9 años, con vientos de hasta 230 kilómetros por hora. \nEn Cuba, miles de personas han sido desalojadas. El presidente cubano, Raul Castro, se desplazó a Santiago, para supervisar los preparativos en la zona más amenazada, asegurando que Matthew podría ser el doble de fuerte que Sandy que causó importantes daños en 2012. \n“Estamos haciendo cola para comprar comida y las cosas necesarias en caso de huracán, decía Yaritza González, vecina de la región de Santiago. \nSegún las últimas previsiones, la costa este de Cuba sería la más afectada en la mañana del martes. \n“Nos han dicho que no nos movamos del hotel y que permanezcamos en las habitaciones hasta que nos digan que todo ha pasado” decía José Jiménez, turista español de vacaciones en la isla. \nEn Haití, el país más pobre de la zona, más de mil personas fueron evacuadas en la noche del domingo y se han previsto refugios provisionales para las próximas horas. \nAllí se prevé mar agitada, intensas precipitaciones y la alerta ha pasado de nivel naranja al rojo, el máximo. Comparte esta noticia", "external_links": [], "published": "2016-10-03T13:17:00.000+03:00", "crawled": "2016-10-03T10:48:55.108+03:00", "highlightTitle": ""}