{"organizations": [], "uuid": "8ba9031fe7520f29f38739da3a2243c38fce1dc4", "thread": {"social": {"gplus": {"shares": 0}, "pinterest": {"shares": 0}, "vk": {"shares": 0}, "linkedin": {"shares": 0}, "facebook": {"likes": 0, "shares": 0, "comments": 0}, "stumbledupon": {"shares": 0}}, "site_full": "laguiatv.abc.es", "main_image": "http://laguiatv.abc.es/Media/noticias/orbita-laika-kPUC--644x362@abc.jpg", "site_section": "http://www.hoycinema.es/rss/noticias.xml", "section_title": "Noticias", "url": "http://laguiatv.abc.es/noticias/20161003/abci-orbita-laika-cuarto-milenio-201610031104.html", "country": "ES", "domain_rank": 1487, "title": "«Órbita Laika» ataca a «Cuarto Milenio»: «Memeces las justas»", "performance_score": 0, "site": "abc.es", "participants_count": 0, "title_full": "«Órbita Laika» ataca a «Cuarto Milenio»: «Memeces las justas»", "spam_score": 0.0, "site_type": "news", "published": "2016-10-03T17:04:00.000+03:00", "replies_count": 0, "uuid": "8ba9031fe7520f29f38739da3a2243c38fce1dc4"}, "author": "", "url": "http://laguiatv.abc.es/noticias/20161003/abci-orbita-laika-cuarto-milenio-201610031104.html", "ord_in_thread": 0, "title": "«Órbita Laika» ataca a «Cuarto Milenio»: «Memeces las justas»", "locations": [], "entities": {"persons": [], "locations": [], "organizations": []}, "highlightText": "", "language": "spanish", "persons": [], "text": "Día 03/10/2016 - 12.05h Temas relacionados El programa científico de La 2 acusa al de Cuatro de desinformar a sus espectadores ŤÓrbita Laikať sembró el debate entre sus seguidores con la siguiente frase: Ť La apología de las pseudociencias debería estar penada por leyť. Pero el mensaje no acababa ahí: ŤNo vamos a mencionar el programa que nos irrita para no darle publicidadť. Casualmente ese tuit se publicaba a las 21.47 horas del domingo, hora a la que comienza ŤCuarto Milenio Zoomť en Cuatro. Aunque el espacio de La 2 no lo menciona, los seguidores de ambos programas rápidamente ven la intencionalidad del mensaje. Incluso uno de los seguidores opina que ŤÓrbita Laikať no puede actuar de juez en este asunto. A lo que el programa de La 2 responde acusando al de Cuatro de desinformar y le lanza un dardo: ŤMemeces las justasť. Un ejemplo de la desinformación de la que le acusan la muestran con el tema tratado este domingo en ŤCuarto Milenio Zoomť: la electrosensibilidad. Según recoge la nota publicada por Cuatro, Ťalgunos médicos y científicos defienden que la exposición a móviles, líneas wifi, ordenadores y otros aparatos electrónicos son el origen de numerosas afecciones que pueden llegar hasta el cáncerť. En desacuerdo con el tratamiento que le habían dado a esta información, respondieron así desde el perfil de ŤÓrbita Laikať:Esta polémica tuvo su primer capítulo en enero cuando Carmen Porter la que habló en tono despectivo del programa de La 2. Todo nace de unas acusaciones por publicar unas fotos que demostraron que eran falsas. Tras un intercambio de tuits en los que defendía su postura, la copresentadora de ŤCuarto Milenioť contestó en tono burlesco a las críticas:", "external_links": [], "published": "2016-10-03T17:04:00.000+03:00", "crawled": "2016-10-03T19:36:14.783+03:00", "highlightTitle": ""}