{"organizations": [], "uuid": "fe0cf51ddcd2222b8140ae9df5668f3412ff247c", "thread": {"social": {"gplus": {"shares": 0}, "pinterest": {"shares": 0}, "vk": {"shares": 0}, "linkedin": {"shares": 0}, "facebook": {"likes": 0, "shares": 0, "comments": 0}, "stumbledupon": {"shares": 0}}, "site_full": "www.europapress.es", "main_image": "http://img.europapress.net/fotoweb/fotonoticia_20161001123505_800.jpg", "site_section": "http://www.europapress.es/rss/rss.aspx?ch=285", "section_title": "Europa Press - Extremadura", "url": "http://www.europapress.es/extremadura/noticia-recibe-alta-medica-cinco-afectados-legionela-caceres-20161001123505.html", "country": "ES", "domain_rank": 9900, "title": "Recibe el alta médica uno de los cinco afectados por legionela en Cáceres", "performance_score": 0, "site": "europapress.es", "participants_count": 1, "title_full": "Recibe el alta médica uno de los cinco afectados por legionela en Cáceres", "spam_score": 0.0, "site_type": "news", "published": "2016-10-01T20:35:00.000+03:00", "replies_count": 0, "uuid": "fe0cf51ddcd2222b8140ae9df5668f3412ff247c"}, "author": "EUROPA PRESS", "url": "http://www.europapress.es/extremadura/noticia-recibe-alta-medica-cinco-afectados-legionela-caceres-20161001123505.html", "ord_in_thread": 0, "title": "Recibe el alta médica uno de los cinco afectados por legionela en Cáceres", "locations": [], "entities": {"persons": [], "locations": [], "organizations": []}, "highlightText": "", "language": "spanish", "persons": [], "text": "Uno de los pacientes afectados por legionela en la ciudad de Cáceres ha recibido el alta médica este pasado viernes, y las otras cuatro personas que han sufrido dicha patología van \"evolucionando en el sentido\" que se preveía.    En todo caso, ha que mantener \"un poco más de precaución a la hora de mostrar esa mejoría del paciente que está ingresado en UCI en este momento\".\n   De este modo lo ha señalado el consejero de Sanidad y Políticas Sociales, José María Vergeles, en declaraciones a los medios de comunicación antes de participar este sábado en la Asamblea de Extremadura , en Mérida (Badajoz), en el XVIII Día Regional del Donante de Sangre en la comunidad .\n   \"En principio quedan cuatro casos y a medida que se vayan produciendo que van estando asintomáticos y van evolucionando favorablemente se irán dando de alta\", ha espetado Vergeles.\n   De igual modo, ha explicado que a partir de la próxima semana comenzará \"un trabajo más intenso\" en relación con todo lo que tiene ver con la hipercloración \"un poco más generalizada\", para \"prevenir futuros casos\".\n   Asimismo, ha reiterado que \"los focos estaban dentro de los domicilios de los pacientes o dentro de los centros que frecuentaban\", según los datos que se conocen hasta el momento del estudio epidemiológico; motivo por el cual ha subrayado que \"no hay ningún edificio ni ninguna torre de refrigeración que esté provocando en este momento ningún contagio de legionela en la ciudad de Cáceres\".\n   En este punto, ha vuelto a lanzar un mensaje de \"tranquilidad\" y de \"calma\" por este asunto, en tanto que \"no hay peligro para la población\". \"No es un brote. No se ha provocado por un único foco. Los focos están en los domicilios y lo que estamos haciendo es que en cuanto se detecta el foco se producen las medidas de tratamiento de choque que son necesarias\" y que consisten, ha explicado, en \"una limpieza en profundidad de toda la tubería del domicilio así como una hipercloración\".\n   También, ha señalado que \"de forma preventiva\", a partir de la próxima semana, y en función de lo que los técnicos vayan determinando, se determinarán los \"niveles de cloro del resto de la zona de la ciudad\".\n   \"Trabajando de forma coordinada con el ayuntamiento y trabajando de forma coordinada con la empresa gestora del agua decidiremos si hay que hiperclorar el agua hasta la llegada a los domicilios para prevenir futuros problemas en relación a este tema\", ha apuntado igualmente.", "external_links": [], "published": "2016-10-01T20:35:00.000+03:00", "crawled": "2016-10-01T14:52:22.282+03:00", "highlightTitle": ""}