{"organizations": [], "uuid": "dd53d3b02ef9091b92b2525c8fab84c90beeadfd", "thread": {"social": {"gplus": {"shares": 0}, "pinterest": {"shares": 0}, "vk": {"shares": 0}, "linkedin": {"shares": 0}, "facebook": {"likes": 0, "shares": 0, "comments": 0}, "stumbledupon": {"shares": 0}}, "site_full": "spanish.xinhuanet.com", "main_image": "", "site_section": "", "section_title": "", "url": "http://spanish.xinhuanet.com/principales/2016-10/02/c_135728529.htm", "country": "CN", "domain_rank": 74, "title": "Roger Waters ofrece un concierto gratuito en México | Spanish.xinhuanet.com", "performance_score": 0, "site": "xinhuanet.com", "participants_count": 0, "title_full": "Roger Waters ofrece un concierto gratuito en México | Spanish.xinhuanet.com", "spam_score": 0.043, "site_type": "news", "published": "2016-10-02T18:24:00.000+03:00", "replies_count": 0, "uuid": "dd53d3b02ef9091b92b2525c8fab84c90beeadfd"}, "author": "", "url": "http://spanish.xinhuanet.com/principales/2016-10/02/c_135728529.htm", "ord_in_thread": 0, "title": "Roger Waters ofrece un concierto gratuito en México | Spanish.xinhuanet.com", "locations": [], "entities": {"persons": [], "locations": [], "organizations": []}, "highlightText": "", "language": "spanish", "persons": [], "text": "Roger Waters ofrece un concierto gratuito en México Spanish.xinhuanet.com 2016-10-02 10:24:29 \nCIUDAD DE MEXICO, octubre 1, 2016 (Xinhua) -- El exlíder de Pink Floyd Roger Waters, saluda a los asistentes previo a su concierto en el Zócalo de la Ciudad México, capital de México, el 1 de octubre de 2016. Roger Waters ofrecerá un concierto gratuito el sábado por la noche en el Zócalo del Centro Histórico de la Ciudad de México. (Xinhua/Str) ", "external_links": [], "published": "2016-10-02T18:24:00.000+03:00", "crawled": "2016-10-02T11:41:30.660+03:00", "highlightTitle": ""}