{"organizations": [], "uuid": "69b2d827ec64460331b2ccba821b0b6c99b10122", "thread": {"social": {"gplus": {"shares": 0}, "pinterest": {"shares": 0}, "vk": {"shares": 0}, "linkedin": {"shares": 0}, "facebook": {"likes": 2, "shares": 2, "comments": 0}, "stumbledupon": {"shares": 0}}, "site_full": "www.elcomercio.com", "main_image": "http://www.elcomercio.com/files/og_thumbnail/uploads/2016/09/30/57ef198748dc5.jpeg", "site_section": "http://www.elcomercio.com/rss/actualidad", "section_title": "Actualidad", "url": "http://www.elcomercio.com/actualidad/lluvia-inundaciones-cotopaxi-afectados-viviendas.html", "country": "", "domain_rank": 1793, "title": "Viviendas se inundaron a causa de las fuertes lluvias en Colta y Guano", "performance_score": 0, "site": "elcomercio.com", "participants_count": 1, "title_full": "Viviendas se inundaron a causa de las fuertes lluvias en Colta y Guano", "spam_score": 0.0, "site_type": "news", "published": "2016-10-01T10:04:00.000+03:00", "replies_count": 0, "uuid": "69b2d827ec64460331b2ccba821b0b6c99b10122"}, "author": "Cristina Márquez", "url": "http://www.elcomercio.com/actualidad/lluvia-inundaciones-cotopaxi-afectados-viviendas.html", "ord_in_thread": 0, "title": "Viviendas se inundaron a causa de las fuertes lluvias en Colta y Guano", "locations": [], "entities": {"persons": [], "locations": [], "organizations": []}, "highlightText": "", "language": "spanish", "persons": [], "text": " 04 Viviendas se inundaron a causa de las fuertes lluvias en Colta y Guano 31 Imagen del cantón Colta en la provincia de Chimborazo. Foto: Archivo / EL   Cristina Márquez Cuatro viviendas de los cantones Colta y Guano , en Chimborazo , colapsaron al igual que un sistema de alcantarillado, a consecuencia de las fuertes lluvias registradas en la tarde de hoy,   de 2016. Según un reporte del Servicio de Seguridad Integrada ECU 911 de Riobamba , el agua rebasó el nivel de una alcantarilla en el norte de Guano e ingresó a una vivienda. El torrente causó daños materiales a los enseres de una familia.En la comunidad Majipamba , en Colta , ocurrió algo similar. Tres viviendas se inundaron debido al colapso de un canal de riego. La alerta se reportó cerca de las 18:00 y acudieron los miembros del Cuerpo de Bomberos . El ECU 911 de Riobamba esperaba información de la situación de las familias.La lluvia se inició en la tarde y concluyó tres horas después en el norte y centro de la provincia. En el sur de Riobamba se reportó una leve llovizna, mientras que en el norte fue más intensa.", "external_links": [], "published": "2016-10-01T10:04:00.000+03:00", "crawled": "2016-10-01T05:29:09.708+03:00", "highlightTitle": ""}