{"organizations": [], "uuid": "b5e25bd7885e9a0cc8699dc226fd67bc99c6ac1a", "thread": {"social": {"gplus": {"shares": 0}, "pinterest": {"shares": 0}, "vk": {"shares": 0}, "linkedin": {"shares": 0}, "facebook": {"likes": 59, "shares": 59, "comments": 23}, "stumbledupon": {"shares": 0}}, "site_full": "www.infobae.com", "main_image": "http://www.infobae.com/resizer/?op=resize&url=https%3a%2f%2fs3.amazonaws.com%2farc-wordpress-client-uploads%2finfobae-wp%2fwp-content%2fuploads%2f2016%2f10%2f03080054%2fsantos-uribe-timoscheko.jpg&mode=crop&w=1200&q=75&token=bar", "site_section": "http://www.infobae.com/feeds/rss/sites/america/", "section_title": "Infobae.com", "url": "http://www.infobae.com/america/america-latina/2016/10/03/reunion-clave-un-dia-despues-del-rechazo-al-acuerdo-de-paz-juan-manuel-santos-convoco-a-alvaro-uribe-y-a-los-promotores-del-no/", "country": "US", "domain_rank": 1441, "title": "Reunión clave un día después del rechazo al acuerdo de paz: Juan Manuel Santos convocó a Álvaro Uribe y a los promotores del \"No\"", "performance_score": 0, "site": "infobae.com", "participants_count": 0, "title_full": "Reunión clave un día después del rechazo al acuerdo de paz: Juan Manuel Santos convocó a Álvaro Uribe y a los promotores del \"No\"", "spam_score": 0.0, "site_type": "news", "published": "2016-10-03T20:07:00.000+03:00", "replies_count": 0, "uuid": "b5e25bd7885e9a0cc8699dc226fd67bc99c6ac1a"}, "author": "", "url": "http://www.infobae.com/america/america-latina/2016/10/03/reunion-clave-un-dia-despues-del-rechazo-al-acuerdo-de-paz-juan-manuel-santos-convoco-a-alvaro-uribe-y-a-los-promotores-del-no/", "ord_in_thread": 0, "title": "Reunión clave un día después del rechazo al acuerdo de paz: Juan Manuel Santos convocó a Álvaro Uribe y a los promotores del \"No\"", "locations": [], "entities": {"persons": [], "locations": [], "organizations": []}, "highlightText": "", "language": "spanish", "persons": [], "text": "América Latina Reunión clave un día después del rechazo al acuerdo de paz: Juan Manuel Santos convocó a Álvaro Uribe y a los promotores del \"No\" El actual presidente convocó a una reunión a las 10 de la mañana hora de Bogotá en el Palacio Presidencial. Su predecesor y sus aliados plantearán las modificaciones que pretenden en el acuerdo con las FARC, tras la mayoría conseguida en el plebiscito   Santos, Uribe y Timochenko, los principales actores del nuevo proceso Contra todo pronóstico, la opción del \"No\", en rechazo al acuerdo logrado por los negociadores del gobierno colombiano y las FARC en La Habana se impuso este domingo con el 50,21% de los 12,8 millones de votos válidos. Rápidamente, Juan Manuel Santos intentó salir de la sorpresa y convocó a una reunión multipartidaria para escuchar a los sectores que triunfaron en la campaña, en busca de un pacto que destrabe el camino a la paz. \"Mañana mismo (lunes) convocaré a todas las fuerzas políticas, y en particular a las que se manifestaron hoy por el no, para escucharlas, abrir espacios de diálogo y determinar el camino a seguir \", dijo el mandatario colombiano en su discurso . Las miradas estaban puestas en el ex presidente Álvaro Uribe , principal crítico del texto negociado con la guerrilla. Álvaro Uribe votó y manifestó sus críticas al acuerdo El senador del Centro Democrático realizó un llamado en su círculo político a no tomar el resultado como una victoria. \" Pedimos que no haya violencia, que se le dé protección a la FARC y que cesen todos los delitos , incluidos el narcotráfico y la extorsión\", lanzó más tarde, en tono conciliador. Aunque Uribe no confirmó su presencia en la reunión propuesta por Santos y podría enviar emisarios, se mostró con plena disposición al diálogo . \" Queremos contribuir a un Acuerdo Nacional, que nos escuchen las razones . Sabemos que nuestros compatriotas del Sí nos escucharán y los escucharemos, pedimos lo mismo al Gobierno\", expresó. La reunión se iniciaría a las 10:00 de la mañana, hora local (3:00 PM GMT) en la Casa de Nariño (sede de Gobierno). Entre los principales rechazos al acuerdo , figuran la posible participación política de los cabecillas de las FARC en cargos públicos y la amnistía planteada para ciertos crímenes cometidos por la guerrilla. Además, exigen mayores reparaciones económicas para las víctimas, ya que acusan al grupo armado de haber amasado una fortuna con el narcotráfico. (AP) A su vez, Francisco Santos, primo y opositor del mandatario, resaltó que modificar el acuerdo no es comenzar de cero. \" Hay muchos elementos que están bien construidos \", afirmó, en un reconocimiento a la labor de los negociadores de paz que pocos esperaban por parte del ex vicepresidente de Uribe. Muy ponderadas las declaraciones de @JuanManSantos esperamos un diálogo muy fructífero que permita tener una paz que una al país. \n— Pacho Santos (@PachoSantosC) October 3, 2016 En tanto, el Presidente decidió enviar a primera hora a La Habana a su jefe negociador, Humberto de la Calle , y el alto comisionado para la paz, Sergio Jaramillo, para mantener informados a los líderes de la guerrilla sobre el transcurso de las reuniones políticas en Bogotá. “Timochenko” y otros miembros de la comisión negociadora observan los resultados del plebiscito en La Habana (EFE) \" Las FARC mantienen su voluntad de paz y mantendremos únicamente el uso de la palabra como su medio de construcción \", fue la primera reacción del jefe de la guerrilla, Rodrigo Londoño Echeverri, alias \"Timochenko\". Así, se despeja el temor de una reanudación inmediata del conflicto armado, posibilidad también descartada por el presidente. Santos afirmó que \" el cese al fuego y de hostilidad bilateral y definitivo sigue vigente, y seguirá vigente \". LEA MÁS:", "external_links": [], "published": "2016-10-03T20:07:00.000+03:00", "crawled": "2016-10-03T15:51:23.403+03:00", "highlightTitle": ""}