{"organizations": [], "uuid": "90cf431ccec4c55721ac4780c89dc483759f2f90", "thread": {"social": {"gplus": {"shares": 0}, "pinterest": {"shares": 0}, "vk": {"shares": 0}, "linkedin": {"shares": 0}, "facebook": {"likes": 0, "shares": 0, "comments": 0}, "stumbledupon": {"shares": 0}}, "site_full": "ecodiario.eleconomista.es", "main_image": "http://s03.s3c.es/imag3/logos/economista/bg-ee-facebook.jpg", "site_section": "", "section_title": "", "url": "http://ecodiario.eleconomista.es/espana/noticias/7862716/10/16/Ayuntamiento-ejecuta-obras-de-mejora-de-la-movilidad-peatonal-en-San-Jacinto.html", "country": "US", "domain_rank": 3233, "title": "Ayuntamiento ejecuta obras de mejora de la movilidad peatonal en San Jacinto - EcoDiario.es", "performance_score": 0, "site": "eleconomista.es", "participants_count": 0, "title_full": "Ayuntamiento ejecuta obras de mejora de la movilidad peatonal en San Jacinto - EcoDiario.es", "spam_score": 0.211, "site_type": "news", "published": "2016-10-01T18:21:00.000+03:00", "replies_count": 0, "uuid": "90cf431ccec4c55721ac4780c89dc483759f2f90"}, "author": "", "url": "http://ecodiario.eleconomista.es/espana/noticias/7862716/10/16/Ayuntamiento-ejecuta-obras-de-mejora-de-la-movilidad-peatonal-en-San-Jacinto.html", "ord_in_thread": 0, "title": "Ayuntamiento ejecuta obras de mejora de la movilidad peatonal en San Jacinto - EcoDiario.es", "locations": [], "entities": {"persons": [], "locations": [], "organizations": []}, "highlightText": "", "language": "spanish", "persons": [], "text": "Ayuntamiento ejecuta obras de mejora de la movilidad peatonal en San Jacinto 1/10/2016 - 10:21 Juan Espadas Cejas Enlaces relacionados \nEl Ayuntamiento de Sevilla, gobernado por el socialista Juan Espadas, ha sacado a licitación las obras para la rehabilitación de los acerado y la mejora de la movilidad peatonal en la calle San Jacinto, en el barrio de Triana. \nSEVILLA, 1 (EUROPA PRESS) \nSegún el proyecto de obras, recogido por Europa Press, la actuación que se pretende ejecutar supone la mejora de la movilidad peatonal en la calle San Jacinto, en el entorno del Instituto Triana y el Protectorado de la Infancia. Para ello, se acometerá, entre otras actuaciones, la renovación del pavimento y el ensanche de alcorques en el tramo de acerado del Protectorado de la Infancia. \nAdemás, el Consistorio hispalense creará un paso de peatones con avance del acerado frente a la entrada del instituto 'Triana', a la par que desplazará el kiosco existente en el número 83 de la citada vía. \nEstas actuaciones han sido impulsadas por el Distrito Triana, dentro de las competencias que ostenta para promover toda clase de actividades y prestar cuantos servicios públicos \"contribuyan a satisfacer las necesidades y aspiraciones de los vecinos\". \nAsí, para llevar a cabo dicha obra se considera preciso contratar a una empresa, \"al carecer esta Administración de los medios personales y materiales necesarios para acometer directamente la ejecución de la misma\". \nEl contrato de obras, cuya ejecución se prevé que dure alrededor de un mes, ha contado con un presupuesto de unos 25.000 euros y se desarrolla mediante un procedimiento de contratación directa y una tramitación ordinaria. Enlaces relacionados ", "external_links": [], "published": "2016-10-01T18:21:00.000+03:00", "crawled": "2016-10-02T04:18:45.574+03:00", "highlightTitle": ""}