{"organizations": [], "uuid": "7c34024f3e4668b2113e7d09e46e5599209a36d9", "thread": {"social": {"gplus": {"shares": 0}, "pinterest": {"shares": 0}, "vk": {"shares": 0}, "linkedin": {"shares": 0}, "facebook": {"likes": 0, "shares": 0, "comments": 0}, "stumbledupon": {"shares": 0}}, "site_full": "www.eleconomista.es", "main_image": "http://s03.s3c.es/imag3/logos/economista/bg-ee-facebook.jpg", "site_section": "http://www.eleconomista.es/rss/rss-espania.php", "section_title": "elEconomista  Seleccion", "url": "http://www.eleconomista.es/espana/noticias/7863312/10/16/El-PSPV-dice-que-el-Consell-ha-venido-para-quedarse-porque-los-ciudadanos-ya-saben-que-hace-el-PP-cuando-gobierna.html", "country": "ES", "domain_rank": 3233, "title": "El PSPV dice que el Consell \"ha venido para quedarse\" porque \"los ciudadanos ya saben qué hace el PP cuando gobierna\"", "performance_score": 0, "site": "eleconomista.es", "participants_count": 0, "title_full": "El PSPV dice que el Consell \"ha venido para quedarse\" porque \"los ciudadanos ya saben qué hace el PP cuando gobierna\"", "spam_score": 0.0, "site_type": "news", "published": "2016-10-02T00:29:00.000+03:00", "replies_count": 0, "uuid": "7c34024f3e4668b2113e7d09e46e5599209a36d9"}, "author": "", "url": "http://www.eleconomista.es/espana/noticias/7863312/10/16/El-PSPV-dice-que-el-Consell-ha-venido-para-quedarse-porque-los-ciudadanos-ya-saben-que-hace-el-PP-cuando-gobierna.html", "ord_in_thread": 0, "title": "El PSPV dice que el Consell \"ha venido para quedarse\" porque \"los ciudadanos ya saben qué hace el PP cuando gobierna\"", "locations": [], "entities": {"persons": [], "locations": [], "organizations": []}, "highlightText": "", "language": "spanish", "persons": [], "text": "El PSPV dice que el Consell \"ha venido para quedarse\" porque \"los ciudadanos ya saben qué hace el PP cuando gobierna\" 1/10/2016 - 18:29 Ximo Puig Ferrer Enlaces relacionados La consulta ciudadana sobre la feria alcanza los 33.000 votos, un proceso que \"ha venido para quedarse\" (22/09) \nEl diputado socialista José Muñoz ha advertido este sábado a la presidenta del PPCV, Isabel Bonig, que \"el gobierno de progreso que hace un año llegó a la Comunitat no está aquí de forma circunstancial, sino que ha venido para quedarse\", al tiempo que ha indicado que \"los ciudadanos ya saben qué hace el PP cuando gobierna en esta tierra\". \nVALENCIA, 1 (EUROPA PRESS) \nEl diputado socialista José Muñoz ha advertido este sábado a la presidenta del PPCV, Isabel Bonig, que \"el gobierno de progreso que hace un año llegó a la Comunitat no está aquí de forma circunstancial, sino que ha venido para quedarse\", al tiempo que ha indicado que \"los ciudadanos ya saben qué hace el PP cuando gobierna en esta tierra\". \nMuñoz se ha pronunciado en estos términos en respuesta a las declaraciones realizadas por Bonig en Dénia (Alicante), donde ha apuntado que en \"el gobierno del Titánic\" están \"a punto de empezar a tocar los músicos\" y \"dentro de poco abandona todo el mundo el barco\". Asimismo, ha afirmado que en el PP \"empieza el esprint final rumbo a la victoria\" porque van a \"recuperar la Generalitat, los ayuntamientos y la Diputación de Valencia\". \nEn este sentido, el socialista ha incidido en un comunicado en que \"al Consell del Botànic le queda un largo camino de acción política por recorrer porque son los ciudadanos los que conocen bien qué hace el PP cuando gobierna en esta Comunitat\". \nEl parlamentario ha señalado además que se está cumpliendo el programa con el que los socialistas se presentaron a las elecciones \"a través de un gobierno que está demostrando solidez y que en todo momento está actuando de forma coordinada y firme con el único objetivo de mejorar la vida de los valencianos\". \nEn esta línea, ha lamentado que el PP no quiera reconocer los logros que ha conseguido el Consell en un año \"a pesar del lastre al que ha tenido que hacer frente\". \"Esta actitud del PP demuestra lo poco que le importan los valencianos\", ha afirmado Muñoz antes de preguntarse \"por qué Bonig no reconoce que gracias a este Gobierno se ha devuelto el derecho a la sanidad pública y universal; por qué no reconoce que este año hay 2.800 profesores más, que se han aumentado el número de becas o que hay 1.242 alumnos en aulas públicas de dos años\". \nAdemás, ha señalado \"se ha aprobado un proyecto de Ley para proteger l'Horta, hay un plan realista para luchar contra la pobreza energética de la que se están beneficiando 12.00 familias; ayudas a la rehabilitación y el alquiler\", ha defendido. \n\"Es deleznable que los dirigentes del PP no tengan la valentía de reconocer que por fin se están haciendo las cosas bien, que por fin se está pensando en los intereses de los valencianos\", ha incidido Muñoz, al tiempo que ha instado a Bonig a que \"de una vez por todas trabajen por esta tierra como sí lo está haciendo el Consell de Ximo Puig con medidas reales y con un proyecto serio y riguroso\". PUBLICIDAD", "external_links": [], "published": "2016-10-02T00:29:00.000+03:00", "crawled": "2016-10-01T20:05:14.722+03:00", "highlightTitle": ""}