{"organizations": [], "uuid": "bfe2192aa32ccbafe1462ef0f5e46d324a54ca8c", "thread": {"social": {"gplus": {"shares": 0}, "pinterest": {"shares": 0}, "vk": {"shares": 0}, "linkedin": {"shares": 0}, "facebook": {"likes": 0, "shares": 0, "comments": 0}, "stumbledupon": {"shares": 0}}, "site_full": "www.boe.es", "main_image": "", "site_section": "http://boe.es//rss/boe.php?s=5A", "section_title": "BOE - Boletín Oficial del Estado", "url": "http://www.boe.es/diario_boe/txt.php?id=BOE-B-2016-47155", "country": "ES", "domain_rank": 7575, "title": "Anuncio del Consorci de les Biblioteques de Barcelona por el que se convoca licitación pública para el suministro del fondo bibliográfico para las bibliotecas gestionadas por el CBB.", "performance_score": 0, "site": "boe.es", "participants_count": 0, "title_full": "Anuncio del Consorci de les Biblioteques de Barcelona por el que se convoca licitación pública para el suministro del fondo bibliográfico para las bibliotecas gestionadas por el CBB.", "spam_score": 0.0, "site_type": "news", "published": "2016-10-03T06:00:00.000+03:00", "replies_count": 0, "uuid": "bfe2192aa32ccbafe1462ef0f5e46d324a54ca8c"}, "author": "", "url": "http://www.boe.es/diario_boe/txt.php?id=BOE-B-2016-47155", "ord_in_thread": 0, "title": "Anuncio del Consorci de les Biblioteques de Barcelona por el que se convoca licitación pública para el suministro del fondo bibliográfico para las bibliotecas gestionadas por el CBB.", "locations": [], "entities": {"persons": [], "locations": [], "organizations": []}, "highlightText": "", "language": "spanish", "persons": [], "text": "n: Los que se establecen en la cláusula 9 del pliego de cl 4. Valor estimado del contrato: 458.653,85 euros. 5. Presupuesto base de licitaci a) 6. Garant Definitiva (%): 5. 7. Requisitos espec b) Solvencia económica y financiera y solvencia tcnica y profesional: Las que se especifican en la cláusula 6 del pliego de clusulas administrativas particulares. c) Otros requisitos especficos: Las que se especifican en la cláusula 18 del pliego de cl 8. Presentación de ofertas o de solicitudes de participaci a) Fecha límite de presentacin:", "external_links": [], "published": "2016-10-03T06:00:00.000+03:00", "crawled": "2016-10-03T08:52:47.083+03:00", "highlightTitle": ""}