{"organizations": [], "uuid": "27e5e7d8eb5eab3d810cb219341da0f07db6f94b", "thread": {"social": {"gplus": {"shares": 0}, "pinterest": {"shares": 0}, "vk": {"shares": 0}, "linkedin": {"shares": 0}, "facebook": {"likes": 0, "shares": 0, "comments": 0}, "stumbledupon": {"shares": 0}}, "site_full": "www.meneame.net", "main_image": "//mnmstatic.net/img/mnm/logo-350x350.png", "site_section": "http://meneame.net//comments_rss", "section_title": "Menéame: comentarios", "url": "https://www.meneame.net/m/ocio/atracan-kim-kardashian-roban-culo", "country": "IE", "domain_rank": 8316, "title": "#5 Atracan a Kim Kardashian y le roban el culo", "performance_score": 0, "site": "meneame.net", "participants_count": 1, "title_full": "#5 Atracan a Kim Kardashian y le roban el culo", "spam_score": 0.0, "site_type": "news", "published": "2016-10-04T00:16:00.000+03:00", "replies_count": 0, "uuid": "27e5e7d8eb5eab3d810cb219341da0f07db6f94b"}, "author": "Sabaoth", "url": "https://www.meneame.net/m/ocio/atracan-kim-kardashian-roban-culo", "ord_in_thread": 0, "title": "#5 Atracan a Kim Kardashian y le roban el culo", "locations": [], "entities": {"persons": [], "locations": [], "organizations": []}, "highlightText": "", "language": "spanish", "persons": [], "text": "por Pepepaco a elmundotoday.com enviado: ____ Kim Kardashian West ha sufrido un ataque pistola en mano en su residencia en París en la madrugada de este lunes, según ha informado su portavoz, Ina Treciokas, en declaraciones recogidas por la cadena estadounidense CNN. Según la agencia Reuters, en el asalto participaron cinco hombres armados que únicamente se llevaron su culo, valorado en varios millones de dólares. “Sabían perfectamente lo que querían y dónde encontrarlo”, ha explicado la policía francesa.", "external_links": [], "published": "2016-10-04T00:16:00.000+03:00", "crawled": "2016-10-03T19:38:52.837+03:00", "highlightTitle": ""}