{"organizations": [], "uuid": "f080e2e31c92339681cc0017e4acd1e54dcffd26", "thread": {"social": {"gplus": {"shares": 0}, "pinterest": {"shares": 0}, "vk": {"shares": 0}, "linkedin": {"shares": 0}, "facebook": {"likes": 0, "shares": 0, "comments": 0}, "stumbledupon": {"shares": 0}}, "site_full": "www.eleconomista.es", "main_image": "http://s03.s3c.es/imag3/logos/economista/bg-ee-facebook.jpg", "site_section": "http://www.eleconomista.es/rss/rss-espania.php", "section_title": "elEconomista  Seleccion", "url": "http://www.eleconomista.es/espana/noticias/7863265/10/16/La-fiebre-por-la-serie-Golden-Girls-revive-en-Nueva-York-30-anos-despues.html", "country": "ES", "domain_rank": 3233, "title": "La fiebre por la serie \"Golden Girls\" revive en Nueva York 30 años después", "performance_score": 0, "site": "eleconomista.es", "participants_count": 0, "title_full": "La fiebre por la serie \"Golden Girls\" revive en Nueva York 30 años después", "spam_score": 0.0, "site_type": "news", "published": "2016-10-02T00:02:00.000+03:00", "replies_count": 0, "uuid": "f080e2e31c92339681cc0017e4acd1e54dcffd26"}, "author": "", "url": "http://www.eleconomista.es/espana/noticias/7863265/10/16/La-fiebre-por-la-serie-Golden-Girls-revive-en-Nueva-York-30-anos-despues.html", "ord_in_thread": 0, "title": "La fiebre por la serie \"Golden Girls\" revive en Nueva York 30 años después", "locations": [], "entities": {"persons": [], "locations": [], "organizations": []}, "highlightText": "", "language": "spanish", "persons": [], "text": "La fiebre por la serie \"Golden Girls\" revive en Nueva York 30 años después 1/10/2016 - 18:02 La fiebre por la serie \"Las chicas de oro\" revive en Nueva York 30 años después (10:32) \nNueva York, 1 oct (EFEUSA).- Aunque 31 años después del estreno de la serie ya solo Betty White siga viva, las icónicas \"Golden Girls\" siguen dando guerra con la apertura de un café homenaje, un espectáculo parodia de marionetas en el Off-Broadway y un libro que repasa todos los secretos de la serie de Susan Harris. \nSe trata de Rose Nylund (Betty White), la adorable viuda de Minesota siempre dispuesta a rememorar sus historias; Dorothy Zvornak (Bea Arthur), la divorciada que intenta aportar la voz de la sabiduría al clan; Blanche Deveraux (Rue McClanahan), la sureña promiscua, y Estelle Getty (Sophia Petrillo), la más anciana y sin pelos en la lengua. \nCuatro señoras viviendo en Miami y resolviendo sus problemas en torno a una tarta de queso a media noche, una premisa para una serie a la que cualquiera habría deseado escasa suerte pero que cautivó a espectadores, especialmente mujeres y gays, de varias generaciones y sin la que el género de la \"sitcom\" nunca hubiera sido igual. \n\"Thank you for being a friend\", el título de la canción de la serie, vuelve a sonar en la parodia con marionetas que se representa con éxito en el Off-Broadway y detrás de la que está Jonathan Rockeffeler, que explicó a Efe que la grandeza de la serie reside \"en su capacidad de divertir a generaciones de espectadores y de tocar asuntos delicados con naturalidad\". \n\"Pocas veces se fue tan políticamente incorrecto y se habló tan claro sobre asuntos como el sida o el aborto en televisión y sin quejas ni restricciones de la cadena\", coincide el autor de \"Golden Girls Forever\", Jim Colucci, el autor de la más amplia retrospectiva publicada hasta la fecha. \nColucci, que pudo entrevistarse antes del fallecimiento con las protagonistas, revela algunos secretos como que Susan Harris concibió en un primer momento también el personaje de un joven gay que hacia las tareas del hogar. \n\"Se iba a llamar Coco y parecía representativo sacar también esa parte de Miami. Llegó a rodarse con él un primer episodio pero eran demasiados personajes y era difícil encajar así un episodio de media hora\", explicó Colucci. \nAunque todos los personajes han pasado al recuerdo con dignidad, Sophia fue \"el hit del momento\", recuerda Colucci, que reconoce que la emigrante italiana era su preferida. \nAunque toda la serie ha pasado a la historia como un referente gay, por no mencionar que para muchos el punto de partida que inspiró después otras series más recientes como \"Sexo en Nueva York\", si hay un \"icono\" cultural para los seguidores homosexuales es Blanche Deveraux, contó a Efe Michael LaRue, a punto de abrir una cafetería sobre la serie en el alto Manhattan. \nEl dueño explica que a McClanahan, la interprete de \"Blanche\", le \"divertía mucho siempre preguntar por qué era la preferida de los gays\". \n\"Porque nos gustaría ser como tú\", cuenta Michael LaRue que le contestaba a la que dice fue su \"mejor amiga\". \n\"Este café es un homenaje a todas pero especialmente a ella. Era una mujer maravillosa y segura de si misma y sí, como en la serie, tenía mucho éxito con los hombres\". \n\"Se casó seis veces. El día que murió estuve con ella y aún me hablaba de un séptimo\", dijo con una sonrisa. \nEl Emmy que Rue McClanahan recibió por la serie, el traje que llevaba aquella velada, así como los zapatos que usó en el primer episodio e incluso su vestido de promoción estarán en la cafetería para gusto de los seguidores de la serie que sí, también podrán degustar tanto pastel de queso como café con cuatro sabores, uno por cada chica de oro. \nBetty White, con quien recientemente habló el dueño, ha prometido estar en la inauguración \"si aún sigue viva, fueron sus palabras\", explicó a Efe LaRue. \nWhite, de 94 años, ha experimentado en los últimos veinte años el tramo más prolífico de su carrera, con series de éxito como \"Hot in Cleveland\", la película \"The Proposal\" y apariciones en \"Saturday Night Live\". \nLa entrañable Rose Nyland, de Saint Olaf, pese a ser la única superviviente, no era la más joven del elenco. La \"pupila\" era Rue McClanahan, quien murió en 2010 con 76 años. \nGetty, en la piel de \"Sophia\", la matriarca de origen italiano, fallecida en 2008, tenía un año menos que Arthur, \"Dorothy\", su hija en la ficción, nacida en 1923 y quien murió en 2009. PUBLICIDAD", "external_links": [], "published": "2016-10-02T00:02:00.000+03:00", "crawled": "2016-10-01T19:18:16.534+03:00", "highlightTitle": ""}