{"organizations": [], "uuid": "ac9235cb5b3925b6ccaf286046d34a7beef4ca9f", "thread": {"social": {"gplus": {"shares": 0}, "pinterest": {"shares": 0}, "vk": {"shares": 0}, "linkedin": {"shares": 0}, "facebook": {"likes": 256, "shares": 256, "comments": 0}, "stumbledupon": {"shares": 0}}, "site_full": "www.mediotiempo.com", "main_image": "http://cdn.expansion.mx/54/ed/d89747f6480da99295e710c0a914/20161001-167.jpg", "site_section": "http://www.mediotiempo.com/rss", "section_title": "mediotiempo.com", "url": "http://www.mediotiempo.com/futbol/2016/10/01/vamos-agarrandole-la-onda-a-la-volpe-da-silva", "country": "US", "domain_rank": 7789, "title": "Vamos agarrándole la onda a La Volpe: Da Silva", "performance_score": 2, "site": "mediotiempo.com", "participants_count": 1, "title_full": "Vamos agarrándole la onda a La Volpe: Da Silva", "spam_score": 0.0, "site_type": "news", "published": "2016-10-02T10:59:00.000+03:00", "replies_count": 0, "uuid": "ac9235cb5b3925b6ccaf286046d34a7beef4ca9f"}, "author": "Alejandro Martínez", "url": "http://www.mediotiempo.com/futbol/2016/10/01/vamos-agarrandole-la-onda-a-la-volpe-da-silva", "ord_in_thread": 0, "title": "Vamos agarrándole la onda a La Volpe: Da Silva", "locations": [], "entities": {"persons": [], "locations": [], "organizations": []}, "highlightText": "", "language": "spanish", "persons": [], "text": "Sábado, 1 de octubre de 2016 El cuadro de Coapa sigue en los primeros lugares con 19 puntos \nEl empate frente al Monterrey fue una buena cosecha, así coincidieron William Da Silva y Michael Arroyo, los dos jugadores de las Águilas que hablaron en zona mixta tras el partido. \n\"Vamos agarrando la onda a lo que pide él (La Volpe), tiene muchas cosas que aportarnos a nosotros, partido a partido vamos entendiendo lo que nos pide y ojalá juntos podamos calificar bien\". \n\"Fue un partido complicado, el equipo de Monterrey tiene jugadores de muchísima calidad, muchísimo nivel y bueno tuvimos ahorita al final para meter y nos falló\", señaló el volante brasileño. \nEl ecuatoriano Arroyo se dijo satisfecho por el esfuerzo que hicieron todos sus compañeros, agregando que el plantel va a levantar en lo futbolístico. \n\"Veníamos de jugar bien en casa, ahora lo intentamos, ellos igual tuvieron sus oportunidades, pero bueno nos vamos con un punto muy importante porque seguimos sumando\", apuntó el sudamericano. Tags", "external_links": [], "published": "2016-10-02T10:59:00.000+03:00", "crawled": "2016-10-02T06:27:05.610+03:00", "highlightTitle": ""}