{"organizations": [], "uuid": "2551c643e62f2dddf0b34cad880c7061810ff534", "thread": {"social": {"gplus": {"shares": 0}, "pinterest": {"shares": 0}, "vk": {"shares": 0}, "linkedin": {"shares": 0}, "facebook": {"likes": 0, "shares": 0, "comments": 0}, "stumbledupon": {"shares": 0}}, "site_full": "www.coches.net", "main_image": "http://a.ccdn.es/cnet/2016/09/13/32131616/103253886_g.jpg", "site_section": "", "section_title": "", "url": "http://www.coches.net/citroen-c4-picasso-puretech-130-ss-6v-feel-edition-5p-gasolina-2016-en-barcelona-32131616-covo.aspx", "country": "ES", "domain_rank": 6093, "title": "citroen c4 picasso puretech 130 ss 6v feel edition Gasolina Rojo del 2016 con 1km en Barcelona 32131616", "performance_score": 0, "site": "coches.net", "participants_count": 0, "title_full": "citroen c4 picasso puretech 130 ss 6v feel edition Gasolina Rojo del 2016 con 1km en Barcelona 32131616", "spam_score": 0.144, "site_type": "news", "published": "2016-09-13T08:00:00.000+03:00", "replies_count": 0, "uuid": "2551c643e62f2dddf0b34cad880c7061810ff534"}, "author": "", "url": "http://www.coches.net/citroen-c4-picasso-puretech-130-ss-6v-feel-edition-5p-gasolina-2016-en-barcelona-32131616-covo.aspx", "ord_in_thread": 0, "title": "citroen c4 picasso puretech 130 ss 6v feel edition Gasolina Rojo del 2016 con 1km en Barcelona 32131616", "locations": [], "entities": {"persons": [], "locations": [], "organizations": []}, "highlightText": "", "language": "spanish", "persons": [], "text": "Garantía 12 meses (1 año) Comentarios del anunciante \nPVP para clientes particulares que financien un capital mínimo de 6.000€ con permanencia mínima de 36 meses a través de PSA Financial Services Spain, EFC SA. Sujeto a aprobación financiera. PVP para el cliente que no desee financiar: 20700€. Oferta válida hasta disponibilidad Equipamiento extra ", "external_links": [], "published": "2016-09-13T08:00:00.000+03:00", "crawled": "2016-10-01T12:02:50.515+03:00", "highlightTitle": ""}