{"organizations": [], "uuid": "71fbd453c54d703b05c2abcb29390bc0dd345956", "thread": {"social": {"gplus": {"shares": 0}, "pinterest": {"shares": 0}, "vk": {"shares": 0}, "linkedin": {"shares": 0}, "facebook": {"likes": 0, "shares": 0, "comments": 0}, "stumbledupon": {"shares": 0}}, "site_full": "ecodiario.eleconomista.es", "main_image": "http://s03.s3c.es/imag3/logos/economista/bg-ee-facebook.jpg", "site_section": "http://www.eleconomista.es/rss/rss-flash-del-mercado.php", "section_title": "elEconomista  Flash del mercado", "url": "http://ecodiario.eleconomista.es/flash/noticias/7862906/10/16/El-Comite-Federal-del-PSOE-comienza-pero-sin-constituirse-por-el-problema-de-los-numeros.html", "country": "ES", "domain_rank": 3233, "title": "El Comité Federal del PSOE comienza pero sin constituirse por el problema de 'los números'", "performance_score": 0, "site": "eleconomista.es", "participants_count": 0, "title_full": "El Comité Federal del PSOE comienza pero sin constituirse por el problema de 'los números'", "spam_score": 0.0, "site_type": "news", "published": "2016-10-01T18:44:00.000+03:00", "replies_count": 0, "uuid": "71fbd453c54d703b05c2abcb29390bc0dd345956"}, "author": "", "url": "http://ecodiario.eleconomista.es/flash/noticias/7862906/10/16/El-Comite-Federal-del-PSOE-comienza-pero-sin-constituirse-por-el-problema-de-los-numeros.html", "ord_in_thread": 0, "title": "El Comité Federal del PSOE comienza pero sin constituirse por el problema de 'los números'", "locations": [], "entities": {"persons": [], "locations": [], "organizations": []}, "highlightText": "", "language": "spanish", "persons": [], "text": "El Comité Federal del PSOE comienza pero sin constituirse por el problema de 'los números' 1/10/2016 - 12:44 \nEl Comité Federal del PSOE continúa sin constituirse tres horas después de lo previsto -estaba convocado a las 9.00-, al no haber acuerdo entre los partidarios de Pedro Sánchez y los críticos sobre si los miembros de la ejecutiva en funciones pueden votar y sobre la composición de la Mesa del comité.Los críticos argumentan que, dado que la ejecutiva federal está \"disuelta\", los dieciocho integrantes que no han dimitido no están legitimados para votar. Cuestión de números \nPor su parte, los afines a Sánchez acusan a estos de \"poner cualquier excusa porque saben que pierden la votación\", ha dicho a Efe uno de los asistentes.Hasta que no esté formada la mesa del comité, éste no puede darse por constituido y, por tanto, no puede empezar la reunión.Por un acuerdo tácito, la Mesa habitualmente la forman la andaluza Verónica Pérez como presidenta, el vasco Rodolfo Ares como vicepresidente y la catalana Nuria Marín como secretaria, lo que supondría que los partidarios de Sánchez serían mayoría.No obstante, es por un año y deben ser elegidos en cada ocasión.Aunque el secretario de Organización en funciones, César Luena, anunció sobre las 10.45 un receso de unos 30 minutos, éste se ha prolongado más de hora y media, ya que a las 12.15 los delegados han empezado a volver a sus asientos.Entretanto, la calle Ferraz continúa cortada al tráfico a la altura de la sede del PSOE e invadida por periodistas, fotógrafos y cámara de televisión, así como militantes y simpatizantes socialistas en su mayoría partidarios de Sánchez y congregados al grito de \"Pedro sí, Susana no\" y \"no es no\". Otras noticias El flash: toda la última hora 12:50", "external_links": [], "published": "2016-10-01T18:44:00.000+03:00", "crawled": "2016-10-01T13:56:45.411+03:00", "highlightTitle": ""}