{"organizations": [], "uuid": "11df71f48bb7c367a6fd2e5261e71709cf68b87e", "thread": {"social": {"gplus": {"shares": 0}, "pinterest": {"shares": 0}, "vk": {"shares": 0}, "linkedin": {"shares": 0}, "facebook": {"likes": 0, "shares": 0, "comments": 0}, "stumbledupon": {"shares": 0}}, "site_full": "actualidad.rt.com", "main_image": "https://esp.rt.com/actualidad/public_images/2016.10/article/57f23289c4618894758b4598.jpg", "site_section": "", "section_title": "", "url": "https://actualidad.rt.com/actualidad/220307-psicologos-gente-infeliz-tener-comun", "country": "US", "domain_rank": 538, "title": "Psicólogos: La gente infeliz tiene estas 6 cosas en común - RT", "performance_score": 0, "site": "rt.com", "participants_count": 0, "title_full": "Psicólogos: La gente infeliz tiene estas 6 cosas en común - RT", "spam_score": 0.01, "site_type": "news", "published": "2016-10-03T19:59:00.000+03:00", "replies_count": 0, "uuid": "11df71f48bb7c367a6fd2e5261e71709cf68b87e"}, "author": "", "url": "https://actualidad.rt.com/actualidad/220307-psicologos-gente-infeliz-tener-comun", "ord_in_thread": 0, "title": "Psicólogos: La gente infeliz tiene estas 6 cosas en común - RT", "locations": [], "entities": {"persons": [], "locations": [], "organizations": []}, "highlightText": "", "language": "spanish", "persons": [], "text": "¿Los violentos nacen o se hacen? Biólogos españoles lo descubren \nLas personas que constantemente se sienten infelices sin motivo comparten una serie de rasgos en común, aseguran psicólogos citados por ' El País '. De acuerdo con el psicoterapeuta Ramón Oria de Rueda, \"descartando lo que los manuales diagnósticos llaman trastornos del estado de ánimo […] y los trastornos de la personalidad, quedan algunas personas de las que podemos decir que son, simplemente, negativas\". \nEntonces, ¿qué es lo que tienen exactamente en común estas personas? En primer lugar, aseguran los especialistas, está la cuestión de los objetivos distorsionados. Hablando sobre estos, según la psicóloga Dafne Cataluña, hay que pensar si \"son realmente nuestros, ¿o están motivados por nuestra necesidad de aprobación de los demás?\". Lo segundo lleva a la frustración, explica la experta. Además, las personas infelices \"tienden a hacer una atribución interna de incapacidad y una atribución externa de mala suerte\", señalan los expertos. Eso significa que, por un lado, piensan que son incapaces de hacer algo, pero cuando les sale mal tienden a culpar a la mala suerte. \"No se permiten reflexionar sobre los estados mentales propios ni reconocer las emociones que surgen\", comenta por su parte el psicoterapeuta Antonio Semerari. Otro rasgo común para las personas que son más infelices es la lamentación. \"La queja es el centro de su vida. Lo ven todo como una profecía autocumplida\", afirma Ramón Oria de Rueda. pixabay.com Asimismo, las personas infelices \"sienten envidia y dificultad para admirar al otro\", mientras que \"el egoísmo es la base de su personalidad\", observa el psicoterapeuta. \"La gente negativa es egoísta: habla de sus problemas, de sus dificultades, de sí misma y de su mala fortuna, y esa misma forma de pensar hace que se cumplan sus expectativas\". Y \"aunque encuentren a quien cargue con su desgracia, los egoístas son más enfermizos, más pobres y están más solos\". Por último, de acuerdo con los expertos citados por 'El País', la gente infeliz posee \"un pensamiento distorsionado y lleno de ideas falaces\", cosas como \"me lo merezco\", \"tengo que caer bien\", o \"si valgo, he de conseguir lo que me proponga\". Se trata de \"etiquetas mentales poco realistas\". ", "external_links": [], "published": "2016-10-03T19:59:00.000+03:00", "crawled": "2016-10-03T14:59:58.257+03:00", "highlightTitle": ""}