{"organizations": [], "uuid": "528d5fd5d183e59254911288fb97372919a0a994", "thread": {"social": {"gplus": {"shares": 0}, "pinterest": {"shares": 0}, "vk": {"shares": 0}, "linkedin": {"shares": 0}, "facebook": {"likes": 403, "shares": 403, "comments": 0}, "stumbledupon": {"shares": 0}}, "site_full": "www.laprensa.com.ni", "main_image": "http://cdn.laprensa.com.ni/wp-content/uploads/2016/09/30175837/MEU_8214.jpg", "site_section": "http://www.laprensa.com.ni//rss", "section_title": "La Prensa", "url": "http://www.laprensa.com.ni/2016/10/01/politica/2109878-saltan-dudas-boleta-comicios-nicaragua", "country": "NI", "domain_rank": 6175, "title": "Saltan dudas sobre boleta para comicios de Nicaragua", "performance_score": 4, "site": "laprensa.com.ni", "participants_count": 1, "title_full": "Saltan dudas sobre boleta para comicios de Nicaragua", "spam_score": 0.0, "site_type": "news", "published": "2016-10-01T14:00:00.000+03:00", "replies_count": 0, "uuid": "528d5fd5d183e59254911288fb97372919a0a994"}, "author": "Leonor Alvarez", "url": "http://www.laprensa.com.ni/2016/10/01/politica/2109878-saltan-dudas-boleta-comicios-nicaragua", "ord_in_thread": 0, "title": "Saltan dudas sobre boleta para comicios de Nicaragua", "locations": [], "entities": {"persons": [], "locations": [], "organizations": []}, "highlightText": "", "language": "spanish", "persons": [], "text": "Saltan dudas sobre boleta para comicios de Nicaragua Leonor Álvarez 01/10/2016 Subscribe El Consejo Supremo Electoral (CSE) les entregó este viernes a los partidos políticos, el material de capacitación electoral que usarán el día de la votación, para el entrenamiento de los fiscales y miembros que estarán trabajando en las Juntas Receptoras de Votos (JRV). Sin embargo, el candidato a diputado del Partido Conservador (PC), Marvin Martínez, se quedó con la duda de que si cada boleta de las cuatro elecciones van juntas , en un solo tiraje de papel, como las dieron a conocer en las muestras.Esta duda fue transmitida a los funcionarios del CSE, quienes le dijeron a Martínez que se trata de boletas de muestra, sin más explicaciones. No obstante, los medios oficialistas informaron que “a cada elector se le entregará una sola boleta” , pero en un solo tiraje de papel. La oficina de prensa del CSE tampoco contestó esta duda.Los comicios nacionales son el próximo seis de noviembre, para elegir presidente, vicepresidente, diputados nacionales, departamentales y al Parlamento Centroamericano (Parlacen). En anteriores procesos cada elección ha ido en boletas separadas.Lea: Partidos políticos dicen que no hay farsa electoral Material de capacitación electoral El material de capacitación electoral está compuesto por el cuaderno de ejercicios, la cartilla que explica los procedimientos que desarrollarán los miembros de cada JRV el día de las elecciones y una muestra de la boleta electoral.El director de Atención a Partidos Políticos, Julio Acuña, entregó a cada partido un total de 500 paquetes para capacitar a sus respectivos fiscales y miembros de las JRV, según la información publicada en los medios oficiales.Las elecciones de Nicaragua carecen de credibilidad porque el partido gobernante Frente Sandinista de Liberación Nacional (FSLN) controla la estructura electoral en todos los niveles . 0", "external_links": [], "published": "2016-10-01T14:00:00.000+03:00", "crawled": "2016-10-01T09:37:54.551+03:00", "highlightTitle": ""}