{"organizations": [], "uuid": "ade64436d04686cef690025b8d265e7f7f56af75", "thread": {"social": {"gplus": {"shares": 0}, "pinterest": {"shares": 0}, "vk": {"shares": 0}, "linkedin": {"shares": 0}, "facebook": {"likes": 0, "shares": 0, "comments": 0}, "stumbledupon": {"shares": 0}}, "site_full": "www.europapress.es", "main_image": "http://img.europapress.net/fotoweb/fotonoticia_20160930225633_800.jpg", "site_section": "http://www.europapress.es/rss/rss.aspx?buscar=presidente", "section_title": "Europa Press", "url": "http://www.europapress.es/catalunya/noticia-pdc-afirma-partit-democrata-europeu-catala-ya-consta-inscrito-web-registro-20160930225633.html", "country": "ES", "domain_rank": 9900, "title": "PDC afirma que Partit Demòcrata Europeu Català ya consta inscrito en la web de registro", "performance_score": 0, "site": "europapress.es", "participants_count": 1, "title_full": "PDC afirma que Partit Demòcrata Europeu Català ya consta inscrito en la web de registro", "spam_score": 0.0, "site_type": "news", "published": "2016-10-01T06:56:00.000+03:00", "replies_count": 0, "uuid": "ade64436d04686cef690025b8d265e7f7f56af75"}, "author": "EUROPA PRESS", "url": "http://www.europapress.es/catalunya/noticia-pdc-afirma-partit-democrata-europeu-catala-ya-consta-inscrito-web-registro-20160930225633.html", "ord_in_thread": 0, "title": "PDC afirma que Partit Demòcrata Europeu Català ya consta inscrito en la web de registro", "locations": [], "entities": {"persons": [], "locations": [], "organizations": []}, "highlightText": "", "language": "spanish", "persons": [], "text": "La coordinadora general de PDC, Marta Pascal, ha afirmado este viernes que el nombre de Partit Demòcrata Europeu Català (PDECat) ya consta inscrito en la web del registro de partidos. \"Pendientes de la respuesta del Ministerio del Interior, el Partit Demòcrata Català consta como inscrito en la web de registro de partidos! Los asociados escogeréis\", ha publicado en un apunte en su perfil de Twitter.\nEl presidente de PDC, Artur Mas, acusó al Gobierno central de querer \"ilegalizar\" lo que representa su partido al negarle la incripción en el registro de partidos, por lo que la formación planteó posteriormente el nombre de PDECat.", "external_links": [], "published": "2016-10-01T06:56:00.000+03:00", "crawled": "2016-10-01T00:06:42.334+03:00", "highlightTitle": ""}