{"organizations": [], "uuid": "5e2208fadf0214ae96c790a39c2f5e252d24a571", "thread": {"social": {"gplus": {"shares": 0}, "pinterest": {"shares": 0}, "vk": {"shares": 0}, "linkedin": {"shares": 0}, "facebook": {"likes": 0, "shares": 0, "comments": 0}, "stumbledupon": {"shares": 0}}, "site_full": "www.elnuevodiario.com.ni", "main_image": "http://endimages.s3.amazonaws.com/news/cc9ef80e882211e6a13e0eb04a1bba78.jpg", "site_section": "http://www.elnuevodiario.com.ni/rss/", "section_title": "Noticias - El Nuevo Diario", "url": "http://www.elnuevodiario.com.ni/internacionales/406022-maduro-reestructura-su-gabinete-gobierno-venezuela/", "country": "NI", "domain_rank": 8067, "title": "Maduro reestructura su gabinete de gobierno en Venezuela - El Nuevo Diario", "performance_score": 0, "site": "elnuevodiario.com.ni", "participants_count": 0, "title_full": "Maduro reestructura su gabinete de gobierno en Venezuela - El Nuevo Diario", "spam_score": 0.0, "site_type": "news", "published": "2016-10-02T05:53:00.000+03:00", "replies_count": 0, "uuid": "5e2208fadf0214ae96c790a39c2f5e252d24a571"}, "author": "", "url": "http://www.elnuevodiario.com.ni/internacionales/406022-maduro-reestructura-su-gabinete-gobierno-venezuela/", "ord_in_thread": 0, "title": "Maduro reestructura su gabinete de gobierno en Venezuela - El Nuevo Diario", "locations": [], "entities": {"persons": [], "locations": [], "organizations": []}, "highlightText": "", "language": "spanish", "persons": [], "text": "| AFP \nEl presidente de Venezuela, Nicolás Maduro , reestructuró su gabinete este sábado, al nombrar nuevos ministros para los despachos de la presidencia, información y comunicación, y de la mujer, entre otros. \nEn un acto en el palacio presidencial de Miraflores, Maduro anunció el nombramiento de la almirante en jefa Carmen Meléndez para el ministerio de la Presidencia. \nMeléndez, quien fue la primera mujer ministro de la Defensa en Venezuela y actualmente es diputada por el oficialista Partido Socialista Unido (PSUV), ya había desempeñado ese cargo en 2012 y 2013. \n\"Quiero que me acompañen en la ofensiva de estos últimos tres meses del año y más allá\", exclamó Maduro al hacer los anuncios. \nEn el ministerio de Información y Comunicación, Maduro nombró al periodista Ernesto Villegas. Para el ministerio de la mujer designó a Blanca Eekhout y en el ministerio de las comunas a la actual gobernadora del estado Cojedes, Erika Farías. \nPara el ministerio de los pueblos indígenas Maduro nombró a Aloha Núñez, también diputada por el PSUV. \nTodos los designados ocuparon cargos ministeriales en diversos momentos durante los gobiernos del fallecido Hugo Chávez (1999-2013). \nVenezuela atraviesa por una severa crisis social y económica, con una fuerte escasez de alimentos y medicinas y una inflación que el FMI proyecta en 720% para 2016, la más alta del mundo. \nLa oposición, agrupada en la coalición Mesa de la Unidad Democrática (MUD), mayoritaria en el parlamento, promueve un referendo revocatorio de su mandato y ha anunciado una serie de movilizaciones para presionar por su convocatoria. \nSi esa consulta llega a realizarse antes del 10 de enero y Maduro es revocado, habría elecciones presidenciales anticipadas. \nPero el Consejo Nacional Electoral (CNE) anunció que, cumplidos los requisitos, sería después de esa fecha, con lo cual, de ser revocado, Maduro sería sustituido por su vicepresidente hasta terminar su periodo en 2019, sepultando el objetivo de la oposición de cambiar el gobierno. \nSegún la firma Venebarómetro, siete de cada diez venezolanos quiere un cambio de gobierno y 76,4% reprueba la gestión de Maduro.", "external_links": [], "published": "2016-10-02T05:53:00.000+03:00", "crawled": "2016-10-02T01:11:20.336+03:00", "highlightTitle": ""}