{"organizations": [], "uuid": "cc04abdd63ecc12381a6237ac842c8e2f748c902", "thread": {"social": {"gplus": {"shares": 0}, "pinterest": {"shares": 0}, "vk": {"shares": 0}, "linkedin": {"shares": 0}, "facebook": {"likes": 6, "shares": 6, "comments": 0}, "stumbledupon": {"shares": 0}}, "site_full": "www.marca.com", "main_image": "http://e00-marca.uecdn.es/assets/multimedia/imagenes/2016/10/03/14754894576849.jpg", "site_section": "http://rss.marca.com/rss/descarga.htm?data2=425", "section_title": "Portada // marca", "url": "http://www.marca.com/motor/formula1/gp-malasia/2016/10/03/57f22c22468aebf4378b45a1.html", "country": "ES", "domain_rank": 504, "title": "Detenidos por posar con ropa interior con la bandera de Malasia", "performance_score": 0, "site": "marca.com", "participants_count": 1, "title_full": "Detenidos por posar con ropa interior con la bandera de Malasia", "spam_score": 0.0, "site_type": "news", "published": "2016-10-03T18:11:00.000+03:00", "replies_count": 0, "uuid": "cc04abdd63ecc12381a6237ac842c8e2f748c902"}, "author": "marca.com", "url": "http://www.marca.com/motor/formula1/gp-malasia/2016/10/03/57f22c22468aebf4378b45a1.html", "ord_in_thread": 0, "title": "Detenidos por posar con ropa interior con la bandera de Malasia", "locations": [], "entities": {"persons": [], "locations": [], "organizations": []}, "highlightText": "", "language": "spanish", "persons": [], "text": "GP Malasia F1 2016 Durante la carrera del Gran Premio Detenidos por posar con ropa interior con los colores de la bandera de Malasia Se trata de ocho australianos que celebraban la victoria de Ricciardo Los aficionados australianos, en Sepang New Straits Times 23 Actualizado 03/10/2016 12:12 \nL as autoridades de Malasia detuvieron a un grupo de extranjeros que se desnudó y posó con ropa interior con los colores de la bandera malasia en el circuito de Sepang, al término del Gran Premio de Fórmula 1, informó la prensa local. \nLos detenidos, de nacionalidad australiana, fueron acusados de cometer un delito de escándalo público y de falta de respeto a un símbolo nacional, según indicó el diario 'The Star'. \nEl periódico publica una imagen que muestra a unas ocho personas desnudas, con la parte de la cintura pixelada, sobre el asfalto del circuito, delante de la tribuna de la recta de meta. \nLa imagen habría sido tomada durante la subida al podio de los tres primeros clasificados de la carrera, en la que se impuso el piloto Red Bull, el australiano, Daniel Ricciardo.", "external_links": [], "published": "2016-10-03T18:11:00.000+03:00", "crawled": "2016-10-04T07:14:19.552+03:00", "highlightTitle": ""}