{"organizations": [], "uuid": "f6d86dd43ab60ee142f09bcf3c1b9e1296ff26cc", "thread": {"social": {"gplus": {"shares": 0}, "pinterest": {"shares": 1}, "vk": {"shares": 0}, "linkedin": {"shares": 0}, "facebook": {"likes": 93, "shares": 93, "comments": 0}, "stumbledupon": {"shares": 0}}, "site_full": "es.euronews.com", "main_image": "http://static.euronews.com/articles/345536/1000x563_345536.jpg", "site_section": "http://feeds.feedburner.com/euronews/es/news/", "section_title": "Euronews RSS", "url": "http://es.euronews.com/2016/10/02/trump-podria-haber-evitado-pagar-impuestos-durante-casi-dos-decadas", "country": "FR", "domain_rank": 4015, "title": "Trump podría haber evitado pagar impuestos durante casi dos décadas", "performance_score": 0, "site": "euronews.com", "participants_count": 0, "title_full": "Trump podría haber evitado pagar impuestos durante casi dos décadas", "spam_score": 0.0, "site_type": "news", "published": "2016-10-02T22:24:00.000+03:00", "replies_count": 0, "uuid": "f6d86dd43ab60ee142f09bcf3c1b9e1296ff26cc"}, "author": "", "url": "http://es.euronews.com/2016/10/02/trump-podria-haber-evitado-pagar-impuestos-durante-casi-dos-decadas", "ord_in_thread": 0, "title": "Trump podría haber evitado pagar impuestos durante casi dos décadas", "locations": [], "entities": {"persons": [], "locations": [], "organizations": []}, "highlightText": "", "language": "spanish", "persons": [], "text": "Trump podría haber evitado pagar impuestos durante casi dos décadas Noticias del día última actualización: 02/10/2016 Euronews \nA Donald Trump se le ha reprochado que no publicara su declaración de la renta y ahora The New York Times podría haber descubierto la razón. Según el diario, el magnate y candidato republicano a la Casa Blanca declaró en 1995 al fisco unas pérdidas de 916 millones de dólares, lo que le habría permitido evitar legalmente pagar impuestos durante los siguientes 18 años. \nTrump no ha comentado la noticia, pero ha cargado con virulencia y un inusitado desdén contra Hillary Clinton durante un mitin en Manheim, Pensilvania: \n“Hillary Clinton solo es leal a sus contribuyentes financieros y a sí misma. Ni siquiera creo que sea fiel a Bill, y la verdad, ¿por qué debería serlo? (…) Ella ha sido un desastre, pero ahí sigue. Una mujer que se supone que tiene que luchar contra tantas cosas y no puede ni caminar 4 metros hasta su coche”, dijo Trump, al tiempo que parodiaba el desvanecimiento que sufrió la candidata demócrata el 11 de septiembre en Nueva York. \nHillary Clinton, por su parte, citó tres motivos por los que Trump podría no haber pagado impuestos: o no es tan rico, o no lo ha hecho tan bien como dice, o es que no quiere que los estadounidenses sepan que no ha pagado nada en impuestos federales. Comparte esta noticia", "external_links": [], "published": "2016-10-02T22:24:00.000+03:00", "crawled": "2016-10-02T18:36:32.031+03:00", "highlightTitle": ""}