{"organizations": [], "uuid": "7d991f0c693974e48eb81c77d246fcff806c2f8f", "thread": {"social": {"gplus": {"shares": 0}, "pinterest": {"shares": 0}, "vk": {"shares": 0}, "linkedin": {"shares": 0}, "facebook": {"likes": 0, "shares": 0, "comments": 0}, "stumbledupon": {"shares": 0}}, "site_full": "www.nacion.com", "main_image": "http://www.nacion.com/vivir/ambiente/Apendice-II-Cites-comercializacion-SHUTTERSTOCK_LNCIMA20161003_0023_3.jpg", "site_section": "http://www.nacion.com/rss/vivir/", "section_title": "", "url": "http://www.nacion.com/vivir/ambiente/Tiburones-pasan-depredadores-presas_0_1589041106.html", "country": "US", "domain_rank": 2457, "title": "Tiburones pasan de ser depredadores a ser presas", "performance_score": 0, "site": "nacion.com", "participants_count": 1, "title_full": "Tiburones pasan de ser depredadores a ser presas", "spam_score": 0.007, "site_type": "news", "published": "2016-10-03T08:46:00.000+03:00", "replies_count": 0, "uuid": "7d991f0c693974e48eb81c77d246fcff806c2f8f"}, "author": "nacion.com", "url": "http://www.nacion.com/vivir/ambiente/Tiburones-pasan-depredadores-presas_0_1589041106.html", "ord_in_thread": 0, "title": "Tiburones pasan de ser depredadores a ser presas", "locations": [], "entities": {"persons": [], "locations": [], "organizations": []}, "highlightText": "", "language": "spanish", "persons": [], "text": "El tiburón sedoso es una de las especies de elasmobranquios propuestas para ser incluida en el Apéndice II de Cites. Si bien no se prohibiría su comercialización, esta sí se regularía. | SHUTTERSTOCK Johannesburgo AFP El estado actual de las poblaciones de tiburones ha convertido al gran depredador de los océanos en presa.\nSegún cifras de la Convención sobre el Comercio Internacional de Especies Amenazadas de Fauna y Flora Silvestres (Cites), 100 millones de escualos mueren cada año. Es decir, hay dos veces más capturas de las que permitirían mantener las poblaciones.\n“Es un tema de vida o muerte”, resume Luke Warwick, del Instituto de Investigación Pew. “La demanda –en particular de aletas, carne o branquias– es más alta que nunca”, dice Andy Cornish, experto en escualos de la organización Fondo Mundial para la Naturaleza (WWF, por sus siglas en inglés).\n“Muchos países no tienen pesca sostenible, ni la más mínima regla para la pesca de tiburones. Cada uno puede llevarse lo que quiera. Incluso, en los que las tienen, las normas no se aplican”, acusa Cornish.\nApetito voraz. La demanda de los consumidores asiáticos por carne, aceite, piel o hígado de tiburón los han convertido en una presa. Algunos pescadores no dudan en cortarles las aletas y luego lanzarlos vivos al mar, una práctica prohibida, pero llevada a cabo en los océanos Índico y Pacífico.", "external_links": [], "published": "2016-10-03T08:46:00.000+03:00", "crawled": "2016-10-03T13:38:01.356+03:00", "highlightTitle": ""}