{"organizations": [], "uuid": "b216dde8ff71f69e49abacad6122352bed405432", "thread": {"social": {"gplus": {"shares": 0}, "pinterest": {"shares": 0}, "vk": {"shares": 0}, "linkedin": {"shares": 0}, "facebook": {"likes": 0, "shares": 0, "comments": 0}, "stumbledupon": {"shares": 0}}, "site_full": "storify.com", "main_image": "https://pbs.twimg.com/media/Cty4gFTW8AAGjGA.jpg:large", "site_section": "https://storify.com/rss/all/date", "section_title": "Latest stories · Storify", "url": "https://storify.com/eltiempo/reacciones-de-simpatizantes-del-si-frente-la-derro", "country": "US", "domain_rank": 5521, "title": "Reacciones de simpatizantes del 'Sí' frente a la derrota", "performance_score": 0, "site": "storify.com", "participants_count": 1, "title_full": "Reacciones de simpatizantes del 'Sí' frente a la derrota", "spam_score": 0.0, "site_type": "news", "published": "2016-10-03T08:41:00.000+03:00", "replies_count": 0, "uuid": "b216dde8ff71f69e49abacad6122352bed405432"}, "author": "eltiempo.com", "url": "https://storify.com/eltiempo/reacciones-de-simpatizantes-del-si-frente-la-derro", "ord_in_thread": 0, "title": "Reacciones de simpatizantes del 'Sí' frente a la derrota", "locations": [], "entities": {"persons": [], "locations": [], "organizations": []}, "highlightText": "", "language": "spanish", "persons": [], "text": "app.eltiempo.com Reacciones de simpatizantes del 'Sí' frente a la derrota La jornada electoral puso en vilo a los colombianos en todo momento. Después del cierre de las meses a las 4:00 de la tarde, comenzó el conteo, que al inicio de esperanza de que el pueblo de Colombia había dicho sí, pero luego de unos minutos los resultados se tornaron por el \"no\".", "external_links": [], "published": "2016-10-03T08:41:00.000+03:00", "crawled": "2016-10-03T03:47:36.104+03:00", "highlightTitle": ""}