{"organizations": [], "uuid": "93ed840809da3ec3510e351151cf46071c471b56", "thread": {"social": {"gplus": {"shares": 0}, "pinterest": {"shares": 0}, "vk": {"shares": 0}, "linkedin": {"shares": 0}, "facebook": {"likes": 8, "shares": 8, "comments": 0}, "stumbledupon": {"shares": 0}}, "site_full": "www.milenio.com", "main_image": "http://www.milenio.com/estados/reanudan_corridas-restablecen_servicio-primera_plus-michoacan-milenio_noticias_MILIMA20161001_0153_14.jpg", "site_section": "", "section_title": "", "url": "http://www.milenio.com/estados/reanudan_corridas-restablecen_servicio-primera_plus-michoacan-milenio_noticias_0_821317959.html", "country": "US", "domain_rank": 8394, "title": "Primera Plus reanuda su servicio en Michoacán - Grupo Milenio", "performance_score": 0, "site": "milenio.com", "participants_count": 0, "title_full": "Primera Plus reanuda su servicio en Michoacán - Grupo Milenio", "spam_score": 0.02, "site_type": "news", "published": "2016-10-02T03:12:00.000+03:00", "replies_count": 0, "uuid": "93ed840809da3ec3510e351151cf46071c471b56"}, "author": "Milenio Digital", "url": "http://www.milenio.com/estados/reanudan_corridas-restablecen_servicio-primera_plus-michoacan-milenio_noticias_0_821317959.html", "ord_in_thread": 0, "title": "Primera Plus reanuda su servicio en Michoacán - Grupo Milenio", "locations": [], "entities": {"persons": [], "locations": [], "organizations": []}, "highlightText": "", "language": "spanish", "persons": [], "text": "Instagram Primera Plus reanuda su servicio en Michoacán A través de un comunicado, la línea de camiones informó que el servicio hacia el estado y de Michoacán hacia otras entidades se reanudó hoy de manera formal. Más de Estados La línea de camiones reaunudó sus operaciones en Michoacán. (Especial) 01/10/2016 12:28 PM Ciudad de México \nLa línea de autobuses Primer Plus informó que le servicio que brinda en Michoacán, hoy fue reanudado. — Primera Plus (@Primera_Plus) 1 de octubre de 2016 \nEn su mensaje, resalta que la seguridad de los usuarios es lo más importante, por lo que los boletos que tenían la fecha de ayer, podrán ser usados para dirigirse a Michoacán en las próximas horas o días. \nAyer, la empresa informó que suspendía su servicio en Michoacán debido a la falta de garantías y seguridad para transitar en carreteras michoacanas. \n\"Queremos informarles que nos hemos visto en la necesidad de suspender todas nuestras corridas desde Michoacán a los diferentes estados de la República Mexicana, así como de estos a Michoacán\". \nEn un comunicado, señaló que \"desgraciadamente nos reportan actividades hostiles en las carreteras que incluyen secuestro y quema de vehículos\". \nLa empresa dijo que resulta prioritario salvaguardar la seguridad de sus clientes, por lo que se ha visto en la necesidad suspender esas rutas. \nApenas este martes, 49 estudiantes de la Normal Rural de Cherán fueron detenidos por la quema de tres autobuses en la autopista Siglo XXI. \nDerivado de este hecho, un mando policiaco y agentes de distintos poblados de Michoacán han sido retenidos, mientras que los bloqueos carreteros continúan en el estado. \nREPL ", "external_links": [], "published": "2016-10-02T03:12:00.000+03:00", "crawled": "2016-10-01T22:12:25.446+03:00", "highlightTitle": ""}