{"organizations": [], "uuid": "68dea2fda2b555b1f26a28b40c0aa02aa5926bc9", "thread": {"social": {"gplus": {"shares": 0}, "pinterest": {"shares": 0}, "vk": {"shares": 0}, "linkedin": {"shares": 0}, "facebook": {"likes": 0, "shares": 0, "comments": 0}, "stumbledupon": {"shares": 0}}, "site_full": "es.ccm.net", "main_image": "http://static.ccm.net/es.ccm.net/actualites/images/securityhacker-shutterstocl-318036911-canbedone-8316.png", "site_section": "http://es.ccm.net/rss.xml", "section_title": "CCM", "url": "http://es.ccm.net/news/20591-cibercrimen-llega-el-secuestro-digital", "country": "US", "domain_rank": 930, "title": "Cibercrimen: llega el secuestro digital", "performance_score": 0, "site": "ccm.net", "participants_count": 1, "title_full": "Cibercrimen: llega el secuestro digital", "spam_score": 0.0, "site_type": "news", "published": "2016-10-04T01:02:00.000+03:00", "replies_count": 0, "uuid": "68dea2fda2b555b1f26a28b40c0aa02aa5926bc9"}, "author": "José_Bautista", "url": "http://es.ccm.net/news/20591-cibercrimen-llega-el-secuestro-digital", "ord_in_thread": 0, "title": "Cibercrimen: llega el secuestro digital", "locations": [], "entities": {"persons": [], "locations": [], "organizations": []}, "highlightText": "", "language": "spanish", "persons": [], "text": "Cibercrimen: llega el secuestro digital José_Bautista el lunes, 3 de octubre de 2016, 19:02:47 Deja tu opinión El bloqueo de la información personal del PC a cambio de un rescate se ha convertido en una práctica habitual de los ciberdelincuentes. (CCM) — El secuestro de informaciones digitales ha pasado a estar en el centro de atención de las empresas de ciberseguridad a raíz del aumento de este tipo de delitos en la red en los últimos meses, según varias empresas especializadas en seguridad digital . Cada vez más cibercriminales utilizan programas maliciosos denominados 'ransomware' que bloquean el disco duro de ordenadores personales y de empresas para, más adelante, exigir rescates que pueden llegar a varios millones de dólares a cambio de liberar la información secuestrada. Con frecuencia las víctimas de esta práctica delictiva caen en la trampa de abrir un e-mail infectado que ejecuta el programa malicioso y bloquea la información importante del PC. Según la empresa de ciberseguridad Panda, lo más habitual es que los ordenadores infectados con 'ransomware' muestren un mensaje en pantalla advirtiendo del riesgo de perder toda la información del disco duro si no se obedecen los pasos indicados para pagar el rescate . Para mayor preocupación, este tipo de mensajes amenazantes van acompañados con una cuenta atrás y, finalizado el tiempo, se destruye la información. No obstante, las principales empresas de ciberseguridad advierten de que el pago del rescate no es una solución garantizada y advierten de que, de momento, la mejor opción es prevenir este tipo de ataques a través de sistemas de antivirus actualizados. Foto: © Canbedone - Shutterstock.com", "external_links": [], "published": "2016-10-04T01:02:00.000+03:00", "crawled": "2016-10-03T21:34:18.962+03:00", "highlightTitle": ""}