{"organizations": [], "uuid": "d8019ff30100d2a5f80b13f289a8914f7f6d50d8", "thread": {"social": {"gplus": {"shares": 0}, "pinterest": {"shares": 0}, "vk": {"shares": 0}, "linkedin": {"shares": 0}, "facebook": {"likes": 0, "shares": 0, "comments": 0}, "stumbledupon": {"shares": 0}}, "site_full": "depor.com", "main_image": "http://cde.3.depor.pe/ima/0/0/3/6/4/364173.jpg", "site_section": "http://depor.com/feed", "section_title": "Depor", "url": "http://depor.com/futbol-internacional/pedro-gallese-veracruz-cruz-azul-vivo-directo-online-liga-mx-1081283", "country": "US", "domain_rank": 8164, "title": "Pedro Gallese: Veracruz vs. Cruz Azul se enfrentan por Liga MX", "performance_score": 0, "site": "depor.com", "participants_count": 0, "title_full": "Pedro Gallese: Veracruz vs. Cruz Azul se enfrentan por Liga MX", "spam_score": 0.0, "site_type": "news", "published": "2016-10-01T06:40:00.000+03:00", "replies_count": 0, "uuid": "d8019ff30100d2a5f80b13f289a8914f7f6d50d8"}, "author": "", "url": "http://depor.com/futbol-internacional/pedro-gallese-veracruz-cruz-azul-vivo-directo-online-liga-mx-1081283", "ord_in_thread": 0, "title": "Pedro Gallese: Veracruz vs. Cruz Azul se enfrentan por Liga MX", "locations": [], "entities": {"persons": [], "locations": [], "organizations": []}, "highlightText": "", "language": "spanish", "persons": [], "text": "Venezuela 5:30 p.m. \nVeracruz se ubica en el puesto 16 con apenas nueve unidades. En sus últimos tres cotejos, fue derrotado. A ello se suma la renuncia del técnico Pablo Marini tras la caída ante las Chivas hace una semana. \nEn los ‘Tiburones’, Pedro Gallese está disponible para ser utilizado en la oncena titular, como lo hizo ante el América por la Copa MX. Tras el choque ante la ‘Máquina cementera’, el portero deberá unirse a la Selección Peruana para la próxima fecha doble de Eliminatorias Rusia 2018. \nCruz Azul se ubica en la casilla 13 con 12 puntos y querrá reencontrarse con la victoria en casa, algo no hace desde hace dos juegos. La novedad será la ausencia del chileno Francisco Silva, que se perderá la cita por lesión.", "external_links": [], "published": "2016-10-01T06:40:00.000+03:00", "crawled": "2016-10-01T01:41:33.239+03:00", "highlightTitle": ""}