{"organizations": [], "uuid": "bcb44f7455fdd1b3bd0af71e1f8049ea06fae1a5", "thread": {"social": {"gplus": {"shares": 0}, "pinterest": {"shares": 0}, "vk": {"shares": 0}, "linkedin": {"shares": 0}, "facebook": {"likes": 0, "shares": 0, "comments": 0}, "stumbledupon": {"shares": 0}}, "site_full": "www.un.org", "main_image": "//static.un.org/News/dh/photos/large/2016/July/07-11-2016Airlift.jpg", "site_section": "http://www.un.org/spanish/News/rss/rss_spanishNews.asp", "section_title": "Centro de Noticias", "url": "http://www.un.org/spanish/News/story.asp?NewsID=35974", "country": "US", "domain_rank": 2454, "title": "OMS realiza lanzamientos desde el aire de suministros médicos en Siria", "performance_score": 0, "site": "un.org", "participants_count": 0, "title_full": "OMS realiza lanzamientos desde el aire de suministros médicos en Siria", "spam_score": 0.0, "site_type": "news", "published": "2016-10-03T13:00:00.000+03:00", "replies_count": 0, "uuid": "bcb44f7455fdd1b3bd0af71e1f8049ea06fae1a5"}, "author": "", "url": "http://www.un.org/spanish/News/story.asp?NewsID=35974", "ord_in_thread": 0, "title": "OMS realiza lanzamientos desde el aire de suministros médicos en Siria", "locations": [], "entities": {"persons": [], "locations": [], "organizations": []}, "highlightText": "", "language": "spanish", "persons": [], "text": "La ONU en la Red OMS realiza lanzamientos desde el aire de suministros médicos en Siria La OMS se valió de los lanzamientos desde el aire para distribuir suministros médicos en Siria. Foto de archivo: PMA   — La Organización Mundial de la Salud (OMS) consiguió entregar a través de lanzamientos aéreos más de 11 toneladas de material médico a las autoridades sanitarias en el área de Al- Qamishli, situada al nordeste de SiriaLa OMS estima que unas 550.000 personas, de las cuales 30.000 de ellas son desplazados, necesitan asistencia humanitaria en esa zona del país, que llevaba desde diciembre sin recibirla.Entre los suministros que se entregarán a hospitales públicos y centros de asistencia sanitaria se cuentan antibióticos, analgésicos, kits para tratar quemaduras, sillas de ruedas y equipos médicos.Por otro lado, el portavoz de la OMS, Tarik Jasarevic, remarcó las complicadas condiciones sanitarias de los habitantes en la parte oriental de la ciudad de Alepo.“Las autoridades sanitarias locales nos informan que tienen más de 1.000 personas heridas desde la escalada del conflicto la última semana de septiembre. La capacidad de atender a los heridos es reducida ya que muchos de los hospitales fueron alcanzados por los ataques, y hay falta de materiales, personal sanitario y menos de 30 doctores en esa parte de la ciudad”, señaló Jasarevic.  ", "external_links": [], "published": "2016-10-03T13:00:00.000+03:00", "crawled": "2016-10-03T21:48:26.288+03:00", "highlightTitle": ""}