{"organizations": [], "uuid": "d4b527851c31986319f3d1c51251a108c746544c", "thread": {"social": {"gplus": {"shares": 0}, "pinterest": {"shares": 0}, "vk": {"shares": 0}, "linkedin": {"shares": 0}, "facebook": {"likes": 4, "shares": 4, "comments": 0}, "stumbledupon": {"shares": 0}}, "site_full": "www.ecuavisa.com", "main_image": "http://multimedia.ecuavisa.com/sites/default/files/styles/destacado_redes/public/fotos/2016/09/30/bsc_0.jpg?itok=8At53k2b", "site_section": "http://ecuavisa.com//rss", "section_title": "RSS Ecuavisa", "url": "http://www.ecuavisa.com/articulo/deportes/nacional/198986-punta-sigue-siendo-amarilla", "country": "US", "domain_rank": 3370, "title": "La punta sigue siendo amarilla", "performance_score": 0, "site": "ecuavisa.com", "participants_count": 1, "title_full": "La punta sigue siendo amarilla", "spam_score": 0.0, "site_type": "news", "published": "2016-10-01T10:42:00.000+03:00", "replies_count": 0, "uuid": "d4b527851c31986319f3d1c51251a108c746544c"}, "author": "jboza", "url": "http://www.ecuavisa.com/articulo/deportes/nacional/198986-punta-sigue-siendo-amarilla", "ord_in_thread": 0, "title": "La punta sigue siendo amarilla", "locations": [], "entities": {"persons": [], "locations": [], "organizations": []}, "highlightText": "", "language": "spanish", "persons": [], "text": "La punta sigue siendo amarilla   09:42 PM Barcelona derrotó 1-0 a El Nacional y continúa como único líder del campeonato ecuatoriano de fútbol , jugada la fecha 11 de la segunda etapa del torneo . El equipo dirigido por Guillermo Almada continúa siendo imbatible en su estadio , el Monumental , donde no ha conocido la derrota. Pese a que Barcelona tomó el control de las acciones apenas iniciado el encuentro, no fue sino hasta cerca del final del primer tiempo cuando pudo abrir el marcador . Se jugaba el minuto 43 cuando un tiro libre cobrado por Matías Oyola encontró sin marca a Xavier Arreaga quien, con golpe de cabeza , venció a Adrián Bone . Para la etapa de complemento , El Nacional buscó el tanto del empate . Marco Montaño ingresó al área rival pero no pudo definir ante la presencia de Máximo Banguera . Un remate de Michael Estrada por poco provocó el empate para los ‘militares’. Esto obligó al técnico Guillermo Almada a realizar variantes para aguantar el partido. Así, Barcelona logró aguantar las arremetidas del rival hasta que el árbitro decretó el final del partido . Un nuevo triunfo para el equipo ' torero '. Alineaciones: Barcelona: Máximo Banguera; Pedro Pablo Velasco, Xavier Arreaga, Gabriel Marques y Mario Pineida; Oswaldo Minda (Segundo Castillo), Matías Oyola, Ely Esterilla (Christian Alemán) y Washington Vera (Erick Castillo); Marcos Caicedo y Christian Suárez. DT: Guillermo Almada. El Nacional: Adrián Bone; Marco Montaño, Javier Quiñónez, Franklin Guerra y Aníbal Chalá; Michael Chalá, Pedro Larrea (Rinson López), Christian Cordero (Manuel Balda) y Christian Lara (Daniel Samaniego); Felipe Mejía y Michael Estrada.", "external_links": [], "published": "2016-10-01T10:42:00.000+03:00", "crawled": "2016-10-01T08:56:23.888+03:00", "highlightTitle": ""}