{"organizations": [], "uuid": "764625482538bc9a70d12c0d9093caaa415720aa", "thread": {"social": {"gplus": {"shares": 1}, "pinterest": {"shares": 0}, "vk": {"shares": 0}, "linkedin": {"shares": 0}, "facebook": {"likes": 43, "shares": 43, "comments": 0}, "stumbledupon": {"shares": 0}}, "site_full": "futbol.as.com", "main_image": "http://as00.epimg.net/futbol/imagenes/2016/10/03/primera/1475502216_849074_1475502504_doscolumnas_normal.jpg", "site_section": "", "section_title": "", "url": "http://futbol.as.com/futbol/2016/10/03/primera/1475502216_849074.html", "country": "ES", "domain_rank": 888, "title": "ATLÉTICO DE MADRID Unas 17.100 personas participaron en el homenaje al Calderón - AS.com", "performance_score": 0, "site": "as.com", "participants_count": 0, "title_full": "ATLÉTICO DE MADRID Unas 17.100 personas participaron en el homenaje al Calderón - AS.com", "spam_score": 0.2, "site_type": "news", "published": "2016-10-03T08:00:00.000+03:00", "replies_count": 0, "uuid": "764625482538bc9a70d12c0d9093caaa415720aa"}, "author": "F.J.D Az Seguir", "url": "http://futbol.as.com/futbol/2016/10/03/primera/1475502216_849074.html", "ord_in_thread": 0, "title": "ATLÉTICO DE MADRID Unas 17.100 personas participaron en el homenaje al Calderón - AS.com", "locations": [], "entities": {"persons": [], "locations": [], "organizations": []}, "highlightText": "", "language": "spanish", "persons": [], "text": "3 octubre 2016 16:05h CEST \nUnos 17.100 aficionados del Atlético se han pasado este fin de semana por el estadio Vicente Calderón para celebrar el 50 cumpleaños del estadio rojiblanco. El club decidió hacer una jornada de puertas abiertas para su afición y el resultado ha sido bastante positivo en todos los sentidos. Los aficionados del Atlético disfrutaron de lo lindo haciéndose fotos con los 19 trofeos oficiales conquistados en los 50 años que ha jugado el Atlético en el Calderón. Pero hubo mucho más, visitas al palco, al vestuario del equipo rojiblanco, al banquillo donde se sientan las estrellas del Atlético. Y también los aficionados pudieron ver una exposición fotográfica con algunos de los mejores momentos vividos en el Calderón. ", "external_links": [], "published": "2016-10-03T08:00:00.000+03:00", "crawled": "2016-10-03T23:14:24.646+03:00", "highlightTitle": ""}