{"organizations": [], "uuid": "c0d09d00831937dcb8dd9c1df02e868454fa48f7", "thread": {"social": {"gplus": {"shares": 0}, "pinterest": {"shares": 0}, "vk": {"shares": 0}, "linkedin": {"shares": 0}, "facebook": {"likes": 0, "shares": 0, "comments": 0}, "stumbledupon": {"shares": 0}}, "site_full": "ecodiario.eleconomista.es", "main_image": "http://s03.s3c.es/imag3/logos/economista/bg-ee-facebook.jpg", "site_section": "", "section_title": "", "url": "http://ecodiario.eleconomista.es/politica/noticias/7863171/10/16/Susana-Diaz-interviene-para-pedir-que-se-vote-el-informe-del-Comite-de-Garantias-que-propone-una-gestora.html", "country": "US", "domain_rank": 3233, "title": "Susana Díaz interviene para pedir que se vote el informe del Comité de Garantías que propone una gestora - EcoDiario.es", "performance_score": 0, "site": "eleconomista.es", "participants_count": 0, "title_full": "Susana Díaz interviene para pedir que se vote el informe del Comité de Garantías que propone una gestora - EcoDiario.es", "spam_score": 0.07, "site_type": "news", "published": "2016-10-02T00:13:00.000+03:00", "replies_count": 0, "uuid": "c0d09d00831937dcb8dd9c1df02e868454fa48f7"}, "author": "", "url": "http://ecodiario.eleconomista.es/politica/noticias/7863171/10/16/Susana-Diaz-interviene-para-pedir-que-se-vote-el-informe-del-Comite-de-Garantias-que-propone-una-gestora.html", "ord_in_thread": 0, "title": "Susana Díaz interviene para pedir que se vote el informe del Comité de Garantías que propone una gestora - EcoDiario.es", "locations": [], "entities": {"persons": [], "locations": [], "organizations": []}, "highlightText": "", "language": "spanish", "persons": [], "text": "Susana Díaz interviene para pedir que se vote el informe del Comité de Garantías que propone una gestora 1/10/2016 - 16:13 Enlaces relacionados La Comisión de Garantías se reunirá mañana después del Comité Federal (30/09) \nLa presidenta de la Junta de Andalucía y secretaria general del PSOE-A, Susana Díaz, ha intervenido este sábado en el Comité Federal del PSOE para pedir que se vote el informe de tres de los cinco miembros de la Comisión de Garantías que propone la constitución de una comisión gestora, informaron a Europa Press en fuentes socialistas. \nMADRID, 1 (EUROPA PRESS) \nSusana Díaz hizo un llamamiento a la calma entre sus compañeros y planteó que en el Comité Federal de hoy o bien se vota el citado informe que defiende una gestora o que se espere a que la Comisión de Garantías se reúna oficialmente y emita otro dictamen. \nLas mismas fuentes reconocen que el ambiente en el interior del cónclave es \"muy tenso\" y que ha habido varias intervenciones espontáneas de algunos de los asistentes, lo que habrían motivado la intervención de la líder de los socialistas andaluces. \nTras la intervención de la presidenta andaluza, el sector oficialista propuso votar la celebración de un congreso extraordinario mediante una votación de carácter secreta, con la participación de los miembros de la Ejecutiva en funciones. Alrededor de la 16.00 horas de la tarde se produjo un nuevo receso y la reunión se suspendió. Enlaces relacionados ", "external_links": [], "published": "2016-10-02T00:13:00.000+03:00", "crawled": "2016-10-02T04:16:15.165+03:00", "highlightTitle": ""}