{"organizations": [], "uuid": "4a5fa19c918f8c4be809de49b526f8ff165598c6", "thread": {"social": {"gplus": {"shares": 0}, "pinterest": {"shares": 0}, "vk": {"shares": 0}, "linkedin": {"shares": 0}, "facebook": {"likes": 0, "shares": 0, "comments": 0}, "stumbledupon": {"shares": 0}}, "site_full": "www.eluniversal.com.mx", "main_image": "http://www.eluniversal.com.mx/sites/default/files/2016/10/02/nota_programas_de_estudio.jpg", "site_section": "", "section_title": "", "url": "http://www.eluniversal.com.mx/articulo/metropoli/cdmx/2016/10/2/proponen-que-cdmx-pueda-certificar-programas-de-estudio-para", "country": "US", "domain_rank": 2974, "title": "Proponen que CDMX pueda certificar programas de estudio para adultos", "performance_score": 0, "site": "eluniversal.com.mx", "participants_count": 0, "title_full": "Proponen que CDMX pueda certificar programas de estudio para adultos", "spam_score": 0.2, "site_type": "news", "published": "2016-10-03T12:20:00.000+03:00", "replies_count": 0, "uuid": "4a5fa19c918f8c4be809de49b526f8ff165598c6"}, "author": "", "url": "http://www.eluniversal.com.mx/articulo/metropoli/cdmx/2016/10/2/proponen-que-cdmx-pueda-certificar-programas-de-estudio-para", "ord_in_thread": 0, "title": "Proponen que CDMX pueda certificar programas de estudio para adultos", "locations": [], "entities": {"persons": [], "locations": [], "organizations": []}, "highlightText": "", "language": "spanish", "persons": [], "text": "INICIO // Metrópoli // CDMX // Proponen que CDMX pueda certificar programas de estudio para adultos Proponen que CDMX pueda certificar programas de estudio para adultos La bancada perredista en la Asamblea Legislativa propuso reformas y adiciones para que la Secretaría de Educación local coordine y certifique programas de alfabetización El PRD propone que los certificados tengan validez oficial en toda la República (Foto: Archivo/El Universal) 02/10/2016 - A + A \nLa Secretaría de Educación de la Ciudad de México podría tener la facultad de certificar los programas de estudio de alfabetización y de nivel básico para adultos, en coordinación con el gobierno federal . \nAsí lo dio a conocer el líder de la bancada perredista en la Asamblea Legislativa , Leonel Luna , al proponer reformas y adiciones a la Ley Orgánica de la Administración Pública y a la Ley de Educación local para impulsar a la población adulta a continuar sus estudios. \nDijo que entre las reformas está que la dependencia local coordine y certifique los programas de educación para adultos, alfabetización, indígena y especial, en coordinación con el gobierno federal . \nAdemás sugiere garantizar que los adultos que hayan concluido sus estudios de alfabetización, primaria y secundaria, tengan sus certificados con validez oficial en toda la República. \n\"Es entendible que actualmente no se certifiquen dichos estudios ya que conforme a la naturaleza del antes llamado Distrito Federal no se podía expedir el documento que acreditara los estudios de educación básica\". \nLuna Estrada refirió que en la Ciudad de México las instituciones educativas que se han ocupado de atender a la población en rezago educativo han sido el Instituto Nacional de Educación Para Adultos ( INEA ), desde 1981, y Educación Básica para Personas Jóvenes y Adultas ( CEDEX ), ambas pertenecientes al ámbito Federal. \n“El resultado de su trabajo es importante, pero insuficiente ante la demanda que existe en esta megalópolis”, aseguró el perredista. \nEl INEGI publicó la Encuesta Intercensal 2015 que precisa que un millón 512 mil 988 personas de 15 años o más, se encuentran en rezago educativo, de las cuales 105 mil 155 son analfabetas, 382 mil 242 no tienen la primaria concluida y un millón 25 mil 521no han terminado la secundaria, es decir un 30% del total de este grupo de edad. \nDe este total, un 39.6% son mujeres, lo que denota la falta de oportunidades para este sector, mientras que el grupo de edad con mayor rezago se encuentra en las personas de 45 a 64 años. \n", "external_links": [], "published": "2016-10-03T12:20:00.000+03:00", "crawled": "2016-10-03T07:20:12.061+03:00", "highlightTitle": ""}