{"organizations": [], "uuid": "dc70e114fa8dd17428f250f583deee5fb233f8fd", "thread": {"social": {"gplus": {"shares": 0}, "pinterest": {"shares": 0}, "vk": {"shares": 0}, "linkedin": {"shares": 2}, "facebook": {"likes": 33, "shares": 33, "comments": 3}, "stumbledupon": {"shares": 0}}, "site_full": "www.lapatilla.com", "main_image": "http://www.lapatilla.com/site/wp-content/uploads/2016/10-02/Picasso.jpg", "site_section": "http://lapatilla.com/site/?feed=rss2", "section_title": "LaPatilla.com", "url": "http://www.lapatilla.com/site/2016/10/02/los-271-trabajos-de-pablo-picasso-que-permanecieron-ocultos-mas-de-40-anos/", "country": "EU", "domain_rank": 1008, "title": "Los 271 trabajos de Pablo Picasso que permanecieron ocultos más de 40 años", "performance_score": 0, "site": "lapatilla.com", "participants_count": 1, "title_full": "Los 271 trabajos de Pablo Picasso que permanecieron ocultos más de 40 años", "spam_score": 0.0, "site_type": "news", "published": "2016-10-03T02:03:00.000+03:00", "replies_count": 0, "uuid": "dc70e114fa8dd17428f250f583deee5fb233f8fd"}, "author": "Vanessa Rodrìiguez", "url": "http://www.lapatilla.com/site/2016/10/02/los-271-trabajos-de-pablo-picasso-que-permanecieron-ocultos-mas-de-40-anos/", "ord_in_thread": 0, "title": "Los 271 trabajos de Pablo Picasso que permanecieron ocultos más de 40 años", "locations": [], "entities": {"persons": [], "locations": [], "organizations": []}, "highlightText": "", "language": "spanish", "persons": [], "text": "Los 271 trabajos de Pablo Picasso que permanecieron ocultos más de 40 años Oct 2, 2016 2:03 pm Publicado en: Curiosidades , Titulares \nLa familia Le Guennec ocultó una caja que contenía trabajos de Pablo Picasso que databan entre 1900 y 1930, y aún es un misterio cómo esas obras llegaron a su poder. \nLa pareja de ancianos, que asegura que recibió el regalo entre 1971 y 1972, fue condenada a dos años de prisión por robo, pero la sentencia aún no está firme y ellos apelaron la decisión. \nEl misterio de las obras de Picasso (CBS) \nLa hija del pintor fallecido en 1973, Maya, aseguró que su padre era un hombre caritativo pero que no hacía ese tipo de obsequios: “Él daba plata o ropa, pero obras de arte, jamás”. \nPor su parte, Pierre Le Guennec, quien ofició de electricista de Picasso durante algunos años, insistió que fue un presente del pintor y argumentó que sino fuera por él “la caja hubiese terminado en la chimenea”. \nLos 271 trabajos, entre los que se destacan 6 bocetos, 28 litografías y 9 collages cubistas, fueron valuados en 100 millones de dólares y actualmente descansan en el Banco de Francia, a la espera de ser liberados para poder lucirse en un museo. Loading...", "external_links": [], "published": "2016-10-03T02:03:00.000+03:00", "crawled": "2016-10-02T21:10:04.189+03:00", "highlightTitle": ""}