{"organizations": [], "uuid": "ad65a0e6797d1c25945105622af9277e30aa9254", "thread": {"social": {"gplus": {"shares": 0}, "pinterest": {"shares": 0}, "vk": {"shares": 0}, "linkedin": {"shares": 0}, "facebook": {"likes": 0, "shares": 0, "comments": 0}, "stumbledupon": {"shares": 0}}, "site_full": "ecodiario.eleconomista.es", "main_image": "http://s03.s3c.es/imag3/logos/economista/bg-ee-facebook.jpg", "site_section": "", "section_title": "", "url": "http://ecodiario.eleconomista.es/espana/noticias/7863001/10/16/La-pelea-entre-el-alcalde-pedaneo-de-Otanes-y-su-antecesor-a-juicio-el-viernes.html", "country": "ES", "domain_rank": 3233, "title": "La pelea entre el alcalde pedáneo de Otañes y su antecesor, a juicio el viernes - EcoDiario.es", "performance_score": 0, "site": "eleconomista.es", "participants_count": 0, "title_full": "La pelea entre el alcalde pedáneo de Otañes y su antecesor, a juicio el viernes - EcoDiario.es", "spam_score": 0.2, "site_type": "news", "published": "2016-10-01T21:40:00.000+03:00", "replies_count": 0, "uuid": "ad65a0e6797d1c25945105622af9277e30aa9254"}, "author": "", "url": "http://ecodiario.eleconomista.es/espana/noticias/7863001/10/16/La-pelea-entre-el-alcalde-pedaneo-de-Otanes-y-su-antecesor-a-juicio-el-viernes.html", "ord_in_thread": 0, "title": "La pelea entre el alcalde pedáneo de Otañes y su antecesor, a juicio el viernes - EcoDiario.es", "locations": [], "entities": {"persons": [], "locations": [], "organizations": []}, "highlightText": "", "language": "spanish", "persons": [], "text": "La pelea entre el alcalde pedáneo de Otañes y su antecesor, a juicio el viernes 1/10/2016 - 13:40 Cantabria Enlaces relacionados Expertos debatirán en el I Congreso Empleo de Hogar para que España se adhiera al convenio de la OIT (30/09) \nEl juicio por la pelea entre el presidente de la Junta Vecinal de Otañés, Santiago Berriolópez, y su antecesor en el cargo, Francisco González, se celebrará el próximo viernes, 7 de octubre, a las 11.30 horas, en la Sección Tercera de la Audiencia Provincial de Cantabria. \nSANTANDER, 1 (EUROPA PRESS) \nLos hechos tuvieron lugar en agosto de 2011 en un bar de Otañes cuando González pidió explicaciones a Berriolópez sobre \"los rumores vertidos a los vecinos sobre su actuación\" al frente de la Junta Vecinal, según indica el escrito del fiscal. \nEn ese momento se produjo un \"cruce de palabras fuertes\" y González agarró por el brazo a Berriolópez y le empujó fuertemente, a lo que el actual pedáneo respondió pegándole en la cara dos veces, cayendo al suelo, y al levantarse fue nuevamente agredido. \nEl fiscal considera los hechos un delito de lesiones atribuido al presidente de la Junta Vecinal y una falta de lesiones, cometida por su antecesor. Por eso, pide una pena de un año y nueve meses para el primero y multa de 720 euros para el segundo. \nAdemás, el presidente de la Junta Vecinal deberá indemnizar, si la petición fiscal prospera, con 9.200 euros a González, que permaneció dos días en el hospital y cerca de cuatro meses de baja. Enlaces relacionados ", "external_links": [], "published": "2016-10-01T21:40:00.000+03:00", "crawled": "2016-10-02T04:16:50.010+03:00", "highlightTitle": ""}