{"organizations": [], "uuid": "c8bd00ce9e1d4cc6137114d0cd8e09d7d8d15c41", "thread": {"social": {"gplus": {"shares": 0}, "pinterest": {"shares": 0}, "vk": {"shares": 0}, "linkedin": {"shares": 1}, "facebook": {"likes": 12, "shares": 12, "comments": 58}, "stumbledupon": {"shares": 0}}, "site_full": "www.infobae.com", "main_image": "http://www.infobae.com/resizer/?op=resize&url=https%3a%2f%2fs3.amazonaws.com%2farc-wordpress-client-uploads%2finfobae-wp%2fwp-content%2fuploads%2f2016%2f09%2f26222946%2fprimer-debate-presidencial-eeuu-trump-1920-5.jpg&mode=crop&w=1200&q=75&token=bar", "site_section": "http://www.infobae.com/feeds/rss/sites/america/", "section_title": "Infobae.com", "url": "http://www.infobae.com/america/eeuu/2016/10/02/donald-trump-podria-haber-evitado-el-pago-de-impuestos-por-18-anos-segun-the-new-york-times/", "country": "US", "domain_rank": 1441, "title": "Donald Trump podría haber evitado el pago de impuestos por 18 años, según The New York Times", "performance_score": 0, "site": "infobae.com", "participants_count": 0, "title_full": "Donald Trump podría haber evitado el pago de impuestos por 18 años, según The New York Times", "spam_score": 0.0, "site_type": "news", "published": "2016-10-02T16:21:00.000+03:00", "replies_count": 0, "uuid": "c8bd00ce9e1d4cc6137114d0cd8e09d7d8d15c41"}, "author": "", "url": "http://www.infobae.com/america/eeuu/2016/10/02/donald-trump-podria-haber-evitado-el-pago-de-impuestos-por-18-anos-segun-the-new-york-times/", "ord_in_thread": 0, "title": "Donald Trump podría haber evitado el pago de impuestos por 18 años, según The New York Times", "locations": [], "entities": {"persons": [], "locations": [], "organizations": []}, "highlightText": "", "language": "spanish", "persons": [], "text": "EEUU Donald Trump podría haber evitado el pago de impuestos por 18 años, según The New York Times El diario informó que el candidato republicano declaró en 1995 “pérdidas de 916 millones de dólares”. Esto podría haberle permitido reducir legalmente el pago de 50 millones por año hasta 2013. Hasta ahora Trump siempre se negó a hacer públicas sus declaraciones de ingresos   (AFP) El candidato republicano a la Casa Blanca Donald Trump podría haber evitado de manera legal pagar sus impuestos durante cerca de 20 años , al haber declarado pérdidas de 916 millones de dólares en 1995 , publicó este sábado el periódico The New York Times. El tema de los impuestos del magnate del sector inmobiliario es primordial y a la vez muy sensible. Trump siempre se negó a hacer públicas sus declaraciones de ingresos , un gesto que tradicionalmente hacen los candidatos -su rival demócrata Hillary Clinton lo hizo- a la Presidencia de Estados Unidos con el fin de mostrar transparencia. The New York Times informó que a través de una fuente anónima accedió a la declaración fiscal de Trump de 1995. Y afirmó que \"declaró pérdidas de 916 millones de dólares\". Si bien se desconocen sus ingresos tributables de los años siguientes, esta suma podría haberle permitido reducir legalmente 50 millones de dólares de sus ingresos tributables por año \"durante 18 años\", es decir hasta 2013 . Las pérdidas abismales de Trump se podrían explicar , según el Times , por sus fracasos en el mundo de los casinos de Atlantic City, en la costa este de Estados Unidos, el sector hotelero y el transporte aéreo. Uno de los hoteles de Trump en Washington El candidato fue consultado sobre el artículo de The New York Times , pero no respondió. Su equipo de campaña publicó un comunicado que no hace mención a los 916 millones de dólares de pérdidas pero asegura que Trump es un \"hombre de negocios talentoso\" que \"no paga más impuestos de lo que exige la ley\". La campaña de Trump acusó a The New York Times de ser \"una extensión de la campaña de Clinton , del partido demócrata y de sus intereses específicos\". Poco después, la candidata demócrata intervino sobre el tema con un comunicado difundido a través de Twitter. \"\"Aparentemente pudo evadir el pagar impuestos por casi dos décadas, mientras decenas de millones de familias trabajadoras pagaron los suyos\"\", escribió. \"Aparentemente pudo evadir el pagar impuestos por casi dos décadas, mientras decenas de millones de familias trabajadoras pagaron los suyos\" pic.twitter.com/YrY25aitkM \n— Hillary en español (@Hillary_esp) October 2, 2016 LEA MÁS:", "external_links": [], "published": "2016-10-02T16:21:00.000+03:00", "crawled": "2016-10-02T11:36:54.304+03:00", "highlightTitle": ""}