{"organizations": [], "uuid": "74d532b23c8d324909247cd6edc01a1004a156e3", "thread": {"social": {"gplus": {"shares": 0}, "pinterest": {"shares": 0}, "vk": {"shares": 0}, "linkedin": {"shares": 0}, "facebook": {"likes": 0, "shares": 0, "comments": 0}, "stumbledupon": {"shares": 0}}, "site_full": "www.elcomercio.com", "main_image": "http://www.elcomercio.com/files/og_thumbnail/uploads/2016/09/30/57eea25f51346.jpeg", "site_section": "http://www.elcomercio.com/rss/tendencias", "section_title": "Tendencias", "url": "http://www.elcomercio.com/tendencias/elciudadanoilustre-candidata-argentina-oscar-goya.html", "country": "", "domain_rank": 1793, "title": "'El Ciudadano Ilustre' representará a Argentina en premios Oscar y Goya", "performance_score": 0, "site": "elcomercio.com", "participants_count": 1, "title_full": "'El Ciudadano Ilustre' representará a Argentina en premios Oscar y Goya", "spam_score": 0.0, "site_type": "news", "published": "2016-10-01T01:36:00.000+03:00", "replies_count": 0, "uuid": "74d532b23c8d324909247cd6edc01a1004a156e3"}, "author": "Agencia AFP", "url": "http://www.elcomercio.com/tendencias/elciudadanoilustre-candidata-argentina-oscar-goya.html", "ord_in_thread": 0, "title": "'El Ciudadano Ilustre' representará a Argentina en premios Oscar y Goya", "locations": [], "entities": {"persons": [], "locations": [], "organizations": []}, "highlightText": "", "language": "spanish", "persons": [], "text": "30   12:36 'El Ciudadano Ilustre' representará a Argentina en premios Oscar y Goya 54 'El Ciudadano Ilustre', una pintura de los males de la sociedad argentina, fue elegida el viernes 30   como precandidata para competir en los premios Oscar. Foto: Captura. Compartir Contento 0 Agencia AFP La película 'El Ciudadano Ilustre' , una despiadada pintura de los males de la sociedad argentina, fue elegida el viernes 30   como precandidata para competir en los premios Oscar y Goya, informó la Academia de las Artes y de las Ciencias Cinematográficas de Argentina (Aacca) . Los miembros de la Aacca favorecieron al filme codirigido por Gastón Duprat y Mariano Cohn sobre su principal adversaria, 'Gilda', de Lorena Muñoz, una biopic de una cantante popular 'bailantera' argentina fallecida en un accidente carretero en 1996. “Ser seleccionados es un primer paso. Está buenísimo, pero es sólo el comienzo de un camino” , dijo Duprat en rueda de prensa. Un centenar de realizaciones integra la primera selección de la Academia de Hollywood hasta definir las finalistas del Oscar al mejor filme en idioma no inglés para la ceremonia de febrero de 2017. Los Goya de la Academia de cine de España también se entregarán en 2017.'El Ciudadano Ilustre' ganó el premio del jurado joven en el último Festival de Venecia . Su protagonista, Óscar Martínez , ganó la Copa Volpi al mejor actor. Junto con 'Gilda', ocupan desde hace varias semanas puestos de vanguardia en la taquilla argentina. El filme narra un tragicómico episodio en la vida de Daniel Mantovani , primer escritor argentino que gana el Premio Nobel de Literatura que tanto se le negó a un grande de las letras como Jorge Luis Borges (1899-1986) . “Esto es un halago pero es sólo el puntapié inicial de un largo proceso” , dijo Martínez al canal TN. Mantovani, un soltero y huraño que vive desde hace 40 años en Europa , decide volver a su pequeño pueblo natal en la provincia de Buenos Aires invitado a un homenaje como personalidad destacada. Pero la felicidad del reencuentro se convierte rápidamente en una pesadilla para el literato que a los 20 años había escapado de ese mundo que despreciaba. Vuelve a abrirse un abismo entre sus ideas y modales con los de la gente del pueblo. Traviesos y transgresores, los directores integran una dupla que no deja títere con cabeza. Aluden sin anestesia a lo peor de las costumbres políticas, sociales, familiares y culturales de Argentina . “Es una autocrítica de la argentinidad. Un espejo para vernos sin autocompasión, sin trampas” , había declarado Duprat a la AFP . El guión es de Andrés Duprat , hermano de Gastón y director del Museo de Bellas Artes de Buenos Aires. Martínez dijo a la AFP que es una “terrible historia sobre el fanatismo , el chauvinismo, el 'cholulismo' estúpido (adoración de los famosos), la ignorancia colectiva, la mediocridad, el sometimiento humillante y la resignación”. En 'El Ciudadano Ilustre' desfilan con humor corrosivo el alcalde oportunista, la exnovia e infeliz esposa, el productor rural enriquecido y feroz, el brutal presidente de la sociedad de pintores, los jóvenes sin esperanza, un prostíbulo que todos conocen y del que no se habla y otras atrocidades. Video: YouTube, cuenta: Buena Vista International Latinoamérica", "external_links": [], "published": "2016-10-01T01:36:00.000+03:00", "crawled": "2016-10-01T01:15:07.685+03:00", "highlightTitle": ""}