{"organizations": [], "uuid": "60f6f1743071a6fd1dfa9f0f63f6872290d7edf7", "thread": {"social": {"gplus": {"shares": 0}, "pinterest": {"shares": 0}, "vk": {"shares": 0}, "linkedin": {"shares": 0}, "facebook": {"likes": 0, "shares": 0, "comments": 0}, "stumbledupon": {"shares": 0}}, "site_full": "www.excelsior.com.mx", "main_image": "http://www.excelsior.com.mx/media/styles/cuadrada_og/public/pictures/2016/10/01/1531434.jpg", "site_section": "http://www.excelsior.com.mx/rss.xml", "section_title": "Excélsior - RSS", "url": "http://www.excelsior.com.mx/adrenalina/2016/10/01/1120068", "country": "MX", "domain_rank": 7500, "title": "Fabián y el Eintracht pierden invicto por gol tempranero | Excélsior", "performance_score": 0, "site": "excelsior.com.mx", "participants_count": 1, "title_full": "Fabián y el Eintracht pierden invicto por gol tempranero | Excélsior", "spam_score": 0.0, "site_type": "news", "published": "2016-10-01T03:00:00.000+03:00", "replies_count": 0, "uuid": "60f6f1743071a6fd1dfa9f0f63f6872290d7edf7"}, "author": "Redacción", "url": "http://www.excelsior.com.mx/adrenalina/2016/10/01/1120068", "ord_in_thread": 0, "title": "Fabián y el Eintracht pierden invicto por gol tempranero | Excélsior", "locations": [], "entities": {"persons": [], "locations": [], "organizations": []}, "highlightText": "", "language": "spanish", "persons": [], "text": "/Related Nota--> CIUDAD DE MÉXICO.\nEl Eintracht Frankfurt , donde milita el mexicano Marco Fabián , cayó por la mínima en su visita al estadio del Friburgo en duelo correspondiente de la jornada 6 de la Bundesliga. El jalisciense jugó los 90 minutos. \nEn el amanecer del encuentro, el equipo del Friburgo se puso al frente con un gol de Vincenzo Grifo al minuto 4 , tras un grave error defensivo. El delantero alemán recibió un balón dentro del área grande y luego recortó al defensor contrario para lanzar un fuerte disparo y vencer al portero Lukas Hradecky.\n\nEl cuadro del mexicano se fue al frente en busca del gol del empate, pero el jugador jalisciense tuvo una oportunidad solo que no pudo concretar por un buen cruce del defensa del Friburgo. En los instantes finales del primer tiempo, Fabián fue amonestado por una fuerte entrada. \nLa segunda mitad del encuentro resultó ser un duelo parejo en el que el equipo local no dejó tener muchas llegadas al Eintracht.\nPara el equipo del mexicano el marcador no se movió, así terminó el partido y la racha de partidos invictos de la escuadra de Frankfurt.\ndbp", "external_links": [], "published": "2016-10-01T03:00:00.000+03:00", "crawled": "2016-10-02T00:07:09.114+03:00", "highlightTitle": ""}