{"organizations": [], "uuid": "940e4fc6222b093feb729e14e3d763951cc24606", "thread": {"social": {"gplus": {"shares": 0}, "pinterest": {"shares": 0}, "vk": {"shares": 0}, "linkedin": {"shares": 0}, "facebook": {"likes": 0, "shares": 0, "comments": 0}, "stumbledupon": {"shares": 0}}, "site_full": "www.wittyfeed.com", "main_image": "https://og.wittyfeed.com/30829/ctgtyj7wthf1ow53kabk.jpeg", "site_section": "", "section_title": "", "url": "https://www.wittyfeed.com/story/30829/alimentos-para-cuidar-el-cabello", "country": "US", "domain_rank": 132, "title": "Los mejores 12 alimentos naturales que puedes usar para optimizar el cuidado de tu cabello", "performance_score": 0, "site": "wittyfeed.com", "participants_count": 0, "title_full": "Los mejores 12 alimentos naturales que puedes usar para optimizar el cuidado de tu cabello", "spam_score": 0.043, "site_type": "news", "published": "2016-09-29T21:51:00.000+03:00", "replies_count": 0, "uuid": "940e4fc6222b093feb729e14e3d763951cc24606"}, "author": "Noah Reaver", "url": "https://www.wittyfeed.com/story/30829/alimentos-para-cuidar-el-cabello", "ord_in_thread": 0, "title": "Los mejores 12 alimentos naturales que puedes usar para optimizar el cuidado de tu cabello", "locations": [], "entities": {"persons": [], "locations": [], "organizations": []}, "highlightText": "", "language": "spanish", "persons": [], "text": "IN Health & Fitness ON 30 Sep, 2016 Los mejores 12 alimentos naturales que puedes usar para optimizar el cuidado de tu cabello El cuidado del cabello es una cuestión de salud, pero sobre todo una cuestión de estética. Una melena sana, brillante y suave es símbolo de un buen estilo de vida. En este artículo encontrarás qué alimentos naturales debes consumir que te ayudarán a cuidar tu pelo, y sabrás cuáles de sus componentes tienen efectos sobre él. La mejor parte es que hablaremos de productos que encontrarás en tu casa, así que no deberás gastar dinero en cosméticos, químicos ni productos de belleza. \nSíguenos en nuestra página de facebook de Wittyfeed en español: @ingenioViral Sponsored Los mejores 12 alimentos naturales que puedes usar para optimizar el cuidado de tu cabello 754 396 \nAyudan a combatir la sequedad y el mal estado: mezcla un plátano triturado con aceite de oliva, de coco, yemas de huevo o leche, y colócalo en el pelo. Luego de media hora, enjuaga con agua tibia. #2 Aceite de oliva \nDa brillo, humedad, e impide el 'frizz': puedes mezclarlo con ajo, huevos o leche. #3 Bicarbonato de sodio \nCombatir el pelo graso, dando un look sano y limpio: mezcla un poco de polvo de bicarbonato de sodio con agua hasta formar una pasta espesa, o agrégalo a tu shampoo favorito. Repite dos veces al mes. #4 Miel \nPropiedades hidratantes, contra el pelo reseco y dañado por el sol: puede usarse solo o mezclado con aceite de oliva. Si quieres aún mejores resultados, agrega yema de huevo. #5 Cerveza \nPara mejorar el aspecto de los rulos, o si tu cabello es fino y débil: con una botella de cerveza rubia puedes comenzar. #6 Limón \nPara deshacerte del pelo graso y la picazón del cuero cabelludo: puedes usar sólo su jugo, o mezclarlo con aceite de oliva para mejores resultados. Pero no realices tratamientos a base de cítricos con demasiada frecuencia. Sponsored \nSolución para pelo seco y dañado, porque brindan proteínas, grasas y ácido láctico: aplica alguno de esos productos y déjalos actuar por 20 minutos. #8 Aceite de coco \nContiene grasas esenciales, minerales, potasio y hierro, para un cabello brillante y fuerte: aplica el aceite sobre tu cabeza y déjalo por al menos una hora, aunque los resultados son mejores después de una noche entera. #9 Aguacate \nContiene grasas saludables, ayuda a reparar pelo dañado: masajea tu cabello con una mitad triturada, déjalo actuar por 15 minutos y enjuaga con agua tibia. #10 Ajo \nAumenta el crecimiento del pelo: mezcla dos dientes de ajo triturados con aceite de oliva o coco, hiérvelo y cuando se enfríe aplícalo en tu cabeza con movimientos suaves. Enjuaga luego de 15 minutos. #11 Cebolla \nContiene vitaminas y es un antibiótico natural, sirve para hacer tu cabello espeso y largo: dos veces por semana utiliza jugo de cebolla sobre tu cuerpo cabelludo y déjalo actuar por 15 minutos. #12 Huevos \nMejorar el aspecto de cualquier tipo de pelo: puedes utilizar la clara, la yema, o ambas, gracias a su contenido protéico y graso. \nSi te gustó, ¡no olvides compartir y comentar! Don't Forget To Watch This Video Loved this? Spread it out then ", "external_links": [], "published": "2016-09-29T21:51:00.000+03:00", "crawled": "2016-10-03T19:39:38.083+03:00", "highlightTitle": ""}