{"organizations": [], "uuid": "48e086c2edc5087e71c88dc15cf2d283abdac2d4", "thread": {"social": {"gplus": {"shares": 0}, "pinterest": {"shares": 0}, "vk": {"shares": 0}, "linkedin": {"shares": 0}, "facebook": {"likes": 0, "shares": 0, "comments": 0}, "stumbledupon": {"shares": 0}}, "site_full": "www.meneame.net", "main_image": "https://www.meneame.net/backend/media?type=link&amp;id=2679028&amp;version=0&amp;ts=1475310307&amp;image.jpeg", "site_section": "http://meneame.net//rss?status=queued", "section_title": "Menéame: en cola", "url": "https://www.meneame.net/m/actualidad/no-solo-psoe-asi-esta-siendo-debacle-socialdemocracia-europea", "country": "IE", "domain_rank": 8316, "title": "No es sólo el PSOE: así está siendo la debacle de la socialdemocracia europea", "performance_score": 0, "site": "meneame.net", "participants_count": 1, "title_full": "No es sólo el PSOE: así está siendo la debacle de la socialdemocracia europea", "spam_score": 0.0, "site_type": "news", "published": "2016-10-01T16:22:00.000+03:00", "replies_count": 0, "uuid": "48e086c2edc5087e71c88dc15cf2d283abdac2d4"}, "author": "doctoragridulce", "url": "https://www.meneame.net/m/actualidad/no-solo-psoe-asi-esta-siendo-debacle-socialdemocracia-europea", "ord_in_thread": 0, "title": "No es sólo el PSOE: así está siendo la debacle de la socialdemocracia europea", "locations": [], "entities": {"persons": [], "locations": [], "organizations": []}, "highlightText": "", "language": "spanish", "persons": [], "text": "por doctoragridulce a magnet.xataka.com enviado: ____ Ahora, es Pedro Sánchez quien conduce un bólido socialista al que apenas le queda gasolina y cuya próxima parada será un Comité federal, que determinará el futuro de un PSOE partido por la mitad. Así se resume la historia reciente de un partido socialista, al que ya se le compara con su homólogo griego, el PASOK. De hecho, tal y como se puede ver en el siguiente gráfico, España y Grecia eran a principios de los 90, los principales referentes de la socialdemocracia en Europa. Un puesto, que 26 años más tarde, han relegado ambos hasta la última.", "external_links": [], "published": "2016-10-01T16:22:00.000+03:00", "crawled": "2016-10-01T11:35:10.052+03:00", "highlightTitle": ""}