{"organizations": [], "uuid": "bd26b991b16cdbda3cf34e46e26d7a444b46b105", "thread": {"social": {"gplus": {"shares": 0}, "pinterest": {"shares": 0}, "vk": {"shares": 0}, "linkedin": {"shares": 0}, "facebook": {"likes": 0, "shares": 0, "comments": 0}, "stumbledupon": {"shares": 0}}, "site_full": "www.biobiochile.cl", "main_image": "http://media.biobiochile.cl/wp-content/uploads/2016/09/resumen1-730x350.jpg", "site_section": "", "section_title": "", "url": "http://www.biobiochile.cl/noticias/economia/negocios-y-empresas/2016/09/29/miles-de-asistentes-se-esperan-para-el-ultimo-dia-de-food-service-2016.shtml", "country": "CL", "domain_rank": 759, "title": "Miles de asistentes se esperan para el último día de Food & Service 2016", "performance_score": 0, "site": "biobiochile.cl", "participants_count": 0, "title_full": "Miles de asistentes se esperan para el último día de Food & Service 2016", "spam_score": 0.158, "site_type": "news", "published": "2016-09-29T17:19:00.000+03:00", "replies_count": 0, "uuid": "bd26b991b16cdbda3cf34e46e26d7a444b46b105"}, "author": "Biobiochile - La Red De Prensa M S Grande De Chile.", "url": "http://www.biobiochile.cl/noticias/economia/negocios-y-empresas/2016/09/29/miles-de-asistentes-se-esperan-para-el-ultimo-dia-de-food-service-2016.shtml", "ord_in_thread": 0, "title": "Miles de asistentes se esperan para el último día de Food & Service 2016", "locations": [], "entities": {"persons": [], "locations": [], "organizations": []}, "highlightText": "", "language": "spanish", "persons": [], "text": "Miles de asistentes se esperan para el último día de Food & Service 2016 0 Visitas Max Duhalde \nHoy es el último día de la sexta versión de Food & Service 2016 . En su segunda jornada, la Feria de la Industria Alimentaria más importante del país, registró más de 8 mil asistentes , de los cuales el 70% son profesionales del rubro . Con estoy y hasta la fecha, cerca de 17 mil personas han sido partícipe del evento. \nLas puertas nuevamente se abren antes del medio día en Espacio Riesco, para recibir al público especializado, quienes podrán ver los nuevos avances de la industria, como aparatos tecnológicos, innovación al servicio, lanzamiento de nuevas máquinas, tecnología extranjera, competencias gastronómicas y muestras de alimentos. \nLos 660 stand que dan vida a la segunda feria más importante en Sudamérica, pretende recibir a los últimos asistentes de la sexta versión de Food & Service 2016. El evento está programado que finalice alrededor de las 18.00 horas \nRevive la segunda jornada de Food & Service 2016 en las siguientes imágenes Fotografía profesional: Francisco Beroiza | BBCL GALERÍA DE IMÁGENES | Haz clic para ampliar ", "external_links": [], "published": "2016-09-29T17:19:00.000+03:00", "crawled": "2016-10-01T05:35:48.557+03:00", "highlightTitle": ""}