{"organizations": [], "uuid": "fb394b619d207c8528f2cc09eebe58241bf6b86f", "thread": {"social": {"gplus": {"shares": 0}, "pinterest": {"shares": 0}, "vk": {"shares": 0}, "linkedin": {"shares": 0}, "facebook": {"likes": 0, "shares": 0, "comments": 0}, "stumbledupon": {"shares": 0}}, "site_full": "depor.com", "main_image": "http://cde.3.depor.pe/ima/0/0/3/6/4/364490.jpg", "site_section": "http://depor.pe//feed", "section_title": "Depor", "url": "http://depor.com/full-deportes/ufc-nick-diaz-fumo-marihuana-junto-rapero-snoop-dogg-1081344", "country": "PE", "domain_rank": 8164, "title": "UFC: Nick Diaz fumó marihuana junto a rapero Snoop Dogg", "performance_score": 0, "site": "depor.com", "participants_count": 0, "title_full": "UFC: Nick Diaz fumó marihuana junto a rapero Snoop Dogg", "spam_score": 0.0, "site_type": "news", "published": "2016-10-02T04:51:00.000+03:00", "replies_count": 0, "uuid": "fb394b619d207c8528f2cc09eebe58241bf6b86f"}, "author": "", "url": "http://depor.com/full-deportes/ufc-nick-diaz-fumo-marihuana-junto-rapero-snoop-dogg-1081344", "ord_in_thread": 0, "title": "UFC: Nick Diaz fumó marihuana junto a rapero Snoop Dogg", "locations": [], "entities": {"persons": [], "locations": [], "organizations": []}, "highlightText": "", "language": "spanish", "persons": [], "text": "► ¿Quién debería ser la próxima rival de Cris Cyborg en la UFC ? ( ENCUESTA ) \nAhí, Nick Diaz no dudó en fumar marihuana junto al rapero. El peso wélter (77 kilos) continuó con su campaña por Estados Unidos en favor de la hierba, pero esta vez hizo pública su afición en una estudio de grabación. \nNo es la primera vez que Nick Diaz aparece fumando marihuana en público. Ha sido capturado tres veces por el uso de marihuana en período de competencia, lo cual está prohibido por la Comisión Atlética de Nevada. \nOjo que la última vez que el expeleador de UFC estuvo en acción fue contra Anderson Silva en enero de 2015. El brasileño tuvo la mejor parte, pero luego fue capturado en el dopaje y el combate terminó sin resultado. \nLEE TAMBIÉN …", "external_links": [], "published": "2016-10-02T04:51:00.000+03:00", "crawled": "2016-10-02T00:04:53.108+03:00", "highlightTitle": ""}