{"organizations": [], "uuid": "c5d40fe9ee3558bd568bee6c395e1f911edc7e76", "thread": {"social": {"gplus": {"shares": 0}, "pinterest": {"shares": 0}, "vk": {"shares": 0}, "linkedin": {"shares": 0}, "facebook": {"likes": 0, "shares": 0, "comments": 0}, "stumbledupon": {"shares": 0}}, "site_full": "ecodiario.eleconomista.es", "main_image": "http://s03.s3c.es/imag/efe/2016/10/01/600x400_20161001-12186339w.jpg", "site_section": "", "section_title": "", "url": "http://ecodiario.eleconomista.es/politica/noticias/7862948/10/16/Nuevo-receso-del-Comite-Federal-a-los-pocos-minutos-de-constituirse.html", "country": "US", "domain_rank": 3233, "title": "Nuevo receso del Comité Federal a los pocos minutos de constituirse - EcoDiario.es", "performance_score": 0, "site": "eleconomista.es", "participants_count": 0, "title_full": "Nuevo receso del Comité Federal a los pocos minutos de constituirse - EcoDiario.es", "spam_score": 0.172, "site_type": "news", "published": "2016-10-01T08:00:00.000+03:00", "replies_count": 0, "uuid": "c5d40fe9ee3558bd568bee6c395e1f911edc7e76"}, "author": "", "url": "http://ecodiario.eleconomista.es/politica/noticias/7862948/10/16/Nuevo-receso-del-Comite-Federal-a-los-pocos-minutos-de-constituirse.html", "ord_in_thread": 0, "title": "Nuevo receso del Comité Federal a los pocos minutos de constituirse - EcoDiario.es", "locations": [], "entities": {"persons": [], "locations": [], "organizations": []}, "highlightText": "", "language": "spanish", "persons": [], "text": "Nuevo receso del Comité Federal a los pocos minutos de constituirse 1/10/2016 - 13:06 El Comité Federal sigue sin constituirse tres horas después de lo previsto (1/10) \nMadrid, 1 oct (EFE).- El Comité Federal del PSOE ha sufrido un receso a los pocos minutos de constituirse, con 253 miembros, y tras cuatro horas sin haber podido empezar debido a las diferencias sobre la mesa y el orden del día de la reunión de este órgano. \nFuentes socialistas han confirmado que nada más constituirse, por fin, el Comité, se ha producido este receso, debido a que se mantienen las discrepancias sobre el orden del día a debatir. Enlaces relacionados ", "external_links": [], "published": "2016-10-01T08:00:00.000+03:00", "crawled": "2016-10-02T04:17:15.103+03:00", "highlightTitle": ""}