{"organizations": [], "uuid": "7f959cdb6874d35c90ec6f86a3de0d00df09e21c", "thread": {"social": {"gplus": {"shares": 0}, "pinterest": {"shares": 0}, "vk": {"shares": 0}, "linkedin": {"shares": 0}, "facebook": {"likes": 0, "shares": 0, "comments": 0}, "stumbledupon": {"shares": 0}}, "site_full": "ecodiario.eleconomista.es", "main_image": "http://s03.s3c.es/imag3/logos/economista/bg-ee-facebook.jpg", "site_section": "", "section_title": "", "url": "http://ecodiario.eleconomista.es/espana/noticias/7862265/09/16/Efemerides-4-de-octubre.html", "country": "US", "domain_rank": 3233, "title": "Efemérides 4 de octubre - EcoDiario.es", "performance_score": 0, "site": "eleconomista.es", "participants_count": 0, "title_full": "Efemérides 4 de octubre - EcoDiario.es", "spam_score": 0.2, "site_type": "news", "published": "2016-10-01T06:08:00.000+03:00", "replies_count": 0, "uuid": "7f959cdb6874d35c90ec6f86a3de0d00df09e21c"}, "author": "", "url": "http://ecodiario.eleconomista.es/espana/noticias/7862265/09/16/Efemerides-4-de-octubre.html", "ord_in_thread": 0, "title": "Efemérides 4 de octubre - EcoDiario.es", "locations": [], "entities": {"persons": [], "locations": [], "organizations": []}, "highlightText": "", "language": "spanish", "persons": [], "text": "\nContiene tres sucesos que ocurrieron un 4 de octubre \nSe recomienda usar en un tamaño de 1,85 in x 4,52 in (4,7 cm x 11,47 cm). Enlaces relacionados ", "external_links": [], "published": "2016-10-01T06:08:00.000+03:00", "crawled": "2016-10-02T04:19:18.504+03:00", "highlightTitle": ""}