{"organizations": [], "uuid": "a49b295c31206ab2056be2156ae2c213c0d9e90f", "thread": {"social": {"gplus": {"shares": 0}, "pinterest": {"shares": 0}, "vk": {"shares": 0}, "linkedin": {"shares": 0}, "facebook": {"likes": 0, "shares": 0, "comments": 0}, "stumbledupon": {"shares": 0}}, "site_full": "www.telecinco.es", "main_image": "http://telecincostatic-a.akamaihd.net/mujeresyhombres/2016/octubre/03-10-2016/Programa_online-todos_los_programas_Myh_MDSVID20161003_0084_17.jpg", "site_section": "http://www.telecinco.es//rss/", "section_title": "Telecinco - Telecinco", "url": "http://www.telecinco.es/mujeresyhombres/2016/octubre/03-10-2016/Programa_online-todos_los_programas_Myh_2_2253855084.html", "country": "ES", "domain_rank": 2957, "title": "Lunes (03/10/2016)", "performance_score": 0, "site": "telecinco.es", "participants_count": 0, "title_full": "Lunes (03/10/2016)", "spam_score": 0.0, "site_type": "news", "published": "2016-10-03T20:32:00.000+03:00", "replies_count": 0, "uuid": "a49b295c31206ab2056be2156ae2c213c0d9e90f"}, "author": "", "url": "http://www.telecinco.es/mujeresyhombres/2016/octubre/03-10-2016/Programa_online-todos_los_programas_Myh_2_2253855084.html", "ord_in_thread": 0, "title": "Lunes (03/10/2016)", "locations": [], "entities": {"persons": [], "locations": [], "organizations": []}, "highlightText": "", "language": "spanish", "persons": [], "text": "¡Ya está aquí el disco del verano! Con los hits que suenan en nuestro programa. Los grandes éxitos del momento ¡más de 40 temazos! Escúchalo en la playa , en la piscina ¡o en tus fiestas nocturnas! BLOG Twitter, Facebook y viceversa \n¿No tienes suficiente con lo que ves en la tele? ¿Cada día a las 14.30 te quedas con ganas de más? #MYHYV tiene una intensa actividad en las redes sociales y aquí estoy yo para rastrearla y contártelo todo. Así no te perderás las fotos más provocadoras, las conversaciones más intensas, los enfados más sonados...", "external_links": [], "published": "2016-10-03T20:32:00.000+03:00", "crawled": "2016-10-03T16:01:48.572+03:00", "highlightTitle": ""}