{"organizations": [], "uuid": "9ed94a45e71a4585e57f15b970f41bde251dcf4a", "thread": {"social": {"gplus": {"shares": 0}, "pinterest": {"shares": 0}, "vk": {"shares": 0}, "linkedin": {"shares": 0}, "facebook": {"likes": 0, "shares": 0, "comments": 0}, "stumbledupon": {"shares": 0}}, "site_full": "ecodiario.eleconomista.es", "main_image": "http://s03.s3c.es/imag3/logos/economista/bg-ee-facebook.jpg", "site_section": "", "section_title": "", "url": "http://ecodiario.eleconomista.es/espana/noticias/7862742/10/16/Plena-inclusion-celebra-el-aniversario-de-su-cambio-de-marca-regalando-NADA.html", "country": "US", "domain_rank": 3233, "title": "'Plena inclusión' celebra el aniversario de su cambio de marca, regalando 'NADA' - EcoDiario.es", "performance_score": 0, "site": "eleconomista.es", "participants_count": 0, "title_full": "'Plena inclusión' celebra el aniversario de su cambio de marca, regalando 'NADA' - EcoDiario.es", "spam_score": 0.006, "site_type": "news", "published": "2016-10-01T18:39:00.000+03:00", "replies_count": 0, "uuid": "9ed94a45e71a4585e57f15b970f41bde251dcf4a"}, "author": "", "url": "http://ecodiario.eleconomista.es/espana/noticias/7862742/10/16/Plena-inclusion-celebra-el-aniversario-de-su-cambio-de-marca-regalando-NADA.html", "ord_in_thread": 0, "title": "'Plena inclusión' celebra el aniversario de su cambio de marca, regalando 'NADA' - EcoDiario.es", "locations": [], "entities": {"persons": [], "locations": [], "organizations": []}, "highlightText": "", "language": "spanish", "persons": [], "text": "'Plena inclusión' celebra el aniversario de su cambio de marca, regalando 'NADA' 1/10/2016 - 10:39 La Bolsa española cae el 0,19 % y eleva las pérdidas semanales al 0,5 % (30/09) \nEste domingo, 2 de octubre, se cumple un año del cambio de marca del movimiento asociativo FEAPS a Plena inclusión. Conmemorando este aniversario -y con el objetivo de continuar sensibilizando a la sociedad sobre la inclusión de las personas con discapacidad intelectual y sus familias-, Plena inclusión lanza su campaña de sensibilización 'Gracias Por Nada' (#GraciasPorNada). \nLOGROÑO, 01 (EUROPA PRESS) \nLa Federación riojana se suma a esta campaña, que pretende mostrar un agradecimiento a todos aquellos que, aunque aparentemente no hacen nada por la inclusión de estas personas, en realidad están generando un cambio social. \nEsta iniciativa pretende mostrar un agradecimiento a muchos ciudadanos y ciudadanas que \"aparentemente\" no hacen \"nada\" pero que con sus actitudes y comportamientos ante la discapacidad intelectual están generando cambio social. \"Aparentemente\" no hacen \"nada\" por la inclusión de las personas con discapacidad intelectual o del desarrollo pero en realidad, están haciendo mucho: no discriminan, no tienen prejuicios, no miran con recelo, no se comportan de forma diferente... \nLa campaña se compone de diferentes vídeos que desde el pasado día 12 están circulando en redes sociales con la etiqueta #GraciasPorNada. En ellos se combinan varios testimonios de personas con discapacidad intelectual o del desarrollo y sus familias, con cámaras ocultas en las que se puede observar cómo solemos reaccionar de forma positiva cuando nos relacionamos con esas personas en situaciones cotidianas. \nPlena inclusión va a convertir el 2 de octubre en un día de celebración: el 'Día de la plena inclusión'. Como en otros días informales -del padre, de la madre, o de los enamorados-, en este día invitará a toda la ciudadanía a regalar 'Nada' por la plena inclusión. \nPara ello, ha creado la web www.graciaspornada.es, en la que pueden verse y compartirse todos los videos, y enviar un regalo virtual a tus amigos y contactos. Enlaces relacionados ", "external_links": [], "published": "2016-10-01T18:39:00.000+03:00", "crawled": "2016-10-02T04:17:34.017+03:00", "highlightTitle": ""}