{"organizations": [], "uuid": "76a9bb349fde13a837000f4419ce581adfb99a69", "thread": {"social": {"gplus": {"shares": 0}, "pinterest": {"shares": 0}, "vk": {"shares": 0}, "linkedin": {"shares": 0}, "facebook": {"likes": 247, "shares": 247, "comments": 0}, "stumbledupon": {"shares": 0}}, "site_full": "www.elcomercio.com", "main_image": "http://www.elcomercio.com/files/og_thumbnail/uploads/2016/09/30/57ef1d2859991.jpeg", "site_section": "http://www.elcomercio.com/rss/actualidad", "section_title": "Actualidad", "url": "http://www.elcomercio.com/actualidad/precio-crudo-petroleo-barril-wti.html", "country": "", "domain_rank": 1793, "title": "Mes positivo para el precio del crudo", "performance_score": 2, "site": "elcomercio.com", "participants_count": 1, "title_full": "Mes positivo para el precio del crudo", "spam_score": 0.0, "site_type": "news", "published": "2016-10-01T13:00:00.000+03:00", "replies_count": 0, "uuid": "76a9bb349fde13a837000f4419ce581adfb99a69"}, "author": "Agencia AFP", "url": "http://www.elcomercio.com/actualidad/precio-crudo-petroleo-barril-wti.html", "ord_in_thread": 0, "title": "Mes positivo para el precio del crudo", "locations": [], "entities": {"persons": [], "locations": [], "organizations": []}, "highlightText": "", "language": "spanish", "persons": [], "text": "1 de octubre de 2016 00:00 Mes positivo para el precio del crudo Agrandar / Achicar El barril empezó a subir tras el anuncio de la OPEP. Foto: Archivo / EL COMERCIO Compartir Contento 0 Redacción Negocios y AFP (I) Los precios del petróleo terminaron en alza ayer en Nueva York , consolidando sus ganancias luego de que la Organización de Países Exportadores de Petróleo (OPEP) y los mercados vencieran los temores sobre el futuro del Deutsche Bank. El precio del barril de West Texas Intermediate (WTI), que es el referente para el crudo ecuatorian o, ganó ayer 41 centavos. Es decir, llegó a USD 48,24 en el New York Mercantile Exchange (Nymex). “Es la continuación de una semana positiva, de un mes positivo y el impulso es al alza”, explicó Bob Yawger de Mizuho Securities USA. Septiembre empezó con un precio de USD 43,16 para el WTI y se mantuvo alrededor de USD 44 la mayor parte del mes, según cifras del Sistema Nacional de Información (SNI). El promedio de septiembre fue USD 45.El precio del crudo ecuatoriano evolucionó en la misma dirección que el WTI . Hasta la semana pasada promedió USD 36, según el SNI.Analistas de Commerzbank, sin embargo, creen que un mayor repunte de precios es una incógnita, pues hay escepticismo sobre la capacidad de la OPEP para que en noviembre próximo logre repartir su objetivo de producción -entre 32,5 y 33 millones de barriles diarios- entre sus miembros. Otra incógnita es la posición de Rusia , que no es miembro de la OPEP y mantiene una posición ambigua. Este país es uno de los mayores productores mundiales de crudo y este mes alcanzó un nivel récord de más de 11 millones de barriles diarios . “Hablamos de mantener los niveles (de producción), pero saber a qué nivel, está todavía en discusión”, advirtió el ministro ruso de Energía, Alexandre Novak.", "external_links": [], "published": "2016-10-01T13:00:00.000+03:00", "crawled": "2016-10-01T08:08:05.972+03:00", "highlightTitle": ""}