{"organizations": [], "uuid": "5c0a0f220e409260a97dd686b9860d0f62fdb5b9", "thread": {"social": {"gplus": {"shares": 0}, "pinterest": {"shares": 0}, "vk": {"shares": 0}, "linkedin": {"shares": 0}, "facebook": {"likes": 3, "shares": 3, "comments": 0}, "stumbledupon": {"shares": 0}}, "site_full": "www.eluniversal.com", "main_image": "http://cdnmed.eluniversal.com//resources/jpg/0/8/1475438377680.jpg", "site_section": "", "section_title": "", "url": "http://www.eluniversal.com/noticias/sucesos/asesinan-mototaxista-juego-cartas_594486", "country": "US", "domain_rank": 6697, "title": "Asesinan a mototaxista en juego de... - Sucesos | EL UNIVERSAL", "performance_score": 0, "site": "eluniversal.com", "participants_count": 0, "title_full": "Asesinan a mototaxista en juego de... - Sucesos | EL UNIVERSAL", "spam_score": 0.021, "site_type": "news", "published": "2016-10-03T12:10:00.000+03:00", "replies_count": 0, "uuid": "5c0a0f220e409260a97dd686b9860d0f62fdb5b9"}, "author": "Carlos D'Hoy", "url": "http://www.eluniversal.com/noticias/sucesos/asesinan-mototaxista-juego-cartas_594486", "ord_in_thread": 0, "title": "Asesinan a mototaxista en juego de... - Sucesos | EL UNIVERSAL", "locations": [], "entities": {"persons": [], "locations": [], "organizations": []}, "highlightText": "", "language": "spanish", "persons": [], "text": "\nLa familia de Laya ha perdido a dos miembros a manos de la violencia y la inseguridad ciudadana Oswer Díaz 02 de octubre de 2016 15:54 PM Actualizado el 02 de octubre de 2016 16:05 PM PARA COMPARTIR \nAsesinan a mototaxista en juego de cartas \nCaracas.- Grendry Laya de 22 años de edad fue asesinado para robarle su moto en horas de la noche de este sábado en el sector La Línea de Petare. \nLaya se encontraba en compañía de un grupo de amigos jugando cartas, en las inmediaciones de la casa de un familiar, cuando llegaron varios sujetos con la intención de robar a los presentes, al ver a los antisociales, todos huyeron del lugar, pero los reflejos le fallaron a Gendry y le dispararon, una vez en el suelo le quitaron las llaves de la moto y huyeron. \nLaya, quien deja una niña de tres años, trabajaba como mototaxista en la línea Mivepresa, ubicada en las inmediaciones de la panadería Cantaura de la redoma de Petare. \nEl joven malherido fue trasladado hasta el hospital Domingo Luciani de El Llanito, centro al que llegó sin signos vitales. \nFamiliares recuerdan que hace 12 años un hermano de Gendry, quien se llamaba Oswaldo Laya fue asesinado en un intento de robo, Oswaldo tenía 27 años para el momento de su muerte. Era taxista, es el segundo miembro de la familia que cae víctima de la inseguridad ciudadana en la ciudad de Caracas. \nEspacio publicitario ", "external_links": [], "published": "2016-10-03T12:10:00.000+03:00", "crawled": "2016-10-03T07:10:25.760+03:00", "highlightTitle": ""}