{"organizations": [], "uuid": "e1283c7734eb9e60e8b5d339fcb0707cc5329b44", "thread": {"social": {"gplus": {"shares": 0}, "pinterest": {"shares": 0}, "vk": {"shares": 0}, "linkedin": {"shares": 0}, "facebook": {"likes": 0, "shares": 0, "comments": 0}, "stumbledupon": {"shares": 0}}, "site_full": "cnnespanol.cnn.com", "main_image": "https://cnnespanol2.files.wordpress.com/2016/10/161002052502-venezuela-starving-pets-orig-00004202-exlarge-tease.jpg?quality=90&amp;strip=all", "site_section": "", "section_title": "", "url": "http://cnnespanol.cnn.com/2016/10/03/abandonados-las-victimas-de-cuatro-patas-de-la-crisis-economica-de-venezuela/", "country": "US", "domain_rank": 81, "title": "Abandonados: las víctimas de cuatro patas de la crisis económica de Venezuela | CNNEspañol.com", "performance_score": 0, "site": "cnn.com", "participants_count": 0, "title_full": "Abandonados: las víctimas de cuatro patas de la crisis económica de Venezuela | CNNEspañol.com", "spam_score": 0.2, "site_type": "news", "published": "2016-10-04T05:46:00.000+03:00", "replies_count": 0, "uuid": "e1283c7734eb9e60e8b5d339fcb0707cc5329b44"}, "author": "Por", "url": "http://cnnespanol.cnn.com/2016/10/03/abandonados-las-victimas-de-cuatro-patas-de-la-crisis-economica-de-venezuela/", "ord_in_thread": 0, "title": "Abandonados: las víctimas de cuatro patas de la crisis económica de Venezuela | CNNEspañol.com", "locations": [], "entities": {"persons": [], "locations": [], "organizations": []}, "highlightText": "", "language": "spanish", "persons": [], "text": "17:40 ET (21:40 GMT) 3 octubre, 2016 Lo más importante \nLos perros y los gatos a veces son víctimas del momento en que las familias se ajustan el cinturón \nLos amigos de cuatro patas son abandonados por dueños que no pueden encontrar comida para la familia \n(CNN) - Delgados y desesperados, inclusive buscan en la basura sobras de comida. Lucen desaliñados, su caja torácica y sus huesos se marcan a través de la piel. \nEn la calle, dejados a su suerte, se une a otros, intentando desesperadamente sobrevivir en el cruel mundo que los ha dejado atrás. Son las mascotas abandonadas en medio de la crisis en Venezuela. \nLos dueños de mascotas en el país, que enfrentan una recesión económica profunda que continúa fuera de control, no pueden cuidar de sus amados animales. \nCada vez más los venezolanos están luchando para darle de comer a sus propias familias y gracias a una creciente inflación, el dinero para comida de mascota es simplemente es un lujo que pocos pueden afrontar. \nActivistas dicen que el número de animales abandonados se ha incrementado en un 50% en el último año y muchos son dejados solos y terminan en la calle. \nDe acuerdo con la organización de rescate \"Street Puppies\", muchos de esos perros son rescatados y llegan a albergues muriendo de hambre. Activistas de animales dijeron a Osmary Hernández de CNN que ellos están sufriendo el dolor de la crisis económica. \nSobrepoblación \nLos albergues para animales se llenan durante el día, lo que crea problemas. \"Los perros están hambrientos porque hay muchos perros y no importa cuánto esfuerzo le pongas. Traigo todos esos contenedores llenos de comida y no es suficiente\", dijo un activista. \nLos propios venezolanos están sufriendo debido a una severa escasez de alimentos y medicinas, la inflación y el crimen se han disparado y en protestas masivas se ha llamado a un referendo para remover al presidente Nicolás Maduro. \nFamilias en todo el país están luchando para alimentar a los suyos, haciendo filas por horas para intentar comprar comida, pero muchas veces terminan con las manos vacías. En los estantes de los supermercados no hay comida para gato y perro producida en Venezuela. \nMuchas tiendas en Caracas no han recibido comida producida en Venezuela por más de un mes, y las marcas importadas son demasiado caras. \nUna pequeña bolsa para comida de perro, de 1,5 kilogramos, puede costar tanto como un salario mínimo mensual, de 15.000 a 20.000 bolívares (alrededor de 1.500 a 2.000 dólares). Un trabajador dijo a CNN que incluso la bolsa de comida más pequeña cuesta un tercio de eso. \nLos dueños han comenzado a tomar medidas desesperadas, a veces dejando a los animales atados a postes o frente a tiendas de mascotas y clínicas veterinarias. \n\"Perros abandonados han sido dejados aquí, frente a la tienda e inclusive en la puerta de la clínica\", dice Elizabeth Hernández, una trabajadora de una tienda de mascotas en Caracas. \n\"Gracias a Dios, hemos podido hacer contacto con varias fundaciones que están dedicadas a rescatar a esos animales para ponerlos en adopción, pero ha habido muchos, muchos perros y gatitos abandonados\". \nOsmary Hernandez en Caracas, Venezuela y Flora Charner contribuyeron con este reporte. Notas relacionadas ", "external_links": [], "published": "2016-10-04T05:46:00.000+03:00", "crawled": "2016-10-04T00:49:27.166+03:00", "highlightTitle": ""}