{"organizations": [], "uuid": "fe42e1936ac62e8afd6731af7ada4a46899f92a7", "thread": {"social": {"gplus": {"shares": 0}, "pinterest": {"shares": 0}, "vk": {"shares": 0}, "linkedin": {"shares": 0}, "facebook": {"likes": 1, "shares": 1, "comments": 0}, "stumbledupon": {"shares": 0}}, "site_full": "ecoteuve.eleconomista.es", "main_image": "http://s03.s3c.es/imag/efe/2016/10/02/600x400_20161002-12188358w.jpg", "site_section": "http://www.eleconomista.es/rss/rss-ecoteuve.php", "section_title": "elEconomista  Seleccion", "url": "http://ecoteuve.eleconomista.es/ecoteuve/television/noticias/7864252/10/16/El-vino-protagonista-hoy-del-MasterChef-chino-que-se-celebra-en-Navarra.html", "country": "ES", "domain_rank": 3233, "title": "El vino, protagonista hoy del MasterChef chino que se celebra en Navarra", "performance_score": 0, "site": "eleconomista.es", "participants_count": 0, "title_full": "El vino, protagonista hoy del MasterChef chino que se celebra en Navarra", "spam_score": 0.0, "site_type": "news", "published": "2016-10-02T22:18:00.000+03:00", "replies_count": 0, "uuid": "fe42e1936ac62e8afd6731af7ada4a46899f92a7"}, "author": "", "url": "http://ecoteuve.eleconomista.es/ecoteuve/television/noticias/7864252/10/16/El-vino-protagonista-hoy-del-MasterChef-chino-que-se-celebra-en-Navarra.html", "ord_in_thread": 0, "title": "El vino, protagonista hoy del MasterChef chino que se celebra en Navarra", "locations": [], "entities": {"persons": [], "locations": [], "organizations": []}, "highlightText": "", "language": "spanish", "persons": [], "text": "El vino, protagonista hoy del MasterChef chino que se celebra en Navarra 2/10/2016 - 16:18 - \nPamplona, 2 oct (EFE).- El vino es hoy el protagonista de la fase final del programa \"The Real MasterChef\" del canal público chino Guangdong Television, un concurso que tiene una audiencia de más de 250 millones de espectadores y que en esta ocasión se celebra en la Bodega Otazu, ubicada en la localidad navarra de Etxauri. \nDurante la jornada de hoy, los participantes, divididos en equipos, elaborarán el mejor \"ensamblaje\" de vino posible de acuerdo al paladar, en el marco de la denominada Otazu Private Cellar, una actividad que esta bodega navarra reserva habitualmente para sus clientes exclusivos. \nMañana, los concursantes acudirán a un hipermercado de Pamplona para aprovisionarse de productos locales y después serán asesorados en las instalaciones de la bodega por el chef Javier Górriz sobre la forma de prepararlos. \nLa final del MasterChef chino se celebrará el próximo martes en Bodega Otazu, donde los concursantes deberán cocinar tres platos principales con los productos locales, uno de los cuáles tendrá que ser preparado con el vino \"Otazu Private Cellar The Real Master chef\" como ingrediente secreto. Tras mostrar sus creaciones al jurado, se decidirá el ganador. \nDespués de dos finales del concurso celebradas en Tailandia y Dubai, el canal público chino ha elegido en esta ocasión la Bodega Otazu como sede del programa, que congregará a más de 25 personas entre concursantes, jurado y equipo técnico. \nEntre otras personalidades, asistirán a la final los empresarios Sam Ng y Chan Pui Kam; el actor y director de cine Cheung Tat Ming; el chef y vicepresidente de Commanderie Des Cordons Bleus De France, Kwan Chi Chuen; y el director de grabación de MasterChef China, Chen Jielan. Noticias relacionadas", "external_links": [], "published": "2016-10-02T22:18:00.000+03:00", "crawled": "2016-10-02T21:30:45.340+03:00", "highlightTitle": ""}