{"organizations": [], "uuid": "23bf229b6ed3012a69c966a2f9a008a62e2dd032", "thread": {"social": {"gplus": {"shares": 0}, "pinterest": {"shares": 0}, "vk": {"shares": 0}, "linkedin": {"shares": 0}, "facebook": {"likes": 0, "shares": 0, "comments": 0}, "stumbledupon": {"shares": 0}}, "site_full": "ccaa.elpais.com", "main_image": "http://ep00.epimg.net/ccaa/imagenes/2016/10/02/catalunya/1475429437_555331_1475429679_noticia_normal.jpg", "site_section": "http://feeds.feedburner.com/epimg/LtFL", "section_title": "Últimas noticias | EL PAÍS", "url": "http://ccaa.elpais.com/ccaa/2016/10/02/catalunya/1475429437_555331.html", "country": "ES", "domain_rank": 485, "title": "Unió pidió a la banca que le perdonara el 95% de su deuda | Cataluña", "performance_score": 0, "site": "elpais.com", "participants_count": 1, "title_full": "Unió pidió a la banca que le perdonara el 95% de su deuda | Cataluña | EL PAÍS", "spam_score": 0.0, "site_type": "news", "published": "2016-10-03T08:05:00.000+03:00", "replies_count": 0, "uuid": "23bf229b6ed3012a69c966a2f9a008a62e2dd032"}, "author": "Lluís Pellicer", "url": "http://ccaa.elpais.com/ccaa/2016/10/02/catalunya/1475429437_555331.html", "ord_in_thread": 0, "title": "Unió pidió a la banca que le perdonara el 95% de su deuda | Cataluña", "locations": [], "entities": {"persons": [], "locations": [], "organizations": []}, "highlightText": "", "language": "spanish", "persons": [], "text": "Unió Democràtica de Catalunya (UDC) pidió a la banca acreedora que le perdonara el 95% de su deuda ante la amenaza de verse abocada al concurso de acreedores. Según explicaron varias fuentes financieras, las entidades rechazaron la propuesta de los democristianos, que el 1 de septiembre tuvieron que acabar solicitando al juez el concurso voluntario. Fuentes del partido declinaron hablar de las negociaciones y aseguraron que la formación seguirá siendo “proactiva” en la construcción de una “alternativa política” al Ejecutivo catalán.\nTras quedarse sin representación en el Parlamento catalán y en el Congreso de los Diputados y experimentar una fuga de militantes tras su ruptura con la antigua Convergència Democràtica de Catalunya, Unió tuvo que plantear un preconcurso de acreedores para negociar con su deuda con la banca. Esta asciende a 22,5 millones de euros, de los cuales 19,3 corresponde a hipotecas y préstamos con entidades financieras.\nEspadaler: “Solo el nacionalismo centrado puede dar respuestas” Unió Democràtica de Catalunya sostiene que el concurso de acreedores no pone fin al proyecto de los democristianos. “Un partido político es mucho más que un aparato administrativo o que un NIF. Es, por encima de todo, la agregación de voluntades para defender en el seno de las instituciones una idea de país y de sociedad”, aseguró el secretario general de la formación, Ramon Espadaler, en una carta a la militancia.\nAyer mismo, Espadaler defendió en el Alderdi Eguna del Partido Nacionalista Vasco (PNV) que “el nacionalismo centrado es el único capaz de dar respuestas reales y llegar a acuerdos”, en referencia a la reciente victoria de la lista encabezada por Íñigo Urkullu.\nFuentes del partido recordaron que el consejo del partido pidió que Unió cree una alternativa que englobe “voluntades y acentos diferentes” sobre el “denominador común del catalanismo y la centralidad política”, entre los que, consideran, el suyo es “imprescindible”.\nEse mecanismo dio un margen de tres meses a Unió para pactar con los bancos. Según los documentos de esas negociaciones a los que ha tenido acceso este diario, la formación democristiana que dirige Ramon Espadaler tenía deudas contraídas con siete entidades financieras: La Caixa, Banco Santander, BBVA —que heredó los préstamos de la antigua CatalunyaCaixa—, KutxaBank, Banco Popular, Banco Sabadell e Ibercaja.\nVarias fuentes de la negociación explicaron que UDC, asesorada por el despacho de abogados Roca Junyent, pidió a los bancos que aplicaran una quita —una condonación— del 95% de la deuda financiera. Estas fuentes sostuvieron que la formación pidió, en una segunda propuesta, un plazo de diez años para devolver la deuda, dejando para el final de ese periodo el pago del capital principal.\nSegún estas fuentes, los bancos crearon un comité para examinar la propuesta que les remitieron los abogados de Unió Democràtica. Sin embargo, decidieron rechazarla. Según fuentes de la negociación, primero, porque la caída de afiliados y la pérdida de representación parlamentaria no garantizaba los ingresos necesarios para levantar el vuelo. Al debatir la propuesta, además, las entidades concluyeron que el momento de malestar social tampoco permitía condonar esa deuda. A cambio, la banca acreedora ofreció al partido refinanciar toda la deuda con unos intereses de Euríbor y un diferencial de dos puntos.\nPortazo de la banca El pasado 29 de julio, las entidades financieras dieron el no definitivo a UDC, lo cual la abocó al concurso de acreedores. El partido lo pidió de for ma voluntaria el pasado 1 de septiembre. A partir de ahora, cualquier decisión económica deberá pasar por el administrador concursal nombrado por el juez, que ha recaído en un abogado de la consultora Deloitte. La formación democristiana, que cuenta con una plantilla de 16 personas, deberá empezar a confeccionar ahora una propuesta de convenio si quiere evitar la liquidación. Aun así, tiene tiempo, puesto que fuentes del partido recuerdan que el concurso aún no ha sido publicado en el BOE.\nArchivado en: UDC Ramon Espadaler Concurso acreedores Suspensión pagos Cataluña Partidos políticos Empresas España Política Economía Vídeos Newsletters", "external_links": [], "published": "2016-10-03T08:05:00.000+03:00", "crawled": "2016-10-03T01:30:23.061+03:00", "highlightTitle": ""}