{"organizations": [], "uuid": "708907f874a86a4d0db20fba646869bc4211e712", "thread": {"social": {"gplus": {"shares": 0}, "pinterest": {"shares": 0}, "vk": {"shares": 0}, "linkedin": {"shares": 0}, "facebook": {"likes": 3, "shares": 3, "comments": 0}, "stumbledupon": {"shares": 0}}, "site_full": "www.marca.com", "main_image": "http://e00-marca.uecdn.es/assets/multimedia/imagenes/2016/09/30/14752625967551.jpg", "site_section": "http://rss.marca.com/rss/descarga.htm?data2=425", "section_title": "Portada // marca", "url": "http://www.marca.com/futbol/liga-francesa/2016/09/30/57eeb89e46163fc0448b4628.html", "country": "ES", "domain_rank": 504, "title": "Jesé sigue fuera de la lista de Emery", "performance_score": 0, "site": "marca.com", "participants_count": 1, "title_full": "Jesé sigue fuera de la lista de Emery", "spam_score": 0.0, "site_type": "news", "published": "2016-10-01T03:10:00.000+03:00", "replies_count": 0, "uuid": "708907f874a86a4d0db20fba646869bc4211e712"}, "author": "marca.com", "url": "http://www.marca.com/futbol/liga-francesa/2016/09/30/57eeb89e46163fc0448b4628.html", "ord_in_thread": 0, "title": "Jesé sigue fuera de la lista de Emery", "locations": [], "entities": {"persons": [], "locations": [], "organizations": []}, "highlightText": "", "language": "spanish", "persons": [], "text": "Liga Francesa El técnico del PSG si ha incluido a Ben Arfa tras cinco partidos sin ser convocado Jesé sigue fuera de la lista de Emery Compartido Actualizado 30/09/2016 21:10 CET \nE l entrenador del PSG, Unai Emery, ha vuelto a dejar fuera de la lista de convocados para el partido ante el Burdeos al exmadridista Jesé , que ya se quedó fuera en la última lista de la Champions en la que consiguió la victoria ante el Ludogorets (1-3). \nEl atacante español sigue, en principio, con las molestias que le impidieron estar en el partido europeo , igual que le ocurre a Pastore y Kimpembe . Vuelve Ben arfa \nEl que sí estará ante el Burdeos será Ben Arfa , quien vuelve a formar parte de la lista de 18 convocados de Emery tras cinco partidos en los que el de Hondarribia no contó con el atacante. \nEl PSG buscará en el encuentro de este sábado su quinta victoria en ocho partidos e intentará alcanzar los primeros puestos de la clasificación de la Liga francesa, ya que en este momento es cuarto con 13 puntos , por detrás del líder Niza -17 puntos-, Mónaco -16 puntos- y Toulouse -14 puntos-. Lista completa: \nConvocados : AREOLA Alphonse, AUGUSTIN Jean-Kévin, BEN ARFA Hatem, CAVANI Edinson, DI MARIA Angel, IKONE Nanitamo Jonathan, KRYCHOWIAK Grzegorz, KURZAWA Layvin, LUCAS \nMARQUINHOS, MATUIDI Blaise, MAXWELL, MEUNIER Thomas, RABIOT Adrien, THIAGO MOTTA, THIAGO SILVA, TRAPP Kevin, VERRATTI Marco. \nNo convocados: AURIER Serge, DESCAMPS Rémy, JESE, KIMPEMBE Presnel, NKUNKU Christopher, PASTORE Javier, ONGENDA Hervin. Temas Relacionados", "external_links": [], "published": "2016-10-01T03:10:00.000+03:00", "crawled": "2016-10-01T08:00:03.488+03:00", "highlightTitle": ""}