{"organizations": [], "uuid": "fe9da4df75e8719212c87ac0a334c7240b84681b", "thread": {"social": {"gplus": {"shares": 0}, "pinterest": {"shares": 0}, "vk": {"shares": 0}, "linkedin": {"shares": 0}, "facebook": {"likes": 11, "shares": 11, "comments": 0}, "stumbledupon": {"shares": 0}}, "site_full": "www.eluniverso.com", "main_image": "http://www.eluniverso.com/sites/all/themes/eluniverso/images/eu-imagen-redes.jpg", "site_section": "http://www.eluniverso.com/rss/gran-guayaquil.xml", "section_title": "ELUNIVERSO.COM - Gran Guayaquil", "url": "http://www.eluniverso.com/noticias/2016/10/03/nota/5834998/juegos-antano-barrio-sur-urbe", "country": "US", "domain_rank": 1753, "title": "Juegos de antaño en barrio del sur de Guayaquil", "performance_score": 0, "site": "eluniverso.com", "participants_count": 0, "title_full": "Juegos de antaño en barrio del sur de Guayaquil", "spam_score": 0.0, "site_type": "news", "published": "2016-10-03T13:00:00.000+03:00", "replies_count": 0, "uuid": "fe9da4df75e8719212c87ac0a334c7240b84681b"}, "author": "", "url": "http://www.eluniverso.com/noticias/2016/10/03/nota/5834998/juegos-antano-barrio-sur-urbe", "ord_in_thread": 0, "title": "Juegos de antaño en barrio del sur de Guayaquil", "locations": [], "entities": {"persons": [], "locations": [], "organizations": []}, "highlightText": "", "language": "spanish", "persons": [], "text": "  Juegos de antaño en barrio del sur de Guayaquil \nUna jornada recreativa vivieron ayer los moradores del barrio Cuba, como parte de los festejos octubrinos por los 196 años de independencia, que se multiplican esta semana en diferentes sectores de la urbe. \nMiguel Luna y otros vecinos organizaron un campeonato de índor para niños y adolescentes del sector. El torneo tuvo dos categorías, de hasta 15 años y menores de 13. \nLa calle, con banderines albicelestes y bordillos pintados fue la cancha, en cuyos alrededores se aglomeraron los padres de los jugadores para hacerles barra con aplausos y gritos. \nLuego de los partidos de índor que se disputaron entre una decena de equipos se realizó un festival con juegos de antaño como los ensacados, la carrera de la cuchara con el huevo, trompo y otras distracciones. \n“La idea es que estas cosas no se pierdan”, citó Luna. (I)", "external_links": [], "published": "2016-10-03T13:00:00.000+03:00", "crawled": "2016-10-03T20:17:37.361+03:00", "highlightTitle": ""}