{"organizations": [], "uuid": "4c8d098e8f9e62d26437277011b3e7ba115b57d0", "thread": {"social": {"gplus": {"shares": 0}, "pinterest": {"shares": 0}, "vk": {"shares": 0}, "linkedin": {"shares": 0}, "facebook": {"likes": 4, "shares": 4, "comments": 0}, "stumbledupon": {"shares": 0}}, "site_full": "www.lavozdegalicia.es", "main_image": "http://www.lavozdegalicia.es/sc/x/default/2016/10/03/00121475503622542224745/Foto/efe_20161003_114824718.jpg", "site_section": "http://feeds.feedburner.com/lavozdegalicia/nzFP", "section_title": "Noticias de Portada", "url": "http://www.lavozdegalicia.es/noticia/internacional/2016/10/03/tsipras-critica-ministro-proteccion-ciudadana-usar-gases-lacrimogenos-contra-jubilados/00031475503357846245772.htm?utm_source=feedburner&utm_medium=feed&utm_campaign=Feed%3A+lavozdegalicia%2FnzFP+%28La+Voz+de+Galicia+%7C+Portada%29", "country": "US", "domain_rank": 6128, "title": "Tsipras critica a su ministro de Protección Ciudadana por usar gases lacrimógenos contra unos jubilados", "performance_score": 0, "site": "lavozdegalicia.es", "participants_count": 0, "title_full": "Tsipras critica a su ministro de Protección Ciudadana por usar gases lacrimógenos contra unos jubilados", "spam_score": 0.0, "site_type": "news", "published": "2016-10-03T22:09:00.000+03:00", "replies_count": 0, "uuid": "9f90083137054fd259056787cbfae61c17491b94"}, "author": "", "url": "http://www.lavozdegalicia.es/noticia/internacional/2016/10/03/tsipras-critica-ministro-proteccion-ciudadana-usar-gases-lacrimogenos-contra-jubilados/00031475503357846245772.htm", "ord_in_thread": 0, "title": "Tsipras critica a su ministro de Protección Ciudadana por usar gases lacrimógenos contra unos jubilados", "locations": [], "entities": {"persons": [], "locations": [], "organizations": []}, "highlightText": "", "language": "spanish", "persons": [], "text": "Internacional Imagen: YANNIS KOLESIDIS | Efe Tsipras critica a su ministro de Protección Ciudadana por usar gases lacrimógenos contra unos jubilados La policía lanzó gases contra un grupo de manifestantes que se quejaban de los recortes de sus pensiones Facebook 0 La Voz de Galicia Agencias / La Voz 03/10/2016 16:09 \nEl primer ministro griego, Alexis Tsipras , comunicó su disgusto al ministro adjunto de Protección Ciudadana, Nikos Toskas, por la disolución de una manifestación de jubilados por la Policía griega este lunes en Atenas mediante gases lacrimógenos, cuyo uso a partir de ahora quedará prohibido. La Policía lanzó estos gases contra la protesta cuando un grupo de manifestantes jubilados, que se quejaban de los recortes de sus pensiones \nTsipras llamó a Toskas para pedirle que el uso de gases para contener manifestaciones no violentas no se vuelva a producir \n«¿Como es posible que tenga que pagar el mismo impuesto que un empresario rico?» \nMientras estaba en la oposición el izquierdista Syriza", "external_links": [], "published": "2016-10-03T22:09:00.000+03:00", "crawled": "2016-10-03T17:22:02.786+03:00", "highlightTitle": ""}