{"organizations": [], "uuid": "5c4cd16d0d629df953f0feb45e3d25cde35b8d7c", "thread": {"social": {"gplus": {"shares": 1}, "pinterest": {"shares": 0}, "vk": {"shares": 0}, "linkedin": {"shares": 0}, "facebook": {"likes": 11, "shares": 11, "comments": 0}, "stumbledupon": {"shares": 0}}, "site_full": "literatura.about.com", "main_image": "http://f.tqn.com/y/literatura/1/S/l/2/-/-/464434879-crop.jpg", "site_section": "http://z.about.com/6/o/m/literatura_p2.xml", "section_title": "About.com Literatura: Most Popular Articles", "url": "http://literatura.about.com/od/DonQuijote/fl/Quien-es-Cide-Hamete-Benengeli.htm", "country": "US", "domain_rank": 238, "title": "¿Quién es Cide Hamete Benengeli?", "performance_score": 0, "site": "about.com", "participants_count": 0, "title_full": "¿Quién es Cide Hamete Benengeli?", "spam_score": 0.0, "site_type": "news", "published": "2016-10-03T19:39:00.000+03:00", "replies_count": 0, "uuid": "5c4cd16d0d629df953f0feb45e3d25cde35b8d7c"}, "author": "", "url": "http://literatura.about.com/od/DonQuijote/fl/Quien-es-Cide-Hamete-Benengeli.htm", "ord_in_thread": 0, "title": "¿Quién es Cide Hamete Benengeli?", "locations": [], "entities": {"persons": [], "locations": [], "organizations": []}, "highlightText": "", "language": "spanish", "persons": [], "text": "¿Quién es Cide Hamete Benengeli? ¿Es el autor de 'Don Quijote' u otro juego de metaficción de Cervantes? Heritage Images/Hulton Archive/Getty Images Share Por Crystal Harlan \nEn Don Quijote , Miguel de Cervantes añade otra capa de ficción a su obra maestra, diciendo que él es sólo el editor del texto y que el autor original es el arábigo Cide Hamete Benengeli. Según cuenta Cervantes, estando un día en Toledo se encontró con un muchacho que estaba vendiendo un manuscrito en árabe. Cervantes compró el texto y lo llevó a un \"morisco aljamiado\" (que lee árabe y castellano) para que lo tradujera. \nLa voz de Cervantes interrumpe el hilo argumental para hacer comentarios sobre el texto original y su autor Cide Hamete Benengeli en varias ocasiones, a lo largo de la obra. Estos fragmentos a continuación muestran cómo Cervantes crea un juego de metaficción con este autor ficticio. \nEn el capítulo 9 de la primera parte , el narrador dice: \n\"Si a ésta se le puede poner alguna objeción cerca de su verdad, no podrá ser otra sino haber sido su autor arábigo, siendo muy propio de los de aquella nación ser mentirosos [...]\" . \nEn la segunda parte, capítulo 2 , Sancho le cuenta a don Quijote que llegó al pueblo el bachiller Sansón Carrasco y que que estaba leyendo El ingenioso hidalgo don Quijote de la Mancha , libro que relata sus historias, por lo que Sancho se pregunta cómo el autor las puede saber. Ésta es la conversación que sigue. \n— Yo te aseguro, Sancho —dijo don Quijote—, que debe de ser algún sabio encantador el autor de nuestra historia; que a los tales no se les encubre nada de lo que quieren escribir. \n—Y ¡como —dijo Sancho—si era sabio y encantador, pues (según dice el bachiller Sansón Carrasco, que así se llama el que dicho tengo) que el autor de la historia se llama Cide Hamete Berenjena! \n—Ese nombre es de moro —respondió don Quijote. \n—Así será —respondió Sancho—; porque por la mayor parte he oído decir que los moros son amigos de berenjenas. \n—Tú debes, Sancho —dijo don Quijote—, errarte en el sobrenombre de ese Cide, que en arábigo quiere decir señor.", "external_links": [], "published": "2016-10-03T19:39:00.000+03:00", "crawled": "2016-10-04T01:22:02.943+03:00", "highlightTitle": ""}