{"organizations": [], "uuid": "aa1614178702d63618f120456c7b89e71cc73a20", "thread": {"social": {"gplus": {"shares": 0}, "pinterest": {"shares": 0}, "vk": {"shares": 0}, "linkedin": {"shares": 0}, "facebook": {"likes": 0, "shares": 0, "comments": 0}, "stumbledupon": {"shares": 0}}, "site_full": "elestimulo.com", "main_image": "http://elestimulo.com/climax/wp-content/uploads/sites/2/2016/09/portada-alicia-machado-piggy.jpg", "site_section": "", "section_title": "", "url": "http://elestimulo.com/climax/la-venganza-de-alicia-o-miss-piggy/", "country": "US", "domain_rank": 7450, "title": "La venganza de Alicia o “MISS PIGGY”", "performance_score": 0, "site": "elestimulo.com", "participants_count": 0, "title_full": "La venganza de Alicia o “MISS PIGGY”", "spam_score": 0.2, "site_type": "news", "published": "2016-09-30T19:24:00.000+03:00", "replies_count": 0, "uuid": "aa1614178702d63618f120456c7b89e71cc73a20"}, "author": "Toto Aguerrevere", "url": "http://elestimulo.com/climax/la-venganza-de-alicia-o-miss-piggy/", "ord_in_thread": 0, "title": "La venganza de Alicia o “MISS PIGGY”", "locations": [], "entities": {"persons": [], "locations": [], "organizations": []}, "highlightText": "", "language": "spanish", "persons": [], "text": "Alicia Machado | Donald Trump | Hillary Clinton | Miss Piggy | Miss Universo | \nAlicia Machado lo había advertido, más de una vez conminó a la prensa y a la comunidad internacional. Que sí, que Donald Trump es un patán y, sin embargo, nadie la escuchó —quizá porque sus curvas pasadas de peso y grasa pudieron más que la conciencia ciudadana. Hoy, la ex miss sigue brillando en todas partes \nC orría el año 1996. En una cálida noche de mayo en Las Vegas se celebraba el cuadragésimo quinto concurso de Miss Universo. El número exacto: 79 delegadas del mundo entero se habían concentrado en el teatro Aladdin. Diez de ellas habían sido escogidas como semifinalistas en el certamen. La última en ser nombrada de este grupo, había maravillado a los jueces con sus cándidas respuestas en el segmento de entrevistas, también se había tongoneado como nunca antes lo había hecho una Miss en traje de baño, además lució regia en un vestido azul que terminó de darle el primer lugar en la competencia. \nColada entre las tres finalistas, se preparó para escuchar del traductor la pregunta final: “¿Qué pueden aprender los hombres de las mujeres?” Con su melena batida y personalidad chispeante, la delegada muchacha respondió: “Yo considero que muchísimas cosas. Porque gracias a nosotras, los hombres están aquí y están en este momento en este teatro, aplaudiéndome a mí que soy una mujer y me aplauden porque estoy en un concurso de belleza”. \nAlicia Machado de Venezuela se coronó esa noche como la mujer más bella del universo en un teatro lleno de hombres que la aplaudieron a rabiar. Uno de esos hombres era el dueño del concurso: Donald Trump. \nVeinte años después, Trump había dejado atrás su pasión por las mujeres bellas para concentrarse en su nueva ocupación: insultar a todos en su camino hacia la presidencia de los Estados Unidos. Su carisma, franqueza y devoción por mentir para conquistar espacios le dieron pie para apoderarse de las encuestas como el favorito, a tal punto que ni consideró necesario prepararse para un debate contra la candidata demócrata Hillary Clinton. \nPoco podía imaginar el magnate que la señora Clinton le recordaría una muchacha que conoció veinte años atrás llamada Alicia Machado. A tan solo segundos de culminar el debate, la señora Clinton dijo: “Una de las peores cosas que ha dicho fue sobre una mujer en un concurso de belleza (…) a la cual llamó ‘Miss Cerdita’. Luego la llamó ‘Miss Empleada Doméstica’ solo por ser latina. Donald, ella tiene un nombre. Su nombre es Alicia Machado. Se ha convertido en ciudadana de Estados Unidos y puedes apostar que va a votar en noviembre”. \nDonald Trump quedó boquiabierto. Por su cabeza seguramente pasaron recuerdos de imágenes que hoy han dado la vuelta al mundo. Alicia Machado, pasada de peso y vestida con ropa de ejercicios, posa humillada junto a él en un gimnasio frente a una multitud de reporteros que evidenció la rutina que él mismo había ordenado porque consideraba que ella estaba demasiado gorda como para continuar con la corona. \nEn su memoria debe haber estado su insistencia de hacer de la gordura de Machado una estrategia publicitaria para un concurso en decadencia que él buscaba revivir. Tan cierto es esto, que la pregunta final en el Miss Estados Unidos 1997, concurso que también pertenecía a Trump en ese momento y celebrado meses después del incidente fue: “Miss Universo ha sido objeto del escrutinio de la prensa últimamente por su apariencia física. ¿Si esto le sucediera a usted cómo lo manejaría?” \nTodos sabemos cómo lo manejó Alicia Machado. La mujer más bella del universo en 1996 tiene veinte años diciendo que Donald Trump es un soberano patán. Y ahora es que le venimos a creer. Relacionados ", "external_links": [], "published": "2016-09-30T19:24:00.000+03:00", "crawled": "2016-10-03T06:58:47.955+03:00", "highlightTitle": ""}