{"organizations": [], "uuid": "d2ef7c2a13abd5f992b642e2a1723aaa7c579477", "thread": {"social": {"gplus": {"shares": 1}, "pinterest": {"shares": 0}, "vk": {"shares": 0}, "linkedin": {"shares": 0}, "facebook": {"likes": 88, "shares": 88, "comments": 0}, "stumbledupon": {"shares": 0}}, "site_full": "elcomercio.pe", "main_image": "http://cde.3.elcomercio.pe/ima/0/1/4/9/7/1497748.jpg", "site_section": "http://elcomercio.pe//feed/portada.xml", "section_title": "", "url": "http://elcomercio.pe/ciencias/medicina/80-datos-ensayos-clinicos-china-fue-inventado-noticia-1935968", "country": "PE", "domain_rank": 1155, "title": "El 80% de los datos de ensayos clínicos en China es falso", "performance_score": 0, "site": "elcomercio.pe", "participants_count": 0, "title_full": "El 80% de los datos de ensayos clínicos en China es falso", "spam_score": 0.0, "site_type": "news", "published": "2016-10-03T03:45:00.000+03:00", "replies_count": 0, "uuid": "d2ef7c2a13abd5f992b642e2a1723aaa7c579477"}, "author": "", "url": "http://elcomercio.pe/ciencias/medicina/80-datos-ensayos-clinicos-china-fue-inventado-noticia-1935968", "ord_in_thread": 0, "title": "El 80% de los datos de ensayos clínicos en China es falso", "locations": [], "entities": {"persons": [], "locations": [], "organizations": []}, "highlightText": "", "language": "spanish", "persons": [], "text": "Seguir a @tecnoycienciaEC \nSegún el informe el 80% de los datos de los ensayos no cumplía con los requisitos de análisis, estaban incompletos o totalmente inexistentes. Además, se descubrió que muchos de estos fármacos son en realidad una combinación de otros ya existentes. \nTambién se determinó que muchos de los resultados de estos ensayos habían sido redactados antes de que se realizaran las pruebas necesarias, y que los datos habían sido manipulados para que estén acorde a lo que las empresas buscaban desarrollar. \nPara hacer las cosas peor, no solo se halló conducta fraudulenta en los trabajadores de las farmacéuticas, sino también en los encargados de la inspección independiente de las instalaciones donde se realizan los ensayos de los fármacos. \nEl proceso para aprobar un fármaco en China tiene pautas similares a las usadas por países occidentales: tres fases necesarias para probar la seguridad, la eficiencia y si es o no el nuevo medicamento mejor que el tratamiento existente. \nEl problema en sí es que parece que los especialistas no acatan estas pautas. Pero esto no es algo nuevo. \"La fabricación de datos clínicos es un secreto a voces, incluso antes de la inspección\", dijo un trabajador anónimo de un hospital, citado en el informe chino.", "external_links": [], "published": "2016-10-03T03:45:00.000+03:00", "crawled": "2016-10-02T22:48:15.358+03:00", "highlightTitle": ""}