{"organizations": [], "uuid": "b56dc00e0f7cab410c4521b408e1b019219eee94", "thread": {"social": {"gplus": {"shares": 0}, "pinterest": {"shares": 0}, "vk": {"shares": 0}, "linkedin": {"shares": 0}, "facebook": {"likes": 0, "shares": 0, "comments": 0}, "stumbledupon": {"shares": 0}}, "site_full": "www.nacion.com", "main_image": "http://www.nacion.com/mundo/europa/Francisco-Azerbaiyan-Caucaso-II-Margvelashvi_LNCIMA20160930_0135_3.jpg", "site_section": "", "section_title": "", "url": "http://www.nacion.com/mundo/europa/Francisco-Azerbaiyan-Caucaso-II-Margvelashvi_9_1588531135.html", "country": "US", "domain_rank": 2457, "title": "Papa Francisco lleva su mensaje al Cáucaso", "performance_score": 0, "site": "nacion.com", "participants_count": 0, "title_full": "Papa Francisco lleva su mensaje al Cáucaso", "spam_score": 0.276, "site_type": "news", "published": "2016-10-01T00:42:00.000+03:00", "replies_count": 0, "uuid": "b56dc00e0f7cab410c4521b408e1b019219eee94"}, "author": "", "url": "http://www.nacion.com/mundo/europa/Francisco-Azerbaiyan-Caucaso-II-Margvelashvi_9_1588531135.html", "ord_in_thread": 0, "title": "Papa Francisco lleva su mensaje al Cáucaso", "locations": [], "entities": {"persons": [], "locations": [], "organizations": []}, "highlightText": "", "language": "spanish", "persons": [], "text": "Papa Francisco lleva su mensaje al Cáucaso 30 de septiembre de 2016 797x526 El papa Francisco llegó el viernes a Tiflis, Georgia, en el inicio de un viaje por este país y Azerbaiyán, en el Cáucaso. Se reunió con el patriarca ortodoxo, Elías II, y también con el presidente, Giorgi Margvelashvi. En la capital, un pequeño grupo de manifestantes expresó rechazo a la visita. 797x526 El papa Francisco llegó el viernes a Tiflis, Georgia, en el inicio de un viaje por este país y Azerbaiyán, en el Cáucaso. Se reunió con el patriarca ortodoxo, Elías II, y también con el presidente, Giorgi Margvelashvi. En la capital, un pequeño grupo de manifestantes expresó rechazo a la visita. 797x526 El papa Francisco llegó el viernes a Tiflis, Georgia, en el inicio de un viaje por este país y Azerbaiyán, en el Cáucaso. Se reunió con el patriarca ortodoxo, Elías II, y también con el presidente, Giorgi Margvelashvi. En la capital, un pequeño grupo de manifestantes expresó rechazo a la visita. 797x526 El papa Francisco llegó el viernes a Tiflis, Georgia, en el inicio de un viaje por este país y Azerbaiyán, en el Cáucaso. Se reunió con el patriarca ortodoxo, Elías II, y también con el presidente, Giorgi Margvelashvi. En la capital, un pequeño grupo de manifestantes expresó rechazo a la visita. 797x526 El papa Francisco llegó el viernes a Tiflis, Georgia, en el inicio de un viaje por este país y Azerbaiyán, en el Cáucaso. Se reunió con el patriarca ortodoxo, Elías II, y también con el presidente, Giorgi Margvelashvi. En la capital, un pequeño grupo de manifestantes expresó rechazo a la visita. 797x526 El papa Francisco llegó el viernes a Tiflis, Georgia, en el inicio de un viaje por este país y Azerbaiyán, en el Cáucaso. Se reunió con el patriarca ortodoxo, Elías II, y también con el presidente, Giorgi Margvelashvi. En la capital, un pequeño grupo de manifestantes expresó rechazo a la visita. 797x526 El papa Francisco llegó el viernes a Tiflis, Georgia, en el inicio de un viaje por este país y Azerbaiyán, en el Cáucaso. Se reunió con el patriarca ortodoxo, Elías II, y también con el presidente, Giorgi Margvelashvi. En la capital, un pequeño grupo de manifestantes expresó rechazo a la visita. 797x526 El papa Francisco llegó el viernes a Tiflis, Georgia, en el inicio de un viaje por este país y Azerbaiyán, en el Cáucaso. Se reunió con el patriarca ortodoxo, Elías II, y también con el presidente, Giorgi Margvelashvi. En la capital, un pequeño grupo de manifestantes expresó rechazo a la visita. Facebook Like: ", "external_links": [], "published": "2016-10-01T00:42:00.000+03:00", "crawled": "2016-10-01T03:28:19.037+03:00", "highlightTitle": ""}