{"organizations": [], "uuid": "65cd36cf72dfcd634b9d58dbd7df1d557c5bd75b", "thread": {"social": {"gplus": {"shares": 0}, "pinterest": {"shares": 0}, "vk": {"shares": 0}, "linkedin": {"shares": 0}, "facebook": {"likes": 0, "shares": 0, "comments": 0}, "stumbledupon": {"shares": 0}}, "site_full": "www.biobiochile.cl", "main_image": "http://media.biobiochile.cl/wp-content/uploads/2016/09/a_uno_712674-e1475165684296-730x350.jpg", "site_section": "", "section_title": "", "url": "http://www.biobiochile.cl/noticias/deportes/futbol/colo-colo/2016/09/29/encuesta-adimark-2016-colo-colo-continua-siendo-el-equipo-mas-popular-de-chile.shtml", "country": "US", "domain_rank": 759, "title": "Encuesta Adimark 2016: Colo Colo continĂşa siendo el equipo mĂĄs popular de Chile", "performance_score": 0, "site": "biobiochile.cl", "participants_count": 0, "title_full": "Encuesta Adimark 2016: Colo Colo continĂşa siendo el equipo mĂĄs popular de Chile", "spam_score": 0.002, "site_type": "news", "published": "2016-09-29T21:13:00.000+03:00", "replies_count": 0, "uuid": "65cd36cf72dfcd634b9d58dbd7df1d557c5bd75b"}, "author": "Jeser Lara", "url": "http://www.biobiochile.cl/noticias/deportes/futbol/colo-colo/2016/09/29/encuesta-adimark-2016-colo-colo-continua-siendo-el-equipo-mas-popular-de-chile.shtml", "ord_in_thread": 0, "title": "Encuesta Adimark 2016: Colo Colo continĂşa siendo el equipo mĂĄs popular de Chile", "locations": [], "entities": {"persons": [], "locations": [], "organizations": []}, "highlightText": "", "language": "spanish", "persons": [], "text": "Encuesta Adimark 2016: Colo Colo continĂşa siendo el equipo mĂĄs popular de Chile 0 Jeser Lara \nSegĂşn la 4ÂŞ Encuesta del FĂştbol Chileno 2016 de GfK Adimark, Colo Colo continĂşa siendo el equipo mĂĄs popular del paĂ­s, mientras que su archirrival, Universidad de Chile , perdiĂł hinchas respecto al 2015. \nEl cuadro ‘popular’ aumentĂł levemente su fanaticada, mientras que el ‘RomĂĄntico Viajero’ cayĂł en 2,4 puntos. En la secciĂłn ‘preferencia por equipos de fĂştbol chileno’ Colo Colo consiguiĂł un 45,6% de aficionados (44,8% el aĂąo anterior) y la ‘U’ un 23,3% (25,7% el aĂąo anterior). Universidad CatĂłlica sigue tercera con un 7,2 %. Adimark \nDe esta manera el ‘Cacique’ continĂşa como el equipo mĂĄs popular del paĂ­s, salvo en las regiones de Arica-Parinacota y de Coquimbo (el aĂąo anterior fueron las regiones Arica y Parinacota, y la de TarapacĂĄ), donde domina Universidad de Chile. \nEn el tĂłpico ‘simpatĂ­a por algĂşn equipo distinto al cual se declara hincha’, el 50% de los chilenos declarĂł sentir simpatĂ­a por una segunda escuadra. La ‘U (6%), Santiago Wanderers (4%) y Colo Colo (4%) son los que mayor sentimientos positivos generan. Adimark ", "external_links": [], "published": "2016-09-29T21:13:00.000+03:00", "crawled": "2016-10-01T05:34:47.354+03:00", "highlightTitle": ""}