{"organizations": [], "uuid": "8c024a54fc58c88384054c3395183e6879cd7609", "thread": {"social": {"gplus": {"shares": 0}, "pinterest": {"shares": 0}, "vk": {"shares": 0}, "linkedin": {"shares": 0}, "facebook": {"likes": 0, "shares": 0, "comments": 0}, "stumbledupon": {"shares": 0}}, "site_full": "www.coches.net", "main_image": "http://a.ccdn.es/cnet/2016/09/30/32204259/104216175_g.jpg", "site_section": "", "section_title": "", "url": "http://www.coches.net/jaguar-xtype-22d-executive-4p-diesel-2007-en-madrid-32204259-covo.aspx", "country": "US", "domain_rank": 6093, "title": "jaguar xtype 2.2d executive Diesel Gris / Plata del 2007 con 90000km en Madrid 32204259", "performance_score": 0, "site": "coches.net", "participants_count": 0, "title_full": "jaguar xtype 2.2d executive Diesel Gris / Plata del 2007 con 90000km en Madrid 32204259", "spam_score": 0.007, "site_type": "news", "published": "2016-09-30T08:00:00.000+03:00", "replies_count": 0, "uuid": "8c024a54fc58c88384054c3395183e6879cd7609"}, "author": "", "url": "http://www.coches.net/jaguar-xtype-22d-executive-4p-diesel-2007-en-madrid-32204259-covo.aspx", "ord_in_thread": 0, "title": "jaguar xtype 2.2d executive Diesel Gris / Plata del 2007 con 90000km en Madrid 32204259", "locations": [], "entities": {"persons": [], "locations": [], "organizations": []}, "highlightText": "", "language": "spanish", "persons": [], "text": "Garantía 12 meses (1 año) Comentarios del anunciante \nDESDE TAN SOLO ***155€/MES*** PRECIO FINAL LLAVE EN MANO GARANTÍA DE 1 AÑO INCLUIDA JAGUAR X-TYPE 2.2D Executive, IMPECABLE, TODOS LOS EXTRAS, COMO NUEVO, BERLINA SEMI LUJO. Salpicadero tipo madera, volante multifunción, asiento regulable en altura eléctrico, climatizador automático, cambio 6 velocidades, sensor de aparcamiento trasero, manos libres integrado, radio/cd, ESP, llantas de aleación, espejos eléctricos con plegado automático, ordenador de abordo, elevalunas eléctricos en todas las ventanas, alarma... Carmotive ", "external_links": [], "published": "2016-09-30T08:00:00.000+03:00", "crawled": "2016-10-03T16:03:43.694+03:00", "highlightTitle": ""}