{"organizations": [], "uuid": "38f7bdfee2782699adcaafdeaf198ecaf77dd067", "thread": {"social": {"gplus": {"shares": 0}, "pinterest": {"shares": 0}, "vk": {"shares": 0}, "linkedin": {"shares": 0}, "facebook": {"likes": 0, "shares": 0, "comments": 0}, "stumbledupon": {"shares": 0}}, "site_full": "noticiasrcn.com", "main_image": "http://www.noticiasrcn.com/sites/default/files/videos/imagenes/franciscosantos02102016.jpg", "site_section": "", "section_title": "", "url": "http://noticiasrcn.com/videos/oposicion-denuncia-supuestas-irregularidades-jornada-electoral", "country": "US", "domain_rank": 7474, "title": "Oposición denuncia supuestas irregularidades en la jornada electoral | Noticias RCN", "performance_score": 0, "site": "noticiasrcn.com", "participants_count": 0, "title_full": "Oposición denuncia supuestas irregularidades en la jornada electoral | Noticias RCN", "spam_score": 0.2, "site_type": "news", "published": "2016-10-03T04:10:00.000+03:00", "replies_count": 0, "uuid": "38f7bdfee2782699adcaafdeaf198ecaf77dd067"}, "author": "", "url": "http://noticiasrcn.com/videos/oposicion-denuncia-supuestas-irregularidades-jornada-electoral", "ord_in_thread": 0, "title": "Oposición denuncia supuestas irregularidades en la jornada electoral | Noticias RCN", "locations": [], "entities": {"persons": [], "locations": [], "organizations": []}, "highlightText": "", "language": "spanish", "persons": [], "text": "10/02/2016 - 13:49 Oposición denuncia supuestas irregularidades en la jornada electoral Representantes del Centro Democrático hicieron algunas denuncias sobre supuestas irregularidades en algunas mesas de votación e hicieron un llamado a los ciudadanos para que salgan a votar. \nCompartir ", "external_links": [], "published": "2016-10-03T04:10:00.000+03:00", "crawled": "2016-10-02T23:10:38.049+03:00", "highlightTitle": ""}