{"organizations": [], "uuid": "712de1293b690728ee57a204d1d96ad47dacf7d2", "thread": {"social": {"gplus": {"shares": 0}, "pinterest": {"shares": 0}, "vk": {"shares": 0}, "linkedin": {"shares": 0}, "facebook": {"likes": 0, "shares": 0, "comments": 0}, "stumbledupon": {"shares": 0}}, "site_full": "www.elespectador.com", "main_image": "http://www.elespectador.com/files/imagenprincipal/c48d3e769e6b0f936a327f2e4c881f6f.jpg", "site_section": "http://www.elespectador.com/noticias/paz", "section_title": "Proceso de Paz en Colombia", "url": "http://www.elespectador.com/noticias/paz/huracan-matthew-uno-de-los-protagonistas-votaciones-articulo-658196", "country": "US", "domain_rank": 5681, "title": "Huracán Matthew, protagonista en las votaciones", "performance_score": 0, "site": "elespectador.com", "participants_count": 1, "title_full": "Huracán Matthew, protagonista en las votaciones | ELESPECTADOR.COM", "spam_score": 0.307, "site_type": "news", "published": "2016-10-03T05:28:00.000+03:00", "replies_count": 0, "uuid": "712de1293b690728ee57a204d1d96ad47dacf7d2"}, "author": "Redacción Paz", "url": "http://www.elespectador.com/noticias/paz/huracan-matthew-uno-de-los-protagonistas-votaciones-articulo-658196", "ord_in_thread": 0, "title": "Huracán Matthew, protagonista en las votaciones", "locations": [], "entities": {"persons": [], "locations": [], "organizations": []}, "highlightText": "", "language": "spanish", "persons": [], "text": "La fuerza que tomó, en la última semana, el huracán Matthew produjo que en los departamentos costeros del país la alerta llegara a su máximo. Con la amenaza de ser uno de los más fuertes en los últimos 30 años hizo que se declarara la alerta roja y se esperara con expectativa su paso por Punta Gallinas y Cabo de la Vela, a donde llegó este sábado con vientos que alcanzaron los 90 kilómetros.\nPero, quizás una de las afectaciones que más trascendieron este domingo fueron las fuertes lluvias y las inundaciones que dejó tras su paso, que dificultaron la asistencia a las urnas y la realización de las votaciones en municipios costeros como Aracataca y la Zona Bananera, donde fueron evacuados sus habitantes.\nAnte la situación, que también produjo la muerte de un indígena Wayuu en La Guajira y el cierre temporal del aeropuerto de Cartagena, gobernadores y alcaldes de Magdalena, Bolívar y Atlántico pidieron en la mañana de este domingo al Consejo Nacional Electoral extender la hora de las votaciones dos horas, en la Costa, pero la medida no fue tenida en cuenta, debido a que el informe metereológico anunció mejoría en el tiempo después del mediodía.\nSegún informó la Misión de Observación Electoral lacondición climática obligó a que en algunas de las principales ciudades debieran trasladarse puesto de votación. Entre las más afectadas se encontró Bogotá, con 15 puestos; Santa Marta con dos y Pasto con uno.\nAdemás, la directora de la MOE, Alejandra Barrios aseguró que la baja participación en la costa se debió a la lluvia y los fuertes vientos, debido a que hubo que cerrar puestos de votación en algunos de los 36 municipios que más se vieron afectados en el país.\nAunque el clima no fue el único factor que afectó las condiciones, la abstención que, alcanzó el 62 %, fue la más alta en los últimos 22 años. De las 34’899.845 personas habilitadas para votar, a las urnas acudieron 13 millones, que representan el 37% del censo electoral, es decir que cerca del 62% (20 millones de colombianos) no acudieron a las urnas.", "external_links": [], "published": "2016-10-03T05:28:00.000+03:00", "crawled": "2016-10-03T13:16:00.720+03:00", "highlightTitle": ""}