{"organizations": [], "uuid": "6d0c7f65671bef475c599827a989c8075281d95a", "thread": {"social": {"gplus": {"shares": 0}, "pinterest": {"shares": 0}, "vk": {"shares": 0}, "linkedin": {"shares": 0}, "facebook": {"likes": 0, "shares": 0, "comments": 0}, "stumbledupon": {"shares": 0}}, "site_full": "es.reuters.com", "main_image": "", "site_section": "", "section_title": "", "url": "http://es.reuters.com/article/esEuroRpt/idESL8N1C63HJ", "country": "US", "domain_rank": 408, "title": "EN BREVE-Tesoro colocará próxima semana deuda a 2021, 2026 y 2037 | Reuters", "performance_score": 0, "site": "reuters.com", "participants_count": 0, "title_full": "EN BREVE-Tesoro colocará próxima semana deuda a 2021, 2026 y 2037 | Reuters", "spam_score": 0.048, "site_type": "news", "published": "2016-09-30T20:08:00.000+03:00", "replies_count": 0, "uuid": "6d0c7f65671bef475c599827a989c8075281d95a"}, "author": "", "url": "http://es.reuters.com/article/esEuroRpt/idESL8N1C63HJ", "ord_in_thread": 0, "title": "EN BREVE-Tesoro colocará próxima semana deuda a 2021, 2026 y 2037 | Reuters", "locations": [], "entities": {"persons": [], "locations": [], "organizations": []}, "highlightText": "", "language": "spanish", "persons": [], "text": "EN BREVE-Tesoro colocará próxima semana deuda a 2021, 2026 y 2037 viernes 30 de septiembre de 2016 14:08 CEST [ - ] Texto [ + ] \n30 sep (Reuters) - \n* Tesoro colocará próxima semana cuatro referencias de deuda a medio y largo plazo con vencimientos en 2021, 2026 y 2037 \n* La tesorería pública subastará un bono a cinco años con cupón 0,75 por ciento (cupón corrido del 0,15 por ciento) \n* También subastará obligaciones a 2026 y 2037 con cupones respectivos del 1,30 por ciento y el 4,20 por ciento (cupones corridos del 0,27 por ciento y el 2,91 por ciento). \n* Adicionalmente, el Tesoro colocará un bono a cinco años ligado a la inflación con un cupón del 0,30 por ciento (cupón corrido del 0,26 por ciento) Fuente de la información en Eikon: (Redacción Madrid) © Thomson Reuters 2016 All rights reserved. ", "external_links": [], "published": "2016-09-30T20:08:00.000+03:00", "crawled": "2016-10-03T23:29:37.779+03:00", "highlightTitle": ""}