{"organizations": [], "uuid": "60e6b0e663d34afd53f0fc4e4c270cd0655b4d57", "thread": {"social": {"gplus": {"shares": 0}, "pinterest": {"shares": 0}, "vk": {"shares": 0}, "linkedin": {"shares": 0}, "facebook": {"likes": 2, "shares": 2, "comments": 0}, "stumbledupon": {"shares": 0}}, "site_full": "www.eleconomista.es", "main_image": "http://s03.s3c.es/imag/efe/2016/09/30/600x400_20160930-12184994w.jpg", "site_section": "http://www.eleconomista.es/rss/rss-empresas.php", "section_title": "elEconomista empresas", "url": "http://www.eleconomista.es/banca-finanzas/noticias/7861970/09/16/Dijsselbloem-dice-que-Deutsche-Bank-debe-resolver-sus-propios-problemas.html", "country": "ES", "domain_rank": 3233, "title": "Dijsselbloem dice que Deutsche Bank debe \"resolver sus propios problemas\"", "performance_score": 0, "site": "eleconomista.es", "participants_count": 0, "title_full": "Dijsselbloem dice que Deutsche Bank debe \"resolver sus propios problemas\"", "spam_score": 0.0, "site_type": "news", "published": "2016-10-01T01:06:00.000+03:00", "replies_count": 0, "uuid": "60e6b0e663d34afd53f0fc4e4c270cd0655b4d57"}, "author": "", "url": "http://www.eleconomista.es/banca-finanzas/noticias/7861970/09/16/Dijsselbloem-dice-que-Deutsche-Bank-debe-resolver-sus-propios-problemas.html", "ord_in_thread": 0, "title": "Dijsselbloem dice que Deutsche Bank debe \"resolver sus propios problemas\"", "locations": [], "entities": {"persons": [], "locations": [], "organizations": []}, "highlightText": "", "language": "spanish", "persons": [], "text": "Dijsselbloem dice que Deutsche Bank debe \"resolver sus propios problemas\" 30/09/2016 - 19:06 Villalobos insta al psoe a resolver sus problemas al margen de los intereses personales de sánchez (28/09) \nBruselas, 30 sep (EFE).- El ministro de Finanzas holandés y presidente del Eurogrupo, Jeroen Dijsselbloem, declaró hoy que el Deutsche Bank, primera entidad financiera de Alemania, debe \"resolver sus propios problemas\" sin ayuda estatal. \n\"En Europa, tenemos determinado ahora de manera habitual y legal que un banco tiene que resolver sus propios problemas\", dijo Dijsselbloem en declaraciones a la prensa holandesa recogidas por el portal Euractiv. \nEl responsable holandés de Finanzas agregó, tras la reunión semanal del Gobierno holandés en La Haya, que es el banco alemán el que tiene que \"poner las cosas en orden\". \nDijsselbloem añadió que la multa de 14.000 millones de dólares (unos 12.400 millones de euros) que reclaman al Deutsche Bank las autoridades estadounidenses es una cuantía \"demasiado alta\". \n\"Los 14.000 millones (de dólares) significan absolutamente que el problema ahora se va a amplificar y que se necesitarán medidas extra para reforzar su balance\", señaló el presidente del Eurogrupo. \nLa solvencia del Deutsche Bank se ha visto en los últimos días en entredicho a raíz de la multa de 14.000 millones de dólares que le impusieron las autoridades estadounidenses por su implicación en las hipotecas basura. \nLas acciones del mayor banco alemán se dispararon hoy un 6,4 % al cierre, tras haberse hundido hasta mínimos históricos horas antes, gracias a los rumores de que la multa que afronta en EEUU podría ser finalmente mucho menor de lo inicialmente anunciado. \nDesde que las autoridades estadounidenses anunciaron esta primera cantidad, las acciones del Deutsche Bank habían caído con fuerza, ante las dudas de los inversores sobre la capacidad de la entidad de afrontar esta sanción. \nNo obstante, si la multa se rebajase notablemente, la viabilidad del banco quedaría fuera de toda duda y se acabarían con las especulaciones sobre el futuro del banco, ya que en los últimos días se ha apuntado que podría incluso tener que ser rescatado. PUBLICIDAD Pedro Sánchez sugiere que dimitirá si el Comité Federal se decide por la … 21:03 Ecodiario.es - Política\nPedro Sánchez ha comparecido por primera vez después de que las 17 dimisiones de su Ejecutiva terminaran de abrir la brecha interna en el … Las personas 'absorben' energías a otras personas, la ciencia da el primer paso … 20:08 Ecodiario.es - Ciencia\nLas plantas pueden extraer la energía de otras plantas que tienen alrededor, el descubrimiento lo ha hecho la Universidad de Bielefeld y … Los críticos de la Comisión de Garantías del PSOE dan por \"disuelta\" la … 19:05 Ecodiario.es - Política\nLos tres miembros críticos de la Comisión de Ética y Garantías del PSOE consideran en el informe que han emitido que, de acuerdo a los … Morata y Modric vuelven a entrenarse con el resto de sus compañeros 18:50 Ecodiario.es - Fútbol\nEl delantero español Álvaro Morata y el centrocampista croata Luka Modric se reincorporaron al grupo de jugadores del Real Madrid que se … Trump sospecha que Clinton favoreció la nacionalización de la miss Alicia … 18:35 Ecodiario.es - Global\nEl candidato republicano a Presidencia de EEUU, Donald Trump, sugirió hoy en Twitter que la antigua miss Universo venezolana Alicia Machado … Zinedine Zidane pone fin a la dictadura de Sergio Ramos 18:12 Ecodiario.es - Fútbol\nEl Real Madrid afronta su último partido antes del segundo parón de selecciones. Será ante el Eibar, con el objetivo de poner fin a una … Los amigos o ver la tele: la lista de cosas que 'engordan' y que nunca se hubiese … 18:00 Ecodiario.es - Salud\nLa obesidad preocupa ala comunidad científica, pues es uno de los problemas de salud que más afectan a la población. Y los factores que … El Bosco se suma al elenco de pintores con sala propia en El Prado 17:00 Ecodiario.es - Cultura\nEl Bosco cuenta desde este viernes con una sala propia en el Prado tras el éxito de visitantes que tuvo la exposición de sus obras este … La Fiscalía pedirá el ingreso en prisión \"inmediato\" de Flores 14:59 Ecodiario.es - Sociedad\nLa Fiscalía de Madrid ha solicitado a la Audiencia Provincial de Madrid el ingreso en prisión \"inmediato\" de Miguel Ángel Flores ante la … El Barcelona espía a Yannick Carrasco del Atlético de Madrid 29/09 ElEconomista.es - Futbol\nEl Barcelona ya se mueve de cara a la próxima temporada. Precisamente, el mismo día que Paco Alcácer naufrgaba en Alemania, el club …", "external_links": [], "published": "2016-10-01T01:06:00.000+03:00", "crawled": "2016-10-01T00:32:09.043+03:00", "highlightTitle": ""}