{"organizations": [], "uuid": "56c3233d9a047016170be10efe7b1cae3aa8757d", "thread": {"social": {"gplus": {"shares": 0}, "pinterest": {"shares": 0}, "vk": {"shares": 0}, "linkedin": {"shares": 0}, "facebook": {"likes": 0, "shares": 0, "comments": 0}, "stumbledupon": {"shares": 0}}, "site_full": "misionesonline.net", "main_image": "http://static0.misionesonline.net/wp-content/uploads/2016/10/arrestado-79kjokuafim0.jpg", "site_section": "http://misionesonline.net/feed/", "section_title": "MisionesOnlineMisionesOnline", "url": "http://misionesonline.net/2016/10/03/salio-con-droga-de-misiones-paso-por-corrientes-y-cayo-en-entre-rios/", "country": "US", "domain_rank": 7143, "title": "Salió con droga de Misiones, pasó por Corrientes y cayó en Entre Ríos", "performance_score": 0, "site": "misionesonline.net", "participants_count": 0, "title_full": "Salió con droga de Misiones, pasó por Corrientes y cayó en Entre Ríos", "spam_score": 0.0, "site_type": "news", "published": "2016-10-03T20:20:00.000+03:00", "replies_count": 0, "uuid": "56c3233d9a047016170be10efe7b1cae3aa8757d"}, "author": "", "url": "http://misionesonline.net/2016/10/03/salio-con-droga-de-misiones-paso-por-corrientes-y-cayo-en-entre-rios/", "ord_in_thread": 0, "title": "Salió con droga de Misiones, pasó por Corrientes y cayó en Entre Ríos", "locations": [], "entities": {"persons": [], "locations": [], "organizations": []}, "highlightText": "", "language": "spanish", "persons": [], "text": "Salió con droga de Misiones, pasó por Corrientes y cayó en Entre Ríos octubre 3, 2016 9:20 am RELACIONADAS Hallan motopartes y droga en una vivienda de Jardín América \nOtro importante golpe al narcotráfico dio el fin de semana la Policía de la provincia de Entre Ríos en el puesto caminero de la ruta nacional 127, al interceptar el paso de un automóvil en el que una persona transportaba 84 kilos de marihuana y un kilo de cocaína. El procedimiento se llevó adelante el sábado a la tarde, durante un control vehicular a la altura de la localidad de San Jaime de la Frontera, donde los efectivos detuvieron el paso de un auto marca Mercedes-Benz rojo, en el que se desplazaba un joven de 24 años con domicilio en Mataderos, Buenos Aires. Esta persona había partido desde Misiones y utilizó rutas correntinas para llegar al límite con Entre Ríos, provincia donde tenía planeado entregar la carga de estupefaciente que llevaba escondida en el piso del rodado. La droga fue descubierta gracias al can antinarcóticos “Eboni”, quien marcó presencia de droga dentro del automóvil, hallándose 155 panes de marihuana que pesaron 84 kilogramos y un ladrillo de cocaína que pesó poco más de un kilo.", "external_links": [], "published": "2016-10-03T20:20:00.000+03:00", "crawled": "2016-10-03T15:45:12.729+03:00", "highlightTitle": ""}