{"organizations": [], "uuid": "44dc7c6d48f7a1289b6a4e4e757c6b2884ccddc3", "thread": {"social": {"gplus": {"shares": 0}, "pinterest": {"shares": 0}, "vk": {"shares": 0}, "linkedin": {"shares": 0}, "facebook": {"likes": 0, "shares": 0, "comments": 0}, "stumbledupon": {"shares": 0}}, "site_full": "spanish.xinhuanet.com", "main_image": "", "site_section": "", "section_title": "", "url": "http://spanish.xinhuanet.com/2016-10/01/c_135726412.htm", "country": "CN", "domain_rank": 74, "title": "China se encuentra al inicio de nueva Gran Marcha hacia revitalización nacional: Diario del Pueblo | Spanish.xinhuanet.com", "performance_score": 0, "site": "xinhuanet.com", "participants_count": 0, "title_full": "China se encuentra al inicio de nueva Gran Marcha hacia revitalización nacional: Diario del Pueblo | Spanish.xinhuanet.com", "spam_score": 0.205, "site_type": "news", "published": "2016-10-01T09:28:00.000+03:00", "replies_count": 0, "uuid": "44dc7c6d48f7a1289b6a4e4e757c6b2884ccddc3"}, "author": "", "url": "http://spanish.xinhuanet.com/2016-10/01/c_135726412.htm", "ord_in_thread": 0, "title": "China se encuentra al inicio de nueva Gran Marcha hacia revitalización nacional: Diario del Pueblo | Spanish.xinhuanet.com", "locations": [], "entities": {"persons": [], "locations": [], "organizations": []}, "highlightText": "", "language": "spanish", "persons": [], "text": "China se encuentra al inicio de nueva Gran Marcha hacia revitalización nacional: Diario del Pueblo Spanish.xinhuanet.com 2016-10-01 01:28:30 \nBEIJING, 30 sep (Xinhua) -- China se encuentra al inicio de una nueva Gran Marcha hacia la gran revitalización de la nación china, dijo el órgano de difusión del Partido Comunista de China, el Diario del Pueblo, en un editorial que publicará el 1 de octubre, el Día Nacional de China. \nEl editorial enumera una lista de los logros que China ha alcanzado en los últimos 67 años, tales como la cumbre del Grupo de los 20 (G20) en Hangzhou de este mes y el lanzamiento del laboratorio espacial Tiangong-2. Sin embargo, adopta un tono bastante cauto, y señala que el camino por delante \"de ninguna manera será un día de campo sin dificultades\". \nPor el contrario, el país debe estar listo para enfrentar desafíos y grandes riesgos, para ser pionero y escribir una nueva historia, dice el editorial. \nEl Partido debe \"mantenerse fiel a la misión\", y considerar al bienestar de la gente como lo primordial, añade el editorial. \nEl texto enfatiza que el momento actual debe mantenerse para profundizar la reforma y alcanzar un nuevo progreso en la marcha hacia la revitalización. \nCopyright © 2000 - 2015 XINHUANET.com ", "external_links": [], "published": "2016-10-01T09:28:00.000+03:00", "crawled": "2016-10-01T05:40:42.774+03:00", "highlightTitle": ""}