{"organizations": [], "uuid": "99376d06c18c6820b5c64786ffe6e9a26e68f4f0", "thread": {"social": {"gplus": {"shares": 0}, "pinterest": {"shares": 0}, "vk": {"shares": 0}, "linkedin": {"shares": 0}, "facebook": {"likes": 0, "shares": 0, "comments": 0}, "stumbledupon": {"shares": 0}}, "site_full": "ecodiario.eleconomista.es", "main_image": "http://s03.s3c.es/imag3/logos/economista/bg-ee-facebook.jpg", "site_section": "http://www.eleconomista.es/rss/rss-deportes.php", "section_title": "elEconomista  Seleccion", "url": "http://ecodiario.eleconomista.es/baloncesto/noticias/7864553/10/16/Abrines-Espero-que-me-acojan-bien-en-Barcelona.html", "country": "ES", "domain_rank": 3233, "title": "Abrines: \"Espero que me acojan bien en Barcelona\"", "performance_score": 0, "site": "eleconomista.es", "participants_count": 0, "title_full": "Abrines: \"Espero que me acojan bien en Barcelona\"", "spam_score": 0.0, "site_type": "news", "published": "2016-10-03T03:15:00.000+03:00", "replies_count": 0, "uuid": "99376d06c18c6820b5c64786ffe6e9a26e68f4f0"}, "author": "", "url": "http://ecodiario.eleconomista.es/baloncesto/noticias/7864553/10/16/Abrines-Espero-que-me-acojan-bien-en-Barcelona.html", "ord_in_thread": 0, "title": "Abrines: \"Espero que me acojan bien en Barcelona\"", "locations": [], "entities": {"persons": [], "locations": [], "organizations": []}, "highlightText": "", "language": "spanish", "persons": [], "text": "¡CONÓCELAS! \nEl jugador español de Oklahoma City Thunder Álex Abrines afirmó esperar una buena acogida en Barcelona, en la gira que realizará su equipo por Europa y que le enfrentará el 3 de octubre al Real Madrid en el Barclaycard Center y el 5 de octubre al Barcelona Lassa en el Palau Sant Jordi. \nMADRID, 2 (EUROPA PRESS) \n\"Espero que me acojan bien en Barcelona. Sé que seguramente les fastidió que saliera, pero bueno, creo que también entendieron que era la oportunidad que tenía de dar el salto a la NBA y probar suerte. Así que creo que no habrá ningún tipo de rencor\", declaró. \n\"Estamos aprovechando el viaje para pasar tiempo juntos, especialmente aquí en España, donde podremos comer y cenar juntos con todo el equipo y conocernos mejor. Para mí es un honor y una coincidencia que justo el año que he firmado por los Thunder estemos aquí en España para jugar dos partidos. Es algo muy especial y no solo para nosotros, sino también para el baloncesto europeo\", añadió. \n\"Necesitaba este viaje, estoy muy contento de volver a ver tanto a mis amigos, como a mi familia, y poder enfrentarme a dos clubs como el Real Madrid y el Barça, que he estado cuatro años allí\", comentó el internacional español, que este verano abandonó las filas blaugranas para enrolarse en las filas de OKC Thunder. \nEl recién llegado a la NBA destacó la ayuda de Domantas Sabonis, con el que coincidió en las filas del filial del Unicaja de Málaga. Abrines agradeció llegar a un equipo \"joven\" y en el que no ha habido \"ningún problema\" para adaptarse, a pesar de unos primeros días difíciles. \n\"No esperaba ningún tipo de problema, y el hecho de venir a un equipo en reconstrucción y con mucho jugador joven ha ayudado a que todo sea más fácil. Hay mucho jugador internacional, muchas caras nuevas, era el momento para venir. Estos chicos son una pasada, no ha habido ningún problema\", respondió. \n\"Ha sido un poco complicada, sobre todo los primeros días. Pero ha sido rápida; a los tres o cuatro días de estar allí, la ciudad es muy grande... Me he adaptado bastante bien. Es importante el hecho de que Sabonis esté aquí, también, porque coincidí con él en Málaga. La verdad es que estoy muy contento allí\", puntualizó. \nAdemás, el balear explicó los objetivos de un equipo que aspira \"al anillo\", a pesar de las salidas de Kevin Durante y Serge Ibaka. El flamante medallista olímpico, bronce en Río 2016, destacó la presencia del \"líder indiscutible\" Russell Westbrook y de Víctor Oladipo a la cabeza de una plantilla que puede acusar la \"inexperiencia\". \n\"El objetivo de todo equipo en la NBA es disputar la final y ganar el anillo; sabemos que tenemos equipo para ello, aunque también hemos de trabajar mucho. Somos un equipo muy joven y podemos pecar un poco de esa inexperiencia. Pero bueno, tenemos unos buenos líderes en el equipo y plantilla para ello. Westbrook es el líder indiscutible y Oladipo, aunque es el primer año que está en Oklahoma, es uno de los jugadores estrella además de otros como Nick Collison o Steven Adams\", finalizó. Enlaces relacionados", "external_links": [], "published": "2016-10-03T03:15:00.000+03:00", "crawled": "2016-10-02T23:19:18.759+03:00", "highlightTitle": ""}