{"organizations": [], "uuid": "79ab74321f547146d3f1f499938bc248f10db80c", "thread": {"social": {"gplus": {"shares": 87}, "pinterest": {"shares": 0}, "vk": {"shares": 0}, "linkedin": {"shares": 0}, "facebook": {"likes": 0, "shares": 0, "comments": 0}, "stumbledupon": {"shares": 0}}, "site_full": "www.videosdemadurasx.com", "main_image": "http://static.videosdemadurasx.com/thumbs/44125/se-me-van-los-ojos-al-pedazo-de-culo-de-mi-cunada.jpg", "site_section": "http://www.videosdemadurasx.com/feed", "section_title": "VIDEOS DE MADURAS XXX, PORNO GRATIS CON MADURAS", "url": "http://www.videosdemadurasx.com/se-me-van-los-ojos-al-pedazo-de-culo-de-mi-cunada/", "country": "ES", "domain_rank": 8955, "title": "Se me van los ojos al pedazo de culo de mi cuñada …", "performance_score": 0, "site": "videosdemadurasx.com", "participants_count": 1, "title_full": "Se me van los ojos al pedazo de culo de mi cuñada …", "spam_score": 0.0, "site_type": "news", "published": "2016-10-01T07:00:00.000+03:00", "replies_count": 0, "uuid": "79ab74321f547146d3f1f499938bc248f10db80c"}, "author": "vdmx2", "url": "http://www.videosdemadurasx.com/se-me-van-los-ojos-al-pedazo-de-culo-de-mi-cunada/", "ord_in_thread": 0, "title": "Se me van los ojos al pedazo de culo de mi cuñada …", "locations": [], "entities": {"persons": [], "locations": [], "organizations": []}, "highlightText": "", "language": "spanish", "persons": [], "text": "Código embed del video: válido para pc, móvil y tablet HTML Link Forum Link \nPublicado el 1/10/2016 - Duracion: 11:40 - 0 visitas - Categoria: Cerdas \nVaya dos cerdas que son las hermanas, se quitan los novios las unas a las otras, no se respetan para nada y encima el novio nos ha salido un poco mirón, si, si, mirar como se come con la mirada el culo que tiene la cabrona de la cuñada, claro, la otra lo nota y se puede montar una de cojones amigos jaja, menudas dos perras.", "external_links": [], "published": "2016-10-01T07:00:00.000+03:00", "crawled": "2016-10-01T02:13:46.252+03:00", "highlightTitle": ""}