{"organizations": [], "uuid": "bf8535377b612b92191f767ab3b55de3958759a8", "thread": {"social": {"gplus": {"shares": 2}, "pinterest": {"shares": 0}, "vk": {"shares": 0}, "linkedin": {"shares": 0}, "facebook": {"likes": 347, "shares": 347, "comments": 0}, "stumbledupon": {"shares": 0}}, "site_full": "www.elperiodico.com", "main_image": "http://www.elperiodico.com/css/img/elperiodico_es_logo.jpg", "site_section": "http://www.elperiodico.com/es/castellers/", "section_title": "Castellers - El mundo de los 'castells' en el Periódico", "url": "http://www.elperiodico.com/es/noticias/politica/los-mejores-memes-del-caotico-comite-federal-del-psoe-5445054", "country": "ES", "domain_rank": 6941, "title": "Los mejores memes del caótico comité federal del PSOE", "performance_score": 3, "site": "elperiodico.com", "participants_count": 1, "title_full": "Los mejores memes del caótico comité federal del PSOE", "spam_score": 0.094, "site_type": "news", "published": "2016-10-02T03:00:00.000+03:00", "replies_count": 0, "uuid": "bf8535377b612b92191f767ab3b55de3958759a8"}, "author": "EL PERIÓDICO / BARCELONA", "url": "http://www.elperiodico.com/es/noticias/politica/los-mejores-memes-del-caotico-comite-federal-del-psoe-5445054", "ord_in_thread": 0, "title": "Los mejores memes del caótico comité federal del PSOE", "locations": [], "entities": {"persons": [], "locations": [], "organizations": []}, "highlightText": "", "language": "spanish", "persons": [], "text": "El caótico comité federal del PSOE de este sábado que llevó a la dimisión de Pedro Sánchez como secretario general del partido no ha escapado a las burlas de los internautas . Una vez más, las redes sociales se han llenado de comentarios, fotos y gifs animados. Los memes no han dejado títere con cabeza al abordar la crisis del PSOE . En algunos casos, los tuiteros han realizado comparaciones con programas de televisión, en otros han utilizado fragmentos de series de la tele y de películas y también reinterpretaciones de lienzos y de fotografías.\nAquí ofrecemos una muestra de los muchos memes que circulan por las redes sociales.\nChicote presenta ‘Pesadilla en el PSOE’\nEl programa de @albertochicote que tendría máxima audiencia #ComiteFederal #PSOE pic.twitter.com/SN5bwqPUKk\n— maeloterkim (@maeloterkim) 1 d’octubre de 2016", "external_links": ["https://twitter.com/hashtag/PSOE?src=hash", "https://twitter.com/hashtag/ComiteFederal?src=hash", "https://t.co/SN5bwqPUKk", "https://twitter.com/albertochicote", "https://twitter.com/maeloterkim/status/782133242946281473"], "published": "2016-10-02T03:00:00.000+03:00", "crawled": "2016-10-02T15:36:49.439+03:00", "highlightTitle": ""}