{"organizations": [], "uuid": "469f1ec4da4f85d20c8bb5431b0ac18e38d93396", "thread": {"social": {"gplus": {"shares": 0}, "pinterest": {"shares": 0}, "vk": {"shares": 0}, "linkedin": {"shares": 0}, "facebook": {"likes": 0, "shares": 0, "comments": 0}, "stumbledupon": {"shares": 0}}, "site_full": "www.milenio.com", "main_image": "http://www.milenio.com/region/pescadores_embarcaciones_tampico-milenio_noticias_MILIMA20161003_0189_14.jpg", "site_section": "http://www.milenio.com/tamaulipas/", "section_title": "Tamaulipas - Noticias - Grupo Milenio", "url": "http://www.milenio.com/region/pescadores_embarcaciones_tampico-milenio_noticias_0_822517908.html", "country": "US", "domain_rank": 8394, "title": "Destina gobierno federal 14 mdp en programas para pescadores", "performance_score": 0, "site": "milenio.com", "participants_count": 1, "title_full": "Destina gobierno federal 14 mdp en programas para pescadores - Grupo Milenio", "spam_score": 0.037, "site_type": "news", "published": "2016-10-03T22:28:00.000+03:00", "replies_count": 0, "uuid": "469f1ec4da4f85d20c8bb5431b0ac18e38d93396"}, "author": "Denis Sánchez", "url": "http://www.milenio.com/region/pescadores_embarcaciones_tampico-milenio_noticias_0_822517908.html", "ord_in_thread": 0, "title": "Destina gobierno federal 14 mdp en programas para pescadores", "locations": [], "entities": {"persons": [], "locations": [], "organizations": []}, "highlightText": "", "language": "spanish", "persons": [], "text": "Modernización de las embarcaciones pesqueras (Denis Sánchez) Denis Sánchez 03/10/2016 02:28 PM\nTampico\nLa Subdelegación de Pesca federal tiene disponible recursos por el monto de 14 millones de pesos para la modernización de las embarcaciones pesqueras, señaló el jefe del departamento de ordenamiento pesquero y acuicola, Manuel Vazquez Robles.\nIndicó que tienen predeterminadas alrededor de 44 solicitudes, en donde el gobierno federal aporta el 40 por ciento y el productor el resto, que es un monto de 21 millones de pesos.\nTe Recomendamos: Darán empelo a 23 mil pescadores\nExpuso que el programa consiste en el cambio de motor, embarcación y equipo GPS, dependiendo las necesidades de cada pescador.\nTe Recomendamos: Pescadores de veracruz son excluidos de programas", "external_links": [], "published": "2016-10-03T22:28:00.000+03:00", "crawled": "2016-10-04T02:35:47.352+03:00", "highlightTitle": ""}