{"organizations": [], "uuid": "cfdef2ca25a3aa2650805e5e4a218ff519c815ef", "thread": {"social": {"gplus": {"shares": 0}, "pinterest": {"shares": 0}, "vk": {"shares": 0}, "linkedin": {"shares": 0}, "facebook": {"likes": 0, "shares": 0, "comments": 0}, "stumbledupon": {"shares": 0}}, "site_full": "www.boe.es", "main_image": "", "site_section": "http://boe.es//rss/boe.php?s=1", "section_title": "BOE - Boletín Oficial del Estado", "url": "http://www.boe.es/diario_boe/txt.php?id=BOE-A-2016-8967", "country": "ES", "domain_rank": 7575, "title": "Orden ECC/1556/2016, de 28 de septiembre, por la que se modifica la Orden ECC/2741/2012, de 20 de diciembre, de desarrollo metodológico de la Ley Orgánica 2/2012, de 27 de abril, de Estabilidad Presupuestaria y Sostenibilidad Financiera, sobre el cálculo de las previsiones tendenciales de ingresos y gastos y de la tasa de referencia de la economía española.", "performance_score": 0, "site": "boe.es", "participants_count": 0, "title_full": "Orden ECC/1556/2016, de 28 de septiembre, por la que se modifica la Orden ECC/2741/2012, de 20 de diciembre, de desarrollo metodológico de la Ley Orgánica 2/2012, de 27 de abril, de Estabilidad Presupuestaria y Sostenibilidad Financiera, sobre el cálculo de las previsiones tendenciales de ingresos y gastos y de la tasa de referencia de la economía española.", "spam_score": 0.0, "site_type": "news", "published": "2016-10-01T06:00:00.000+03:00", "replies_count": 0, "uuid": "cfdef2ca25a3aa2650805e5e4a218ff519c815ef"}, "author": "", "url": "http://www.boe.es/diario_boe/txt.php?id=BOE-A-2016-8967", "ord_in_thread": 0, "title": "Orden ECC/1556/2016, de 28 de septiembre, por la que se modifica la Orden ECC/2741/2012, de 20 de diciembre, de desarrollo metodológico de la Ley Orgánica 2/2012, de 27 de abril, de Estabilidad Presupuestaria y Sostenibilidad Financiera, sobre el cálculo de las previsiones tendenciales de ingresos y gastos y de la tasa de referencia de la economía española.", "locations": [], "entities": {"persons": [], "locations": [], "organizations": []}, "highlightText": "", "language": "spanish", "persons": [], "text": "í En el caso de Españón Europea obtiene un resultado de una semi-elasticidad total de 0,54, que es la que se utilizará para calcular los saldos ajustados del ciclo mientras la Comisión Europea no modifique el período para el cálculo de las ponderaciones en el PIB de los distintos ingresos fiscales o la elasticidad de los distintos ingresos y gastos. Cuando alguno de los cambios anteriores tenga lugar, volverá a actualizarse este anexo II. Secciª Distribución del saldo cíclico del conjunto de las Administraciones Públicas españolas entre sus subsectores La Ley Orgía y Competitividad la elaboración de un informe que contenga, entre otras informaciones, el saldo cíclico de las Administraciones Públicas distribuido entre sus subsectores. En esta seccióálculo del saldo cíclico de cuatro subsectores: la Administración Central, las Comunidades Autónomas, las Corporaciones Locales y la Seguridad Social, así como del subsector formado por Administración Central y Seguridad Social. La Seguridad Social puede integrarse con la Administración Central porque el ciclo económico afecta conjuntamente al sector consolidado. Así, las prestaciones por desempleo, único gasto considerado cíclico en las metodologías de la UE y de la OCDE, pueden ser financiadas indistintamente por cotizaciones, impuestos o deuda del Estado. En esta metodologíón Europea a los impuestos españoles, por motivos de simplicidad, transparencia, y porque su comportamiento cíclico es independiente del subsector de la Administración Pública que finalmente recibe los ingresos. La metodologínjunto de las Administraciones Públicas en la sección primera del presente anexo (expresiones [1] y [2]), de modo que se calculan las elasticidades de los ingresos y gastos de cada subsector como media ponderada de las elasticidades de los componentes sensibles a la evolución cíclica: impuestos, cotizaciones sociales, transferencias asociadas al sistema de financiación de las Comunidades Autónomas y prestaciones por desempleo. Para obtener las semielasticidades, a las elasticidades de los ingresos y gastos así calculadas se les resta la unidad y el resultado se multiplica por los pesos en el PIB nacional de los correspondientes ingresos y gastos de cada subsector, netos de las demás transferencias entre Administraciones Públicas. La semielasticidad presupuestaria se obtendrá redondeando al segundo decimal más próximo la suma de las semielasticidades de ingresos y gastos calculada a cuatro decimales, para minimizar el riesgo de que el redondeo de la semielasticidad de algún ingreso o gasto pueda alterar el valor de la semielasticidad del subsector. Los resultados se redondearán al decimal más próximo de modo que si el quinto decimal o el tercero fueran 5, el cuarto o el segundo, respectivamente, se redondearán por exceso. Las transferencias asociadas al sistema de financiacióómica que se toman en consideración para el cálculo de la semielasticidad del subsector Estado y del subsector Comunidades Autónomas son las que tienen su evolución condicionada a alguno de los ingresos que se consideran cíclicos, esto es, los impuestos, directos o indirectos. En el período 2002-2008, las transferencias del Estado a las Comunidades Autónomas de régimen común asociadas al Fondo de Suficiencia estuvieron indiciadas a los ingresos tributarios del Estado, mientras que en el período 2009-2011 estuvieron indiciadas a los ingresos tributarios del Estado las transferencias asociadas a los Fondos de Garantía de Servicios Públicos, de Suficiencia y de Cooperación. Los ingresos tributarios del Estado estáón estatal en el ejercicio, excluidos los recursos tributarios cedidos a las Comunidades Autónomas, por IRPF, IVA y los Impuestos Especiales de Fabricación sobre la Cerveza, sobre el Vino y Bebidas Fermentadas, sobre Productos Intermedios, sobre Alcohol y Bebidas Derivadas, sobre Hidrocarburos y sobre las Labores del Tabaco. Estas transferencias que suponen un gasto para el Estado y un ingreso para el subsector Comunidades Autóíodo 2002-2011 de la recaudación de cada impuesto en los ingresos tributarios del Estado y como elasticidades 1,84 para el Impuesto sobre la Renta de las Personas Físicas y 1 para todos los demás impuestos. El importe a computar de estas transferencias asociadas al sistema de financiacióómica es el que resulta de la liquidación anual del sistema de financiación, es decir, el rendimiento definitivo de los recursos que lo integran. La división de este importe por los ingresos o gastos anuales del subsector correspondiente y la posterior media de estos porcentajes permiten calcular el peso medio en el gasto del Estado y en los ingresos de las Comunidades Autónomas. Para calcular la semielasticidad del agregado formado por Estado y Seguridad Social, el total de gastos e ingresos del agregado se obtiene sumando ingresos y gastos y deduciendo de los ingresos y gastos totales que resulten las transferencias y pagos por intereses entre Estado y Seguridad Social. lada la semielasticidad presupuestaria de cada subsector por diferencia de las semielasticidades de ingresos y gastos, su producto por la brecha de produccin dará la medida del saldo cíclico de cada subsector (expresión [4]). La brecha de producción que se utilizará en todos los casos será la calculada para la economía nacional en su conjunto. El saldo cclico del conjunto de las Corporaciones Locales se calculará aplicando los mismos procedimientos descritos para las Comunidades Autónomas. A tal fin se utilizarán la brecha de producción nacional y las elasticidades de ingresos y gastos del cuadro 1 de la sección primera y los pesos de ingresos y gastos que se derivan de las cifras de la Contabilidad Nacional. n 3.ª Cálculo del saldo cíclico de cada Comunidad Autónoma nica 2/2012, de 27 de abril, obliga a que ninguna Administración Pública incurra en déficit estructural lo que implica que el ejercicio metodológico de distribución del saldo cíclico (y estructural) entre las diferentes Administraciones Públicas no debe limitarse a la distribución de dichos saldos entre los subsectores analizados en el apartado anterior, sino que se trata de diseñar una metodología válida para todas y cada una de las Comunidades Autónomas españolas, lo que dificulta adicionalmente la tarea dado el elevado número de Administraciones y las diferencias en sus estructuras de ingresos tanto entre ellas como en el tiempo (como consecuencia de las modificaciones del sistema de financiación autonómica). La aplicacin concreta de la metodología descrita al caso de las Comunidades Autónomas consideradas individualmente plantea las cuestiones del cálculo de las elasticidades de los impuestos de estas Administraciones Públicas y de la aplicación del ciclo económico nacional a cada Comunidad Autónoma. A este respecto, cabe sealar que la estimación de las elasticidades de los impuestos de las Comunidades Autónomas, además de difícil por su corta e inestable evolución histórica, como consecuencia de los cambios del sistema de financiación autonómica a lo largo del tiempo (con frecuentes sustituciones de transferencias del Estado por impuestos), aumentaría extraordinariamente la complejidad del cálculo, sin obtener, a cambio, ganancias significativas de precisión. La sensibilidad cíclica de un determinado componente del gasto o del ingreso depende de su naturaleza y no del territorio en que se realice o se recaude. La existencia de algunas diferencias en la normativa tributaria por territorios no justifica la aplicación de diferentes elasticidades para tomarlas en consideración. En consecuencia, la influencia del ciclo en las cuentas de una Administración o un subsector de la Administración Pública vendrá determinada por las diferentes estructuras de ingresos y gastos. Aquellas Administraciones donde tengan un mayor peso las partidas más sensibles al ciclo, como por ejemplo el impuesto sobre la renta de las personas físicas, tendrán un saldo cíclico con mayores oscilaciones. Al pasar del nivel del conjunto de las Comunidades Autnomas al de cada Comunidad Autónoma, se debe modificar la elasticidad asociada a las transferencias que las Comunidades Autónomas realizan al o reciben del Fondo de Garantía. En efecto, el Fondo de Garantía se forma con las aportaciones de las Comunidades Autónomas de régimen común por el 75% de sus recursos tributarios cedidos en términos normativos a las Comunidades Autónomas y con la aportación de recursos adicionales del Estado. De la comparación de la aportación de cada Comunidad Autónoma al Fondo de Garantía y su participación en ese Fondo de Garantía resulta un saldo que se traduce en una transferencia positiva o negativa para la Comunidad Autónoma. Se ha calculado la elasticidad de estas transferencias durante los aos 2009 a 2011, como la media ponderada de la elasticidad de todos los recursos que lo integran. Los pesos empleados son el peso medio en esos tres años en los recursos del Fondo de Garantía de las transferencias del Estado, del Impuesto sobre la Renta de las Personas Físicas y de los distintos impuestos indirectos. La elasticidad de las transferencias del Estado es de 1,42; la del IRPF, de 1,84, y la de los impuestos indirectos, de 1. El resultado del cálculo de la elasticidad de las transferencias asociadas al Fondo de Garantía es de 1,38 tras redondearla a dos decimales. El importe de las transferencias a utilizar en el clculo de las semielasticidades es la transferencia del o al Fondo de Garantía que resulte cada año de la liquidación anual del sistema de financiación. Cada año y para cada Comunidad Autónoma estas transferencias se integrarán, según proceda, en sus ingresos o gastos y se calculará el peso medio en los ingresos o en los gastos de cada Comunidad Autónoma para el período 2002-2011. Para las Comunidades Autónomas que unos años hayan sido receptoras de transferencias y otros años hayan transferido recursos al Fondo de Garantía se calculará por separado el peso de las transferencias en los ingresos o gastos anuales y posteriormente se calculará su peso medio tanto en ingresos como en gastos. Se atribuye una elasticidad de 1,42 al resto de transferencias recibidas con cargo a los Fondos de Suficiencia y de Cooperacin. El importe anual de estas transferencias a utilizar en el cálculo de su peso medio en los ingresos es el que resulte para cada año de la liquidación anual del sistema de financiación. Por lo que se refiere a las elasticidades del gasto, cabe señúnico gasto que se considera cíclico en las metodologías de la UE y de la OCDE es el de las prestaciones por desempleo. Las Comunidades Autónomas realizan un pequeño porcentaje de este gasto, pero no existen datos públicos que permitan distribuir este gasto entre Comunidades Autónomas. Provisionalmente y mientras no se disponga del desglose por Comunidad Autónoma, el gasto realizado por el conjunto de las Comunidades Autónomas se prorrateará entre ellas proporcionalmente al gasto realizado por cada Comunidad Autónoma en prestaciones sociales distintas de las transferencias sociales en especie (D62). En lo que se refiere a la posible divergencia que pudiera existir entre el ciclo econóónomas y el nacional, que exigiría una estimación separada para aquel, cabe señalar que la evidencia empírica disponible pone de manifiesto la existencia de un elevado grado de sincronía entre ambos ciclos y que, además, esta sincronía ha aumentado en los últimos años. En definitiva, en el cáíclico de cada Comunidad Autónoma, por razones de la simplicidad y transparencia que debe poseer una regla fiscal, se utilizarán las mismas elasticidades y brecha de producción que a nivel nacional. Hay que recordar que en este anexo se analiza la metodología de cálculo de las semi-elasticidades cíclicas de cada Comunidad Autónoma, que constituye el primer paso para calcular el saldo cíclico, multiplicando dicha semielasticidad (que puede tomarse como fija durante un periodo más o menos prolongado de tiempo) por la brecha de producción que se calcule cada año. Las semielasticidades cíónomas se calcularán a partir de los datos de la ejecución presupuestaria de 2002 a 2011 preferentemente en Contabilidad Nacional. Dentro de los ingresos, se considerarán, junto a los impuestos propios y cedidos, las transferencias recibidas del Estado y vinculadas al sistema de financiación autonómica. A estas transferencias se les atribuirá como elasticidad la que resulta de los impuestos del Estado que conforman los ingresos tributarios del Estado, esto es, 1,42. A efectos del cálculo de la sensibilidad cíclica del País Vasco se tomarán también en cuenta los ingresos recaudados y los gastos realizados por las Diputaciones Forales de Álava, Guipúzcoa y Vizcaya. Secciª Fuentes de datos El criterio de utilizacián son los estimados según el Sistema Europeo de Cuentas de 1995 tanto por razón de disponibilidad de los datos, como de consistencia pues la OCDE ha estimado las semielasticidades a partir de datos obtenidos según el Sistema Europeo de Cuentas 1995. Los datos que se van a utilizar y sus fuentes son los siguientes: PIB nominal para Espaa y para cada Comunidad Autónoma, en la Contabilidad Nacional base 2008 y en la Contabilidad Regional base 2008 que publica el Instituto Nacional de Estadística. – Cuentas de los subsectores de las Administraciones Pblicas en Contabilidad Nacional y transferencias entre subsectores, disponibles en los Cuadros contables 2000-2012 de la Contabilidad Nacional de España. Base 2008 que publica el Instituto Nacional de Estadística. – Pagos de intereses entre subsectores y gasto en prestaciones por desempleo, disponibles en la base de datos de Eurostat en el Sistema Europeo de Cuentas 1995. (Los pagos por transferencias e intereses entre subsectores son necesarios para consolidar Administració – Cuentas Regionales Anuales para los aos 2002 a 2011 que publica la Intervención General de la Administración del Estado. Estas publicaciones de la Intervención General de la Administración del Estado ofrecen las cuentas de cada Comunidad Autónoma en Contabilidad Nacional. Esta fuente se utiliza para calcular el total de ingresos y gastos de cada Comunidad Autóísicas y, en su caso, Impuesto sobre Sociedades. Las prestaciones de desempleo se prorratearáónomas en función de su gasto en prestaciones sociales distintas de las transferencias sociales en especie (D62) que recogen las Cuentas Regionales Anuales. En el caso de las transferencias asociadas a la financiacióómica todos los años y de los ingresos por impuesto de la Renta de las Personas Físicas de 2011, las Cuentas Regionales no detallan su composición, por lo que es necesario recurrir a la fuente número cinco, siguiente. – Informes sobre la financiacin definitiva de las Comunidades Autónomas a través del sistema de financiación. Los datos de las transferencias de todos los años del período se encuentran disponibles en estos informes que ha publicado primero la Dirección General de Coordinación Financiera con las Comunidades Autónomas y con las Entidades Locales y posteriormente la Secretaría General de Coordinación Autonómica y Local. Esta información se utilizará también para obtener los rendimientos definitivos por IRPF de las Comunidades Autónomas en 2011 pues este dato no aparece desglosado en las Cuentas Regionales. Finalmente, quedan pendientes dos grupos de datos, los del conjunto formado por el Gobierno Vasco y las Diputaciones Forales y los datos de ingresos por Impuesto de Sociedades de la Comunidad Foral de Navarra. Las fuentes para estos datos serían: – Para los ingresos por Impuestos de Sociedades y por impuesto sobre la renta, las publicaciones «ómicas en cifras» que ha publicado la Secretaría General de Coordinación Autonómica y Local para el período 2002 a 2011, disponible en la página web del Ministerio de Hacienda y Administraciones Públicas. – Para el conjunto formado por el Gobierno Vasco y las Diputaciones Forales, los datos del total de ingresos y gastos y de ingresos por impuestos indirectos son los datos de ejecucióónoma del País Vasco consolidados por capítulos que publica el Instituto Vasco de Estadística. Los datos de impuestos directos desglosados en Impuestos sobre la Renta y sobre Sociedades, no disponibles en esta fuente, se toman de la fuente anterior.» Disposición final nica. Entrada en vigor. Esta orden entrará en vigor el da siguiente al de su publicación en el «Boletín Oficial del Estado». Madrid, 28 de septiembre de 2016.–El Ministro de Economa y Competitividad, Luis de Guindos Jurado.", "external_links": [], "published": "2016-10-01T06:00:00.000+03:00", "crawled": "2016-10-01T08:57:18.773+03:00", "highlightTitle": ""}