{"organizations": [], "uuid": "d0a6f2cec37d2ae2893f1cb4a05541f25faf7c00", "thread": {"social": {"gplus": {"shares": 0}, "pinterest": {"shares": 0}, "vk": {"shares": 0}, "linkedin": {"shares": 0}, "facebook": {"likes": 345, "shares": 345, "comments": 0}, "stumbledupon": {"shares": 0}}, "site_full": "www.elcomercio.com", "main_image": "http://www.elcomercio.com/files/og_thumbnail/uploads/2016/10/03/57f2b8758342d.jpeg", "site_section": "", "section_title": "", "url": "http://www.elcomercio.com/actualidad/volcan-tungurahua-actividad-eruptiva-descendente.html", "country": "", "domain_rank": 1793, "title": "El volcán Tungurahua con una actividad eruptiva descendente | El Comercio", "performance_score": 3, "site": "elcomercio.com", "participants_count": 0, "title_full": "El volcán Tungurahua con una actividad eruptiva descendente | El Comercio", "spam_score": 0.2, "site_type": "news", "published": "2016-10-03T08:00:00.000+03:00", "replies_count": 0, "uuid": "d0a6f2cec37d2ae2893f1cb4a05541f25faf7c00"}, "author": "", "url": "http://www.elcomercio.com/actualidad/volcan-tungurahua-actividad-eruptiva-descendente.html", "ord_in_thread": 0, "title": "El volcán Tungurahua con una actividad eruptiva descendente | El Comercio", "locations": [], "entities": {"persons": [], "locations": [], "organizations": []}, "highlightText": "", "language": "spanish", "persons": [], "text": "3 de octubre de 2016 14:59 El volcán Tungurahua con una actividad eruptiva descendente 750 El último monitoreo del volcán Tunguragua mostró que la actividad del coloso va en descenso. Foto: Glenda Giacometti/ EL COMERCIO Compartir Contento 1 Modesto Moreta El volcán Tungurahua muestra una actividad interna moderada con tendencia a la baja . Los técnicos del Observatorio del Volcán Tungurahua (OVT), en la base Guadalupe, observaron hoy, lunes 3 de octubre del 2016, pequeñas fumarolas de tipo freático a nivel del cráter, es decir, que no tienen relación con la actividad interna del coloso. Antonina Calahorrano, especialista del OVT, explicó que los penachos de vapor son producidos por la evaporación del agua que se acumula constantemente en la superficie del cráter y a las altas temperaturas que se presentan a causa de la actividad interna del macizo.Calahorrano explicó que aún mantienen los dos escenarios que podrán producirse a corto o mediano plazo. El primero consiste en una reactivación rápida o denominada vulcaneana . Esta se caracteriza por explosiones fuertes y la expulsión de rocas incandescentes que rueden por las laderas del coloso. La segunda, la estromboliana que es la salida de ceniza con pequeñas detonaciones que no afectarían a la población.Indicó que se registró el descenso de un lahar (piedras y lodo) por una de las 17 quebradas abiertas en las faldas del macizo. ", "external_links": [], "published": "2016-10-03T08:00:00.000+03:00", "crawled": "2016-10-04T10:02:19.083+03:00", "highlightTitle": ""}