{"organizations": [], "uuid": "7abd75a730c8793335779039761bdc7d0206485b", "thread": {"social": {"gplus": {"shares": 0}, "pinterest": {"shares": 0}, "vk": {"shares": 0}, "linkedin": {"shares": 0}, "facebook": {"likes": 0, "shares": 0, "comments": 0}, "stumbledupon": {"shares": 0}}, "site_full": "peru.com", "main_image": "http://cde.peru.com/ima/0/1/5/0/7/1507289.jpg", "site_section": "http://peru.com//feed", "section_title": "Perú.com", "url": "http://peru.com/entretenimiento/espectaculos/teleto-2016-guty-carrera-sorprende-su-participacion-como-marco-noticia-477003", "country": "US", "domain_rank": 5789, "title": "Teletón 2016: Guty Carrera sorprende con su participación como 'Marco'", "performance_score": 0, "site": "peru.com", "participants_count": 0, "title_full": "Teletón 2016: Guty Carrera sorprende con su participación como 'Marco'", "spam_score": 0.0, "site_type": "news", "published": "2016-10-02T00:53:00.000+03:00", "replies_count": 0, "uuid": "7abd75a730c8793335779039761bdc7d0206485b"}, "author": "", "url": "http://peru.com/entretenimiento/espectaculos/teleto-2016-guty-carrera-sorprende-su-participacion-como-marco-noticia-477003", "ord_in_thread": 0, "title": "Teletón 2016: Guty Carrera sorprende con su participación como 'Marco'", "locations": [], "entities": {"persons": [], "locations": [], "organizations": []}, "highlightText": "", "language": "spanish", "persons": [], "text": "Sábado 01 de octubre del 2016 - 12:17 Teletón 2016: Guty Carrera sorprende con su participación como 'Marco' Guty Carrera apareció en la Teletón 2016 como ‘Marco’. (Imagen: América Tv) \nSíguenos en Facebook VER MÁS VIDEOS \nGuty Carrera sorprendió a todos los televidentes en el marco de la Teletón 2016 . El polémico modelo hizo su aparición en un musical en donde interpretó al popular personaje protagonista del dibujo animado ‘Marco’. \nLa Teletón 2016 es un evento de solidaridad que intenta reunir a la empresas privadas y a los peruanos a favor de los niños del Hogar Clínica San Juan de Dios que se lleva a cabo desde el 30 de setimbre y que termina el 1 de octubre. \nEn esta oportunidad, Guty Carrera y otros personajes de la farándula local como Ignacio Baladán , Jazmín Pinedo y otros, se presentaron con un show que imitó a los dibujos animados íconos de la televisión de antaño. \nAl ritmo de un mix de canciones, los diversos personajes de ‘Meteroro’, ‘Los Picapiedras’, ‘Marco’ hicieron de las suyas en los escenarios de la Teletón 2016. TELETÓN 2016 \nLa Teletón 2016 intenta recaudar este año S/ 8.000.000 para los niños de la Clínica San Juan de Dios y así poder seguir desarrollando la tarea de priorizar la salud de los pequeños de se atienden en el mencionado centro médico. \nComo es costumbre, los canales de alcance nacional aportarán su granito de apoyo con la transmisión completa del evento de solidaridad que tiene como principal innovación el contar con actividades a nivel regional. SOBRE LAS COLABORACIONES \n1. Las donaciones se pueden depositar en la cuenta 191-0 -0-33 del Banco de Crédito del Perú y en las cajas recaudadoras de Plaza Vea y Promart. \n2. Horario: Desde el 30 de setiembre a las 11 p.m. hasta el sábado 1 de octubre. \nLa Teletón 2016 se transmitirá por los canales 2, 4, 5, 9 y 13. notas relacionadas", "external_links": [], "published": "2016-10-02T00:53:00.000+03:00", "crawled": "2016-10-01T20:23:39.488+03:00", "highlightTitle": ""}