{"organizations": [], "uuid": "077943eaa18cd8adbb408721c0bf84b69b4795a0", "thread": {"social": {"gplus": {"shares": 0}, "pinterest": {"shares": 0}, "vk": {"shares": 0}, "linkedin": {"shares": 0}, "facebook": {"likes": 0, "shares": 0, "comments": 0}, "stumbledupon": {"shares": 0}}, "site_full": "www.elespectador.com", "main_image": "http://www.elespectador.com/files/imagenprincipal/060e64f3f228f7fd278dcef1730aa644.jpg", "site_section": "http://www.elespectador.com/noticias", "section_title": "ELESPECTADOR.COM", "url": "http://www.elespectador.com/deportes/futbolinternacional/tottenham-le-propina-primera-derrota-guardiola-tras-ven-articulo-658087", "country": "US", "domain_rank": 5681, "title": "Primera derrota de Guardiola con el City", "performance_score": 0, "site": "elespectador.com", "participants_count": 1, "title_full": "Primera derrota de Guardiola con el City | ELESPECTADOR.COM", "spam_score": 0.002, "site_type": "news", "published": "2016-10-02T18:53:00.000+03:00", "replies_count": 0, "uuid": "077943eaa18cd8adbb408721c0bf84b69b4795a0"}, "author": "EFE", "url": "http://www.elespectador.com/deportes/futbolinternacional/tottenham-le-propina-primera-derrota-guardiola-tras-ven-articulo-658087", "ord_in_thread": 0, "title": "Primera derrota de Guardiola con el City", "locations": [], "entities": {"persons": [], "locations": [], "organizations": []}, "highlightText": "", "language": "spanish", "persons": [], "text": "Un excelso Tottenham Hotspur puso fin este domingo en el estadio londinense de White Hart Lane a la racha de victorias del Manchester City en liga (2-0) e infligió al técnico español Pep Guardiola su primera derrota en Inglaterra.\nEl partido estrella de la séptima jornada de la Premier League, que enfrentó a primer y segundo clasificado, no defraudó, y, gracias a los goles de Aleksandar Kolarov en propia muerta (min.9) y Dele Alli (min.37), cayó del lado de los locales, que con este triunfo se colocan a solo un punto del City en la tabla.\nEl argentino Mauricio Pochettino, técnico de los 'Spurs', que n o pudo contar con su jugador estrella, el delantero Harry Lane -lesionado-, optó por dejar al punta holandés Vincent Janssen en el banquillo y salió de inicio con un once sin '9' fijo y con mucha movilidad, con Moussa Sissoko, Erik Lamela y Son Heung-min arriba.\nEl inglés Danny Rose recuperó, seis partidos después, su puesto en el lateral izquierdo, integrando una defensa con Kyle Walker, Toby Alderweireld y Jan Vertonghen, que es la más segura de la Premier League: tres tantos en contra en siete partidos.\nPor contra, Pep Guardiola apostó por un equipo ligeramente más conservador: protegiéndose con Fernando -primera titularidad con Pep- y Fernandinho en el centro del campo y relegando al banquillo a Ilkay Gündogan.\nAsustaron los visitantes a los tres minutos, merced a un buen pase desde la derecha del español Jesús Navas que su compatriota David Silva no acertó a rematar en el área pequeña.\nEse fue todo el peligro que generaron los hombres de Pep en la primera mitad; el resto fue un vendaval ofensivo del Tottenham, que, con una presión alta y mucho kilómetros, no dio opción a su rival.\nLos locales abrieron el luminoso antes de que se cumplieran los primeros diez minutos. La jugada comenzó con una recuperación en el centro del campo del hoy inmenso Victor Wanyama, Lamela abrió a Rose y éste sacó un centro que se fue envenenando hasta que Kolarov, en su intento de despejar, envió la redonda al fondo de su propia portería.\nSin embargo, y sin dar tiempo a la reacción a los de Manchester, el Tottenham estuvo a punto de doblar la ventaja en una magnífica contra liderada por Son, que encaró a Stones y sacó un zapatazo con la zurda que Claudio Bravo envió a saque de esquina desde el suelo.\nLa presión alta de los londinenses evitaba cualquier atisbo de acercamiento de los de Pep, que cada vez estaban más incómodos sobre el césped. No había noticias de David Silva ni del argentino Sergio Agüero, totalmente anulados esta tarde en Londres.\nA los 20 minutos fue Christian Eriksen el que estuvo cerca del segundo con un preciso lanzamiento de falta de la frontal que se fue fuera por milímetros.\nIntentaron responder los de azul con una lanzamiento franco similar del 'Kun', pero Lloris, atento y bien colocado, desbarató sin excesivos problemas el acercamiento.\nLos de Pochettino mataron el partido a falta de ocho minutos para el entretiempo , cuando recuperaron un balón en el centro del campo y lanzaron una contra que, tras un magnífico pase interior de Son, acabó en los pies de Dele Alli, quien no falló por bajo ante la tímida salida de Bravo\nMovió fichas Pep tras el descanso, y dio entrada a Gündogan en lugar de un Fernando que pasó totalmente inadvertido. Mejoró el City, pero no encontró el camino del gol que lo metiera en el partido.\nSin embargo, fueron los 'Spurs' los que gozaron de una ocasión de oro para ampliar su cuenta anotadora: a los 20 minutos del segundo tiempo, el brasileño Fernandinho cometió un infantil penalti sobre Alli.\nAhí apareció un acertado Bravo, que le adivinó la intención a Lamela y detuvo el disparo desde los 12 pasos para mantener a su equipo en el encuentro.\nLa mejor ocasión de los de Pep en el segundo tiempo llegó a diez minutos para la conclusión, con un disparo desde dentro del área de Agüero que nuevamente Lloris despejó con una mano salvadora.\nEl carrusel de cambios en los minutos finales redujo el ritmo del partido mientras los aficionados locales no cesaban de cantar en las gradas de White Hart Lane y de festejar la victoria.\nCon este triunfo, los hombres de Pochettino se mantienen en segunda posición de la tabla, pero se colocan a tan solo un punto de un City que tropieza por primera vez en la temporada y que ve como queda estrenado su casillero de derrotas en la Premier.", "external_links": [], "published": "2016-10-02T18:53:00.000+03:00", "crawled": "2016-10-03T02:50:52.320+03:00", "highlightTitle": ""}