{"organizations": [], "uuid": "172ea5e9bf053f632535766034c4076ed45ce2c5", "thread": {"social": {"gplus": {"shares": 0}, "pinterest": {"shares": 0}, "vk": {"shares": 0}, "linkedin": {"shares": 0}, "facebook": {"likes": 0, "shares": 0, "comments": 0}, "stumbledupon": {"shares": 0}}, "site_full": "www.boe.es", "main_image": "", "site_section": "http://boe.es//rss/boe.php", "section_title": "BOE - Boletín Oficial del Estado", "url": "http://www.boe.es/diario_boe/txt.php?id=BOE-B-2016-46100", "country": "ES", "domain_rank": 7575, "title": "GAVA", "performance_score": 0, "site": "boe.es", "participants_count": 0, "title_full": "GAVA", "spam_score": 0.0, "site_type": "news", "published": "2016-10-01T06:00:00.000+03:00", "replies_count": 0, "uuid": "172ea5e9bf053f632535766034c4076ed45ce2c5"}, "author": "", "url": "http://www.boe.es/diario_boe/txt.php?id=BOE-B-2016-46100", "ord_in_thread": 0, "title": "GAVA", "locations": [], "entities": {"persons": [], "locations": [], "organizations": []}, "highlightText": "", "language": "spanish", "persons": [], "text": "JUZGADO 1.ª INST. E INSTRUCC. 9.- Anuncio de subasta judicial en vía de apremio con número de identificacin 4871 6014814. Dirección electr", "external_links": [], "published": "2016-10-01T06:00:00.000+03:00", "crawled": "2016-10-01T13:28:33.865+03:00", "highlightTitle": ""}