{"organizations": [], "uuid": "510d31225a97964e9dbf5cf26c8ec619dcf27b64", "thread": {"social": {"gplus": {"shares": 0}, "pinterest": {"shares": 0}, "vk": {"shares": 0}, "linkedin": {"shares": 0}, "facebook": {"likes": 2, "shares": 2, "comments": 0}, "stumbledupon": {"shares": 0}}, "site_full": "www.europapress.es", "main_image": "http://img2.europapress.net/fotoweb/fotonoticia_20161001113744_800.jpg", "site_section": "http://www.europapress.es/rss/rss.aspx?ch=549", "section_title": "Europa Press - Chance", "url": "http://www.europapress.es/chance/gente/noticia-asi-plataforma-digital-conecta-mario-testino-seguidores-20161001113744.html", "country": "ES", "domain_rank": 9900, "title": "Así es la plataforma digital que conecta a Mario Testino con sus seguidores", "performance_score": 0, "site": "europapress.es", "participants_count": 1, "title_full": "Así es la plataforma digital que conecta a Mario Testino con sus seguidores", "spam_score": 0.0, "site_type": "news", "published": "2016-10-01T19:37:00.000+03:00", "replies_count": 0, "uuid": "510d31225a97964e9dbf5cf26c8ec619dcf27b64"}, "author": "CHANCE", "url": "http://www.europapress.es/chance/gente/noticia-asi-plataforma-digital-conecta-mario-testino-seguidores-20161001113744.html", "ord_in_thread": 0, "title": "Así es la plataforma digital que conecta a Mario Testino con sus seguidores", "locations": [], "entities": {"persons": [], "locations": [], "organizations": []}, "highlightText": "", "language": "spanish", "persons": [], "text": "Mario Testino , uno de los fotógrafos más prestigiosos del mundo y el encargado de fotografiar las grandes campañas de moda, acaba de anunciar su nuevo proyecto : una plataforma que reúne imágenes nunca vistas de su carrera.    En Miramira.tv los seguidores del afamado fotógrafo encontrarán instantáneas de sus diarios de viaje, vídeos exclusivos y podrán colarse en las famosas escenas de la toalla con celebrities como Cara Delevingne, Karlie Kloss o Blake Lively.\n   \"Antes publicaba libros porque tenía acceso a muchas fiestas y casas y la gente quería que inmortalizara todo, pero me parece que los libros son limitados porque no llegan a todo el mundo mientras que el universo online pueda llegar a 2 millones de personas en un solo paso\", comentó Testino. Y apostilló: \"me permitirá mostrar y comunicar lo que vi, lo que supe y lo que lo estoy disfrutando\". \n   Este cambio en su forma de entender la fotografía viene propiciado por Instagram , red en la que se introdujo hace tres años y su curiosidad la despertó cuando Angela Ahrendts, de Burberry, le pidió que se abriera una cuenta de Facebook, él, al principio, se negaba porque ya tenía correo electrónico con el que comunicarse con sus contactos. \"Los medios sociales le han dado a Mario la oportunidad de comunicarse con sus seguidores. Esta plataforma es un paso importante y un contenido para crear contenidos y proyectos digitales\", ha contado Suki Larson, directora ejecutiva de Mario Testino.", "external_links": [], "published": "2016-10-01T19:37:00.000+03:00", "crawled": "2016-10-01T12:59:59.030+03:00", "highlightTitle": ""}