{"organizations": [], "uuid": "ad92820c5290e148ce4c308e6cbc21fdf5aa7eff", "thread": {"social": {"gplus": {"shares": 0}, "pinterest": {"shares": 0}, "vk": {"shares": 0}, "linkedin": {"shares": 0}, "facebook": {"likes": 0, "shares": 0, "comments": 0}, "stumbledupon": {"shares": 0}}, "site_full": "diario.mx", "main_image": "http://diario.mx/imagesnotas/2016/10/NAC1284984e17396c1_0.jpg", "site_section": "http://diario.mx//RSS/Portada/", "section_title": "El Diario de Juarez", "url": "http://diario.mx/Nacional/2016-10-02_a348f103/saturan-semefo-de-guerrero-400-cuerpos-/", "country": "MX", "domain_rank": 5659, "title": "Saturan Semefo de Guerrero 400 cuerpos", "performance_score": 0, "site": "diario.mx", "participants_count": 1, "title_full": "Saturan Semefo de Guerrero 400 cuerpos", "spam_score": 0.0, "site_type": "news", "published": "2016-10-03T00:13:00.000+03:00", "replies_count": 0, "uuid": "ad92820c5290e148ce4c308e6cbc21fdf5aa7eff"}, "author": "Reforma", "url": "http://diario.mx/Nacional/2016-10-02_a348f103/saturan-semefo-de-guerrero-400-cuerpos-/", "ord_in_thread": 0, "title": "Saturan Semefo de Guerrero 400 cuerpos", "locations": [], "entities": {"persons": [], "locations": [], "organizations": []}, "highlightText": "", "language": "spanish", "persons": [], "text": "Saturan Semefo de Guerrero 400 cuerpos Reforma | Domingo 02 Octubre 2016 | 16:13 hrs Reforma | Chilpancingo, México— Más de 400 cadáveres sin identificar y que saturan las instalaciones del Servicio Médico Forense en Iguala, Chilpancingo y Acapulco serán trasladados a un panteón ministerial. El panteón ministerial, informó el secretario de Salud local, Carlos de la Peña, está ubicado en la capital del estado de Guerrero. El funcionario estatal agregó que los primeros 80 cuerpos serán depositados en unas gavetas de este panteón dentro de 15 días. La mayoría de las personas que se encuentran en refrigeradores de las instalaciones forenses murieron en hechos de violencia; un menor número, atropellados en carreteras.\"El número de cadáveres almacenados en estas instalaciones (de la Semefo) aumentó desde hace cinco años\", aseguró De la Peña. Indicó que el panteón ministerial es construido en coordinación con la Fiscalía General del Estado.\"No serán fosas comunes como lo hicieron en Morelos, aquí los cadáveres se les tomará su ADN y se les meterá en una bolsa a una gaveta individual.\"En donde cada uno tendrá una placa con su propia identificación con la que se tenga, obviamente no habrá nombre, sino solamente las características\", dijo. De la Peña aseguró que los datos genéticos de los 400 cuerpos, quienes sobrepasan la capacidad de almacenamiento de instalaciones forenses en Iguala, Acapulco y Chilpancingo, están en manos de la Procuraduría General de la República (PGR). La mayor cantidad de cuerpos se concentra en el Semefo de Acapulco, un municipio en el que desde hace más de 8 años la violencia e inseguridad son mucho mayores que en las restantes 80 demarcaciones del estado. Durante la Administración del exgobernador Ángel Aguirre, en el 2014 la Secretaría de Salud tenía el proyecto de ampliar la cantidad de instalaciones forenses en la entidad. Existía la intención de construir servicios forenses en Ciudad Altamirano, Zihuatanejo, Ometepec y Tlapa. Sin embargo, hasta el momento sólo funcionan los de Iguala, Chilpancingo y Acapulco. De acuerdo con el titular estatal de salud, el panteón ministerial es un proyecto único en todo el país. Afirmó que el terreno donde se construye fue una donación operada por la alcaldía de Chilpancingo. También te puede interesar Localizan 54 restos óseos en rastreo ciudadano comentarios Los comentarios que en la secci&ocute;n de arriba se vierten son responsabilidad de los participantes. Ayúdenos a mantener un intercambio de ideas sano denunciando, mediante un en el ícono de la bandera, cada participaci&ocute;n que considere inapropiada. Si el comentario no cumple con LAS REGLAS , será eliminado. Consulte aquí el reglamento . Bienvenido a nuestro servicio de comentarios. Lo invitamos a analizar, comentar y cuestionar los artículos y reportajes que publica El Diario. Para mantener un intercambio de ideas sano para todos nuestros usuarios, es necesario que siga las reglas que a continuaci&ocute;n detallamos. Al participar en el servicio de comentarios usted acepta la aplicaci&ocute;n de estas normas. Usted acepta que es totalmente responsable por el contenido que publica. No publicará intencionalmente contenido que viole el derecho de autor, marcas registradas, patentes o cualquier otra propiedad intelectual de una tercera persona. No difundirá contenido difamatorio, obsceno o agresivo que viole el derecho de una tercera persona a la privacidad de acuerdo a las leyes municipales, estatales, federales o incluso internacionales o que sea considerado inapropiado. Indemnizará a Publicaciones Paso del Norte(*), sus empleados y empresas afiliadas de todas y cada una de las demandas y/o dátos (incluyendo, pero no limitándose a honorarios de abogados) que sean presentadas por terceras personas en relaci&ocute;n con el contenido que usted public&ocute;. No redactará contenido que discrimine a otras personas por su género, raza, origen étnico, nacionalidad, religi&ocute;n, preferencias sexuales, discapacidades o cualquier otra categoría. Usted entiende y acepta que El Diario no es responsable por el contenido publicado por terceras personas. Es de su entendimiento que en los foros de discusi&ocute;n, El Diario supervisa el contenido publicado y se reserva el derecho de eliminar, editar o alterar el contenido que parezca inapropiado por cualquier motivo sin pedir el consentimiento del autor. Nos reservamos el derecho de acuerdo a nuestro propio criterio de retirarle a un usuario el derecho a publicar contenido en nuestro sitio. Entiende y acepta que los foros de discusi&ocute;n deben ser usados sin prop&ocute;sitos comerciales. No solicitará recursos o apoyos econ&ocute;micos. No promoverá empresas comerciales o realizará actividades comerciales de ningún tipo en nuestros foros de discusi&ocute;n. Usted entiende y acepta que el uso de cualquier informaci&ocute;n obtenida a través de los foros de discusi&ocute;n es bajo su propio riesgo. El Diario de ninguna manera respalda el contenido que los usuarios difunden, y no puede ni se hará responsable de su veracidad. Con cada contenido que usted publica, otorga a El Diario sin pago de regalías la licencia irrevocable, perpetua, exclusiva y totalmente sublicenciable para usar, reproducir, modificar, adaptar, publicar, traducir, crear trabajos derivados de, distribuir, realizar y mostrar dicho contenido en su totalidad o partes a nivel mundial y para incorporarlos en sus trabajos de cualquier modo conocido actualmente o desarrollado con posterioridad.", "external_links": [], "published": "2016-10-03T00:13:00.000+03:00", "crawled": "2016-10-03T02:17:21.610+03:00", "highlightTitle": ""}