{"organizations": [], "uuid": "149ebe43fbab8f27ca8ea921c95416b0190d6af9", "thread": {"social": {"gplus": {"shares": 0}, "pinterest": {"shares": 0}, "vk": {"shares": 0}, "linkedin": {"shares": 0}, "facebook": {"likes": 7, "shares": 7, "comments": 0}, "stumbledupon": {"shares": 0}}, "site_full": "ecodiario.eleconomista.es", "main_image": "http://s03.s3c.es/imag/efe/2016/10/01/600x400_20161001-12186178w.jpg", "site_section": "", "section_title": "", "url": "http://ecodiario.eleconomista.es/politica/noticias/7862694/10/16/La-Policia-Nacional-empieza-a-poner-orden-a-las-puertas-de-Ferraz.html", "country": "US", "domain_rank": 3233, "title": "La Policía Nacional empieza a poner orden a las puertas de Ferraz - EcoDiario.es", "performance_score": 0, "site": "eleconomista.es", "participants_count": 0, "title_full": "La Policía Nacional empieza a poner orden a las puertas de Ferraz - EcoDiario.es", "spam_score": 0.2, "site_type": "news", "published": "2016-10-01T08:00:00.000+03:00", "replies_count": 0, "uuid": "149ebe43fbab8f27ca8ea921c95416b0190d6af9"}, "author": "", "url": "http://ecodiario.eleconomista.es/politica/noticias/7862694/10/16/La-Policia-Nacional-empieza-a-poner-orden-a-las-puertas-de-Ferraz.html", "ord_in_thread": 0, "title": "La Policía Nacional empieza a poner orden a las puertas de Ferraz - EcoDiario.es", "locations": [], "entities": {"persons": [], "locations": [], "organizations": []}, "highlightText": "", "language": "spanish", "persons": [], "text": "La Policía Nacional empieza a poner orden a las puertas de Ferraz 1/10/2016 - 10:13 Los Tedax de la Policía Nacional desactivan 10 proyectiles de la Guerra Civil en dos intervenciones en Teruel (28/09) \nMadrid, 1 oct (EFE).- Agentes de la Policía Nacional han empezado a poner orden ante la sede socialista de Ferraz al pedir a la gente que ocupaba la acera que se desplazara a la calzada, que ha sido cortada al tráfico hace media hora. \nUna decena de policías han pedido a los simpatizantes que ocupaban el espacio frente a la puerta de entrada a la sede del PSOE, que despejaran el acceso y se colocaran en la calzada. \nLa calle fue cortada a las 9.15 de la mañana en el tramo que ocupa la manzana del PSOE, donde se ha congregado un centenar de personas. \nMientras tanto, simpatizantes de Sánchez siguen con sus consignas de apoyo al secretario general socialista y de insultos a los críticos. \nLa Policía se ha desplegado poco antes de las nueve, con una presencia discreta, a raíz de la solicitud del PSOE a la Delegación del Gobierno de Madrid. Enlaces relacionados ", "external_links": [], "published": "2016-10-01T08:00:00.000+03:00", "crawled": "2016-10-02T04:17:41.466+03:00", "highlightTitle": ""}