{"organizations": [], "uuid": "a891fb8700ce3f2aad1bc0ef6b6b5456d37fb631", "thread": {"social": {"gplus": {"shares": 0}, "pinterest": {"shares": 0}, "vk": {"shares": 0}, "linkedin": {"shares": 0}, "facebook": {"likes": 0, "shares": 0, "comments": 0}, "stumbledupon": {"shares": 0}}, "site_full": "www.elnuevodiario.com.ni", "main_image": "http://endimages.s3.amazonaws.com/news/e37625a488f711e6a13e0eb04a1bba78.jpg", "site_section": "http://www.elnuevodiario.com.ni/rss/", "section_title": "Noticias - El Nuevo Diario", "url": "http://www.elnuevodiario.com.ni/internacionales/406127-defensores-si-acuerdo-paz-colombia-hundidos-plebis/", "country": "NI", "domain_rank": 8067, "title": "Defensores del \"sí\" al acuerdo de paz de Colombia, hundidos por plebiscito - El Nuevo Diario", "performance_score": 0, "site": "elnuevodiario.com.ni", "participants_count": 0, "title_full": "Defensores del \"sí\" al acuerdo de paz de Colombia, hundidos por plebiscito - El Nuevo Diario", "spam_score": 0.0, "site_type": "news", "published": "2016-10-03T07:26:00.000+03:00", "replies_count": 0, "uuid": "a891fb8700ce3f2aad1bc0ef6b6b5456d37fb631"}, "author": "", "url": "http://www.elnuevodiario.com.ni/internacionales/406127-defensores-si-acuerdo-paz-colombia-hundidos-plebis/", "ord_in_thread": 0, "title": "Defensores del \"sí\" al acuerdo de paz de Colombia, hundidos por plebiscito - El Nuevo Diario", "locations": [], "entities": {"persons": [], "locations": [], "organizations": []}, "highlightText": "", "language": "spanish", "persons": [], "text": "Inicio Globo CENTROAMÉRICA Defensores del \"sí\" al acuerdo de paz de Colombia, hundidos por plebiscito \nCon el 99,74 % de las mesas escrutadas, el \"no\" gana el plebiscito con el 50,23 % de los votos elnuevodiario.com.ni 1 de 11 Foto: AFP Los colombianos votaron “No” este domingo al plebiscito del acuerdo de paz, firmado hace menos de una semana por el Gobierno colombiano y la guerrilla de las FARC. 2 de 11 Foto: AFP Los colombianos votaron “No” este domingo al plebiscito del acuerdo de paz, firmado hace menos de una semana por el Gobierno colombiano y la guerrilla de las FARC. 3 de 11 Foto: AFP Los colombianos votaron “No” este domingo al plebiscito del acuerdo de paz, firmado hace menos de una semana por el Gobierno colombiano y la guerrilla de las FARC. 4 de 11 Foto: AFP Los colombianos votaron “No” este domingo al plebiscito del acuerdo de paz, firmado hace menos de una semana por el Gobierno colombiano y la guerrilla de las FARC. 5 de 11 Foto: AFP Los colombianos votaron “No” este domingo al plebiscito del acuerdo de paz, firmado hace menos de una semana por el Gobierno colombiano y la guerrilla de las FARC. 6 de 11 Foto: AFP Los colombianos votaron “No” este domingo al plebiscito del acuerdo de paz, firmado hace menos de una semana por el Gobierno colombiano y la guerrilla de las FARC. 7 de 11 Foto: AFP Los colombianos votaron “No” este domingo al plebiscito del acuerdo de paz, firmado hace menos de una semana por el Gobierno colombiano y la guerrilla de las FARC. 8 de 11 Foto: AFP Los colombianos votaron “No” este domingo al plebiscito del acuerdo de paz, firmado hace menos de una semana por el Gobierno colombiano y la guerrilla de las FARC. 9 de 11 Foto: AFP Los colombianos votaron “No” este domingo al plebiscito del acuerdo de paz, firmado hace menos de una semana por el Gobierno colombiano y la guerrilla de las FARC. 10 de 11 Foto: AFP Los colombianos votaron “No” este domingo al plebiscito del acuerdo de paz, firmado hace menos de una semana por el Gobierno colombiano y la guerrilla de las FARC. 11 de 11 Foto: AFP Los colombianos votaron “No” este domingo al plebiscito del acuerdo de paz, firmado hace menos de una semana por el Gobierno colombiano y la guerrilla de las FARC.", "external_links": [], "published": "2016-10-03T07:26:00.000+03:00", "crawled": "2016-10-03T02:39:10.891+03:00", "highlightTitle": ""}