{"organizations": [], "uuid": "c5d24f70d4847bcdb0bc16a79ad3259b7c288346", "thread": {"social": {"gplus": {"shares": 0}, "pinterest": {"shares": 0}, "vk": {"shares": 0}, "linkedin": {"shares": 0}, "facebook": {"likes": 0, "shares": 0, "comments": 0}, "stumbledupon": {"shares": 0}}, "site_full": "www.elcomercio.com", "main_image": "http://www.elcomercio.com/files/og_thumbnail/uploads/2016/10/03/57f2df595c7df.jpeg", "site_section": "", "section_title": "", "url": "http://www.elcomercio.com/guaifai/facebook-messengerday-snapchat-publicaciones-polonia.html", "country": "", "domain_rank": 1793, "title": "Facebook lanza Messenger Day para competir con Snapchat | El Comercio", "performance_score": 0, "site": "elcomercio.com", "participants_count": 0, "title_full": "Facebook lanza Messenger Day para competir con Snapchat | El Comercio", "spam_score": 0.139, "site_type": "news", "published": "2016-10-03T08:00:00.000+03:00", "replies_count": 0, "uuid": "c5d24f70d4847bcdb0bc16a79ad3259b7c288346"}, "author": "", "url": "http://www.elcomercio.com/guaifai/facebook-messengerday-snapchat-publicaciones-polonia.html", "ord_in_thread": 0, "title": "Facebook lanza Messenger Day para competir con Snapchat | El Comercio", "locations": [], "entities": {"persons": [], "locations": [], "organizations": []}, "highlightText": "", "language": "spanish", "persons": [], "text": "Facebook lanza Messenger Day para competir con Snapchat Infobae América (I) Facebook lanzó Messenger Day, una función dentro de la app que, al igual que Snapchat , permite decorar fotos con texto y stickers.Tal como ocurre en la red social creada por Evan Spiege , las publicaciones duran 24 horas. Además de poder sumar emojis , dibujos y frases, es posible añadir filtros . Por otra parte, hay filtros con distintas alternativas para que los usuarios puedan decir cómo se sienten, lo que están haciendo y para añadir invitaciones .La compañía está probando la aplicación de manera piloto en Polonia y, eventualmente, podría lanzarla en otros lugares. Polonia es el primer país en recibir Messenger Day por tratarse de uno de los sitios donde Snapchat todavía no es furor. Desde la red social de Zuckerberg creen que es una buena idea aprovechar la popularidad de Facebook para instalar esta nueva alternativa y así ganarle de mano a Snapchat. ", "external_links": [], "published": "2016-10-03T08:00:00.000+03:00", "crawled": "2016-10-04T10:02:02.296+03:00", "highlightTitle": ""}