{"organizations": [], "uuid": "f7dbac497d6097e7d56583b47e0d6399d273bdec", "thread": {"social": {"gplus": {"shares": 1}, "pinterest": {"shares": 0}, "vk": {"shares": 0}, "linkedin": {"shares": 0}, "facebook": {"likes": 82, "shares": 82, "comments": 0}, "stumbledupon": {"shares": 0}}, "site_full": "lagaceta.com.ar", "main_image": "http://img.lagaceta.com.ar/fotos/notas/2016/10/01/701587_20161001164854.jpg", "site_section": "", "section_title": "", "url": "http://lagaceta.com.ar/nota/701587/politica/cgt-le-advirtio-al-gobierno-paro-sigue-latente.html", "country": "AR", "domain_rank": 2102, "title": "La CGT le advirtió al Gobierno que el paro sigue latente - Política | La Gaceta", "performance_score": 0, "site": "lagaceta.com.ar", "participants_count": 0, "title_full": "La CGT le advirtió al Gobierno que el paro sigue latente - Política | La Gaceta", "spam_score": 0.002, "site_type": "news", "published": "2016-10-02T00:49:00.000+03:00", "replies_count": 0, "uuid": "f7dbac497d6097e7d56583b47e0d6399d273bdec"}, "author": "La Gaceta", "url": "http://lagaceta.com.ar/nota/701587/politica/cgt-le-advirtio-al-gobierno-paro-sigue-latente.html", "ord_in_thread": 0, "title": "La CGT le advirtió al Gobierno que el paro sigue latente - Política | La Gaceta", "locations": [], "entities": {"persons": [], "locations": [], "organizations": []}, "highlightText": "", "language": "spanish", "persons": [], "text": "MEDIDA DE FUERZA La CGT le advirtió al Gobierno que el paro sigue latente \"Intentamos encontrar un camino en común\", sostuvo el sindicalista Daer. La próxima semana habría una reunión con Prat-Gay. 10 minutos . ARCHIVO BUENOS AIRES.- El sindicalista Héctor Daer, uno de los triunviros de la CGT nacional, advirtió hoy que la posibilidad de realizar un paro convocado por esa central obrera seguía \"latente\" y señaló que en el inicio del diálogo con el Gobierno \"no hay tregua, ni fecha de paro\". \"Intentamos encontrar un camino en común\", sostuvo en declaracioens a radio Mitre respecto del diálogo con el Gobierno y resaltó que lo importante es \"sentarnos en una mesa y discutir cada uno con su punto de vista\". En ese marco, dijo que \"el lunes es posible\" que se reúnan con el ministro de Hacienda, Alfonso de Prat Gay, porque \"el martes viaje\" por lo cual, señaló que \"si no es el lunes será esta semana\". Además se mostró a favor de avanzar en una mesa de diálogo de la que participen los empresarios para \"hablar de todo\", lo que incluiría \"como atravesar esta coyuntura\", la situación del salario y el \"mantenimiento de las fuentes de trabajo\". \"Tenemos que ir a una mesa a discutir con valores y fundamentos sobre la mesa\" dijo el dirigente y concluyó distanciándose de posiciones más radicales como la de las CTA afirmando que un paro no puede ser \"un fin en sí mismo\". (DYN-TÉLAM) \nBUENOS AIRES.- El sindicalista Héctor Daer , uno de los triunviros de la CGT nacional, advirtió hoy que la posibilidad de realizar un paro convocado por esa central obrera seguía \"latente\" y señaló que en el inicio del diálogo con el Gobierno \"no hay tregua, ni fecha de paro\". \n\"Intentamos encontrar un camino en común\", sostuvo en declaracioens a radio Mitre respecto del diálogo con el Gobierno y resaltó que lo importante es \"sentarnos en una mesa y discutir cada uno con su punto de vista\". En ese marco, dijo que \"el lunes es posible\" que se reúnan con el ministro de Hacienda, Alfonso de Prat Gay , porque \"el martes viaje\" por lo cual, señaló que \"si no es el lunes será esta semana\". \nAdemás se mostró a favor de avanzar en una mesa de diálogo de la que participen los empresarios para \"hablar de todo\", lo que incluiría \"como atravesar esta coyuntura\", la situación del salario y el \"mantenimiento de las fuentes de trabajo\". \n\"Tenemos que ir a una mesa a discutir con valores y fundamentos sobre la mesa\" dijo el dirigente y concluyó distanciándose de posiciones más radicales como la de las CTA afirmando que un paro no puede ser \"un fin en sí mismo\". (DYN-TÉLAM) Comentar ", "external_links": [], "published": "2016-10-02T00:49:00.000+03:00", "crawled": "2016-10-01T23:02:02.472+03:00", "highlightTitle": ""}