{"organizations": [], "uuid": "91c5d35e9aa0463978c4b51aea57a51cf0d3282c", "thread": {"social": {"gplus": {"shares": 0}, "pinterest": {"shares": 0}, "vk": {"shares": 0}, "linkedin": {"shares": 0}, "facebook": {"likes": 0, "shares": 0, "comments": 0}, "stumbledupon": {"shares": 0}}, "site_full": "ecodiario.eleconomista.es", "main_image": "http://s03.s3c.es/imag3/logos/economista/bg-ee-facebook.jpg", "site_section": "", "section_title": "", "url": "http://ecodiario.eleconomista.es/espana/noticias/7862847/10/16/MasJaen-Mas-de-17000-personas-asisten-a-las-actividades-culturales-del-programa-Noches-de-Palacio.html", "country": "US", "domain_rank": 3233, "title": "MásJaén.- Más de 17.000 personas asisten a las actividades culturales del programa 'Noches de Palacio' - EcoDiario.es", "performance_score": 0, "site": "eleconomista.es", "participants_count": 0, "title_full": "MásJaén.- Más de 17.000 personas asisten a las actividades culturales del programa 'Noches de Palacio' - EcoDiario.es", "spam_score": 0.2, "site_type": "news", "published": "2016-10-01T20:00:00.000+03:00", "replies_count": 0, "uuid": "91c5d35e9aa0463978c4b51aea57a51cf0d3282c"}, "author": "", "url": "http://ecodiario.eleconomista.es/espana/noticias/7862847/10/16/MasJaen-Mas-de-17000-personas-asisten-a-las-actividades-culturales-del-programa-Noches-de-Palacio.html", "ord_in_thread": 0, "title": "MásJaén.- Más de 17.000 personas asisten a las actividades culturales del programa 'Noches de Palacio' - EcoDiario.es", "locations": [], "entities": {"persons": [], "locations": [], "organizations": []}, "highlightText": "", "language": "spanish", "persons": [], "text": "La Junta participa en las jornadas del 'Otoño Sefardí' con varias actividades en sus centros culturales (20/09) \nMás de 17.000 personas han asistido a la veintena de actividades que ha reunido el Centro Cultural Baños Árabes de Jaén, en el marco del programa cultural 'Noches de Palacio' de la Diputación que se ha desarrollado durante los meses estivales. En concreto, 6.000 asistieron a las actuaciones musicales y teatrales y 11.000 a las exposiciones. \nJAÉN, 1 (EUROPA PRESS) \nSegún ha informado la Diputación en una nota, esta propuesta cultural, que concluyó el pasado miércoles con la presencia del dúo Antílopez, ha contado con una \"extensa y variada\" programación que ha traído hasta la capital a artistas de primer nivel, acercando así la cultura de forma gratuita a todos los jiennenses. \nA través de este programa, \"que se suma a los atractivos que atesora este centro cultural como son los Baños Árabes, el Museo de Arte Naïf y el Museo de Artes y Costumbres Populares, hemos conseguido poner en el epicentro de la cultura jiennense a este centro\", ha subrayado el diputado de Cultura y Deportes, Juan Ángel Pérez. \nAsí, el patio del Palacio de Villardompardo ha sido testigo de actuaciones como la de los cantautores Paco Damas o Luis Eduardo Aute. Además de la música de creación propia, otros géneros musicales han estado presentes en estas noches, como es el caso del grupo folk y celta Sheela Nagig, la música medieval del conjunto sevillano Artefactum, o la mezcla de jazz y copla de la banda 'La Canalla', convertida en \"un referente de la nueva música española\". \nXXVIII CICLOS DE CONCIERTOS DE ROCK \nCantantes como Enrique Madriguera o Rossie Die han acercado el jazz y el soul a las Noches de Palacio. Estas veladas culturales han incluido también los XXVIII Ciclos de Conciertos de Rock, con bandas como Polaris, Atomic Lemons o Revoluzion, entre otras. Igualmente han destacado las actuaciones de Los Escarabajos, considerado como uno de los grupos que mejor tributo rinde a The Beatles. \nAsimismo, también hubo un concierto con mayor afluencia de todo el programa, que lo protagonizaron los británicos Immaculate Fools, con un total de 526 asistentes al Centro Cultural Baños Árabes para disfrutar de su música pop. El dúo onubense Antílopez completó el aforo permitido para su función, ya que contó con la presencia de más de 400 personas. \nEl circo y el teatro también han estado presentes en las Noches de Palacio de la mano de dos compañías andaluzas. Por un lado, 'Vaivén Teatro', ganadora del premio Lorca de Teatro Andaluz, que protagonizó un espectáculo circense y, por otro, los sevillanos 'Sennsa Teatro', que interpretaron Las Bacantes de Eurípides, una tragedia griega. \nII NOCHE JAHENCIANA \nTambién ha sido importante la II Noche Jahenciana, impulsada por el diario 'Viva Jaén' con la colaboración de la Administración provincial, en la que se organizaron unas jornadas de puertas abiertas para visitar los monumentos más emblemáticos de la capital jiennense. \nA todos estos conciertos y espectáculos se agregan las exposiciones que la Diputación ha organizado dentro del programa Noches de Palacio. Así, las fuentes y manantiales de Jaén y 'Blank Canvas' han sido visitadas por más de 11.000 personas a lo largo de todo el verano. \nEn definitiva, este nuevo programa de actividades refleja \"la buena salud\" del Centro Cultural Baños Árabes, donde el número de visitantes ha aumentado ya casi un diez por ciento respecto al mismo periodo del año anterior, ha destacado el diputado. Enlaces relacionados ", "external_links": [], "published": "2016-10-01T20:00:00.000+03:00", "crawled": "2016-10-02T04:18:11.101+03:00", "highlightTitle": ""}