{"organizations": [], "uuid": "aaf5ddf9263caedac64baab12bd5f9d35bb74284", "thread": {"social": {"gplus": {"shares": 0}, "pinterest": {"shares": 0}, "vk": {"shares": 0}, "linkedin": {"shares": 0}, "facebook": {"likes": 0, "shares": 0, "comments": 0}, "stumbledupon": {"shares": 0}}, "site_full": "www.el-nacional.com", "main_image": "", "site_section": "http://el-nacional.com/rss/", "section_title": "El Nacional - Home", "url": "http://www.el-nacional.com/viajes/Descubra-Manhattan-antigua-desierto_0_932906822.html", "country": "US", "domain_rank": 1868, "title": "Descubra la Manhattan antigua del desierto", "performance_score": 0, "site": "el-nacional.com", "participants_count": 1, "title_full": "Descubra la Manhattan antigua del desierto", "spam_score": 0.0, "site_type": "news", "published": "2016-10-04T00:03:00.000+03:00", "replies_count": 0, "uuid": "aaf5ddf9263caedac64baab12bd5f9d35bb74284"}, "author": "el-nacional.com", "url": "http://www.el-nacional.com/viajes/Descubra-Manhattan-antigua-desierto_0_932906822.html", "ord_in_thread": 0, "title": "Descubra la Manhattan antigua del desierto", "locations": [], "entities": {"persons": [], "locations": [], "organizations": []}, "highlightText": "", "language": "spanish", "persons": [], "text": "La ciudad de Shibam, en Yemen, tiene casi 1.700 años de antigüedad. Situada en el distrito de Hadramaut, Shibam tiene sus raíces en el período pre-islámico, y existe evidencia de que algunas de sus construcciones datan del siglo IX.\nShibam es conocida como la primera ciudad sobre la Tierra que presenta un plan maestro vertical. Como sitio patrimonial protegido por la Unesco desde 1982, la localidad alberga densos edificios que van de las cuatro a las ocho plantas, construidos desde el año 300 dC hasta después de 1532. Gracias a sus muros fortificados, la ciudad ha sobrevivido casi dos mil años a pesar de su precaria ubicación, adyacente a una llanura inundable.\n\n\nParada fundamental en la ruta comercial de especias e incienso, Shibam surgió como un faro de la riqueza en la meseta de la Arabia meridional. La ciudad comenzó como un enclave para familias rivales que buscaban prestigio, poder político, y protección frente a los ladrones beduinos.\nLa noción de la vivienda “apilada” se convirtió rápidamente en el modus operandi de su arquitectura, y así comenzó la construcción de cientos de edificios de ladrillos de barro. La solución de estas “casas-torre” eliminaba la vulnerabilidad de los ataques, mientras que exhibían simultáneamente la riqueza de los residentes.\nFuente: Plataforma Arquitectura\nTomado de http://www.plataformaarquitectura.cl/cl/771311/manhattan-del-desierto-shibam-la-antigua-ciudad-de-rascacielos-de-yemen", "external_links": [], "published": "2016-10-04T00:03:00.000+03:00", "crawled": "2016-10-04T00:04:57.305+03:00", "highlightTitle": ""}