{"organizations": [], "uuid": "92b54f0b339c97bcf40f6b872bdedb1b998cccaf", "thread": {"social": {"gplus": {"shares": 0}, "pinterest": {"shares": 0}, "vk": {"shares": 0}, "linkedin": {"shares": 0}, "facebook": {"likes": 13, "shares": 13, "comments": 0}, "stumbledupon": {"shares": 0}}, "site_full": "www.lavanguardia.com", "main_image": "http://www.lavanguardia.com/r/GODO/LV/p3/WebSite/2016/10/03/Recortada/img_tamiguet_20161003-083538_imagenes_lv_otras_fuentes_no_archivables_2280614-kABB-U41746977176SX-992x558@LaVanguardia-Web.jpg", "site_section": "http://www.lavanguardia.com/cultura", "section_title": "Cultura", "url": "http://www.lavanguardia.com/hemeroteca/20161003/41746977176/selma-lagerlof-premios-nobel-literatura-escritora-suecia.html", "country": "ES", "domain_rank": 1941, "title": "Selma Lagerlöf: la primera mujer que sedujo a los académicos suecos", "performance_score": 0, "site": "lavanguardia.com", "participants_count": 1, "title_full": "Selma Lagerlöf: la primera mujer que sedujo a los académicos suecos", "spam_score": 0.113, "site_type": "news", "published": "2016-10-03T01:00:00.000+03:00", "replies_count": 0, "uuid": "92b54f0b339c97bcf40f6b872bdedb1b998cccaf"}, "author": "Teresa Amiguet", "url": "http://www.lavanguardia.com/hemeroteca/20161003/41746977176/selma-lagerlof-premios-nobel-literatura-escritora-suecia.html", "ord_in_thread": 0, "title": "Selma Lagerlöf: la primera mujer que sedujo a los académicos suecos", "locations": [], "entities": {"persons": [], "locations": [], "organizations": []}, "highlightText": "", "language": "spanish", "persons": [], "text": "Los académicos suecos se ven invadidos por la duda. Entre sus candidatos al Nobel de literatura…¡horror! aquel cuya obra posee más calidad es una mujer, Selma Lagerlöf, una maestra rural que ha demostrado que su talento narrativo supera con creces al resto de los candidatos al preciado galardón. Pero… hay un problema: en sus más de dos siglos de historia, la docta Academia nunca ha otorgado el premio a una mujer.\nTodos se muestran reacios a que una fémina franquee el umbral de su docta institución, y es que además Selma es una activa feminista , militante del movimiento sufragista sueco. La polémica está servida.\nPero la razón se impone al fin y el 16 de marzo de 1909 los académicos anuncian su decisión final: Lagerlöf pasa a ser la primera académica (con ‘a’) de su institución.\nEn la ceremonia de su nombramiento ‘justifican su elección’: la escritora había sido distinguida con el Nobel ‘en reconocimiento del elevado idealismo, la vívida imaginación y la espiritual percepción que caracterizan sus escritos’.\nEl 25 de enero del año siguiente Selma, en el tradicional banquete que pone el broche final a la entrega de los prestigiosos premios, pronuncia su ‘ discurso de gracias’ oficial. La literata demuestra dotes narrativas y conocimiento del folklore de su país. Sus palabras seducen a sus ahora ya compañeros de fatigas. Con originalidad y poesía conquista también a sus compatriotas. Empática, cierra su discurso conminando a brindar con un sentido ‘Ska’ (viva), en apoyo a la institución que le ha permitido franquear los umbrales de una institución vetada hasta esa fecha a los hombres.\nSus obras, entre las que destaca El maravilloso viaje de Nils Holgersson , se convirtió en obra de culto de la literatura infantil y fue citada incluso como referencia en el discurso del también premio Nobel Kenzaburo Oé.\nEn España, por su parte Josep Plà no duda en emitir su particular reflexión sobre el éxito de la narradora sueca : 'sus obras vinieron cuando la gente estaba harta de zola y los naturalistas'.\nEl tiempo pasa y afortunadamente nuestra sociedad evoluciona. El próximo mes de junio del presente año una mujer, Sara Danius, se convertirá en la primera presidenta de la Academia sueca, si los académicos levantasen la cabeza….", "external_links": ["http://dgrid.adigimedia.local/modules/component/%20http:/hemeroteca.lavanguardia.com/preview/1925/05/30/pagina-21/33182850/pdf.html?search=%27selma%20lagerlof%27"], "published": "2016-10-03T01:00:00.000+03:00", "crawled": "2016-10-03T10:06:32.881+03:00", "highlightTitle": ""}