{"organizations": [], "uuid": "4a514981a4404c7b0b0a544ebdb32650afc59a8d", "thread": {"social": {"gplus": {"shares": 0}, "pinterest": {"shares": 0}, "vk": {"shares": 0}, "linkedin": {"shares": 0}, "facebook": {"likes": 0, "shares": 0, "comments": 0}, "stumbledupon": {"shares": 0}}, "site_full": "hosted.ap.org", "main_image": "", "site_section": "http://hosted.ap.org/dynamic/fronts/NOTICIAS_DEPORTIVAS?SITE=AP&SECTION=HOME", "section_title": "News from The Associated Press", "url": "http://hosted.ap.org/dynamic/stories/D/DEP_BEI_DODGERS_GIGANTES_SPSPT?SITE=AP&SECTION=HOME&TEMPLATE=DEFAULT&CTIME=2016-10-02-18-33-39", "country": "US", "domain_rank": 2032, "title": "Gigantes barre a Dodgers y asegura el segundo comodín", "performance_score": 0, "site": "ap.org", "participants_count": 1, "title_full": "Gigantes barre a Dodgers y asegura el segundo comodín", "spam_score": 0.0, "site_type": "news", "published": "2016-10-03T02:33:00.000+03:00", "replies_count": 0, "uuid": "4a514981a4404c7b0b0a544ebdb32650afc59a8d"}, "author": "ap", "url": "http://hosted.ap.org/dynamic/stories/D/DEP_BEI_DODGERS_GIGANTES_SPSPT?SITE=AP&SECTION=HOME&TEMPLATE=DEFAULT&CTIME=2016-10-02-18-33-39", "ord_in_thread": 0, "title": "Gigantes barre a Dodgers y asegura el segundo comodín", "locations": [], "entities": {"persons": [], "locations": [], "organizations": []}, "highlightText": "", "language": "spanish", "persons": [], "text": "SAN FRANCISCO (AP) -- Si es un ańo par, los Gigantes de San Francisco encontrarán la manera de llegar a la postemporada.\nSan Francisco ingresó a playoffs en el último día de temporada regular al asegurarse el segundo comodín de la Liga Nacional con un triunfo el domingo 7-1 sobre los Dodgers de Los Ángeles para completar la barrida en la serie de tres partidos.\nDenard Span bateó un triple de dos carreras entre sus tres imparables y Buster Posey terminó con tres hits e impulsó tres anotaciones.\nSan Francisco, que ganó títulos de Serie Mundial en 2010, 2012 y 2014, jugará en casa de los campeones defensores de la Liga Nacional, los Mets de Nueva York, la noche del miércoles en el duelo de comodines de la Liga Nacional. El ganador avanzará a la Serie Divisional ante los Cachorros de Chicago. Madison Bumgarner, el Jugador Más Valioso de la Serie Mundial de 2014, se medirá a Noah Syndergaard.\nEl triunfo fue para Matt Moore (6-5) y la derrota fue para Kenta Maeda (16-11).\nPor los Gigantes, el puertorriqueńo Ángel Pagán de 5-3.\nPor los Dodgers, el mexicano Adrián González de 2-1. Los cubanos Yasmani Grandal de 2-1 con una impulsada; Yasiel Puig de 4-0. El puertorriqueńo Enrique Hernández de 2-0.\n ", "external_links": ["http://analytics.apnewsregistry.com/analytics/v2/image.svc/AP/RWS/hosted.ap.org/MAI/SP7381-2016-10-02T1833Z/E/prod/AT/A"], "published": "2016-10-03T02:33:00.000+03:00", "crawled": "2016-10-03T02:11:13.581+03:00", "highlightTitle": ""}