{"organizations": [], "uuid": "99e9fe1889f5743c54d2b628a3cb92bf415c009a", "thread": {"social": {"gplus": {"shares": 0}, "pinterest": {"shares": 0}, "vk": {"shares": 0}, "linkedin": {"shares": 0}, "facebook": {"likes": 0, "shares": 0, "comments": 0}, "stumbledupon": {"shares": 0}}, "site_full": "www.mundodeportivo.com", "main_image": "http://www.mundodeportivo.com/rsc/images/default_story_image.jpg?v=35470", "site_section": "http://feeds.feedburner.com/mundodeportivo-futbol-titulares", "section_title": "Fútbol", "url": "http://www.mundodeportivo.com/futbol/20161001/41719148565/medellin-y-cerro-porteno-abriran-los-cuartos-de-final-de-la-sudamericana.html", "country": "ES", "domain_rank": 2564, "title": "Medellín y Cerro Porteño abrirán los cuartos de final de la Sudamericana", "performance_score": 0, "site": "mundodeportivo.com", "participants_count": 0, "title_full": "Medellín y Cerro Porteño abrirán los cuartos de final de la Sudamericana", "spam_score": 0.0, "site_type": "news", "published": "2016-10-02T04:40:00.000+03:00", "replies_count": 0, "uuid": "99e9fe1889f5743c54d2b628a3cb92bf415c009a"}, "author": "", "url": "http://www.mundodeportivo.com/futbol/20161001/41719148565/medellin-y-cerro-porteno-abriran-los-cuartos-de-final-de-la-sudamericana.html", "ord_in_thread": 0, "title": "Medellín y Cerro Porteño abrirán los cuartos de final de la Sudamericana", "locations": [], "entities": {"persons": [], "locations": [], "organizations": []}, "highlightText": "", "language": "spanish", "persons": [], "text": "Medellín y Cerro Porteño abrirán los cuartos de final de la Sudamericana Comparte en Facebook MundoDeportivo.com Barcelona Actualizado a 01-10-2016 22:40 \nAsunción, 1 oct (EFE).- El Independiente Medellín y el Cerro Porteño serán los encargados de abrir los cuartos de final de la Copa Sudamericana el 18 de octubre en el estadio Atanasio Girardot de Medellín. \nEl conjunto paraguayo volverá a tener un rival de Colombia, como le pasó en octavos de final con el Independiente Santa Fe, campeón del torneo en 2015, al que eliminó tras perder 2-0 en Bogotá y ganar 4-1 en Asunción el pasado jueves. \nEl Independiente Medellín, por su parte, volverá a tener un rival paraguayo, como le sucedió en segunda ronda contra Sportivo Luqueño, al que ganó 3-0 en Colombia, pero con el que perdió 2-0 en Luque. \nLos otros tres duelos de cuartos de final serán entre Junior y Chapecoense, Coritiba y Atlético Nacional, y San Lorenzo y Palestino. \n- Partidos de ida de los cuartos de final: \n18.10: Independiente Medellín (COL) - Cerro Porteño (PAR) \n19.10: Atlético Junior (COL) - Chapecoense (BRA) \n19.10: Coritiba (BRA) - Atlético Nacional (COL) \n20.10: San Lorenzo (ARG) - Palestino (CHI) \n- Partidos de vuelta de cuartos de final: \n25.10: Cerro Porteño (PAR) - I. Medellín (COL) \n26.10: Chapecoense (BRA) - Atlético Junior (COL) \n26.10: Atlético Nacional (COL) - Coritiba (BRA) \n27.10: Palestino (CHI) - San Lorenzo (ARG). EFE \napg/car/ism", "external_links": [], "published": "2016-10-02T04:40:00.000+03:00", "crawled": "2016-10-02T00:35:16.519+03:00", "highlightTitle": ""}