{"organizations": [], "uuid": "c11902f42f66f0b158c9c095b3d66e469ef97925", "thread": {"social": {"gplus": {"shares": 0}, "pinterest": {"shares": 0}, "vk": {"shares": 0}, "linkedin": {"shares": 0}, "facebook": {"likes": 0, "shares": 0, "comments": 0}, "stumbledupon": {"shares": 0}}, "site_full": "ecodiario.eleconomista.es", "main_image": "http://s03.s3c.es/imag3/logos/economista/bg-ee-facebook.jpg", "site_section": "", "section_title": "", "url": "http://ecodiario.eleconomista.es/politica/noticias/7862165/09/16/Sanchez-quiere-que-el-Comite-Federal-se-pronuncie-sobre-una-abstencion-a-Rajoy.html", "country": "US", "domain_rank": 3233, "title": "Sánchez quiere que el Comité Federal se pronuncie sobre una abstención a Rajoy - EcoDiario.es", "performance_score": 0, "site": "eleconomista.es", "participants_count": 0, "title_full": "Sánchez quiere que el Comité Federal se pronuncie sobre una abstención a Rajoy - EcoDiario.es", "spam_score": 0.172, "site_type": "news", "published": "2016-10-01T04:51:00.000+03:00", "replies_count": 0, "uuid": "c11902f42f66f0b158c9c095b3d66e469ef97925"}, "author": "", "url": "http://ecodiario.eleconomista.es/politica/noticias/7862165/09/16/Sanchez-quiere-que-el-Comite-Federal-se-pronuncie-sobre-una-abstencion-a-Rajoy.html", "ord_in_thread": 0, "title": "Sánchez quiere que el Comité Federal se pronuncie sobre una abstención a Rajoy - EcoDiario.es", "locations": [], "entities": {"persons": [], "locations": [], "organizations": []}, "highlightText": "", "language": "spanish", "persons": [], "text": "Sánchez quiere que el Comité Federal se pronuncie sobre una abstención a Rajoy 30/09/2016 - 20:51 \nEl secretario general en funciones del PSOE, Pedro Sánchez, quiere que el Comité Federal de este sábado tome una decisión sobre la posición del partido ante una investidura de Mariano Rajoy como presidente del Gobierno. \nMADRID, 30 (EUROPA PRESS) \nAsí lo ha anunciado Sánchez en una comparecencia sin preguntas que ha tenido lugar pasadas las 20,30 horas en la sede de la calle Ferraz, a donde el secretario ha llegado minutos antes. \nEl secretario general, además, no ha aceptado el dictamen de la mayoría de la Comisión de Ética y Garantías que consideran que, de acuerdo a los estatutos del partido, la Comisión Ejecutiva Federal está \"disuelta\" tras la dimisión de la mayoría de sus miembros y han pedido que el Comité Federal designe a los miembros de una comisión gestora. \n(HABRÁ AMPLIACIÓN) Enlaces relacionados ", "external_links": [], "published": "2016-10-01T04:51:00.000+03:00", "crawled": "2016-10-02T04:20:23.898+03:00", "highlightTitle": ""}