{"organizations": [], "uuid": "9b0d9367107bfab4bbe99da730690a3087e779c6", "thread": {"social": {"gplus": {"shares": 0}, "pinterest": {"shares": 0}, "vk": {"shares": 0}, "linkedin": {"shares": 0}, "facebook": {"likes": 3, "shares": 3, "comments": 0}, "stumbledupon": {"shares": 0}}, "site_full": "spanish.xinhuanet.com", "main_image": "", "site_section": "", "section_title": "", "url": "http://spanish.xinhuanet.com/2016-10/01/c_135726469.htm", "country": "CN", "domain_rank": 74, "title": "Segundo diálogo económico China-Alemania tiene lugar en Berlín | Spanish.xinhuanet.com", "performance_score": 0, "site": "xinhuanet.com", "participants_count": 0, "title_full": "Segundo diálogo económico China-Alemania tiene lugar en Berlín | Spanish.xinhuanet.com", "spam_score": 0.21, "site_type": "news", "published": "2016-10-01T10:49:00.000+03:00", "replies_count": 0, "uuid": "9b0d9367107bfab4bbe99da730690a3087e779c6"}, "author": "", "url": "http://spanish.xinhuanet.com/2016-10/01/c_135726469.htm", "ord_in_thread": 0, "title": "Segundo diálogo económico China-Alemania tiene lugar en Berlín | Spanish.xinhuanet.com", "locations": [], "entities": {"persons": [], "locations": [], "organizations": []}, "highlightText": "", "language": "spanish", "persons": [], "text": "Segundo diálogo económico China-Alemania tiene lugar en Berlín Spanish.xinhuanet.com 2016-10-01 02:49:12 (Xinhua/Yuan Shuai) \nBERLIN, 30 sep (Xinhua) -- Más de 200 representantes de los círculos empresarial y político de Alemania, así como de compañías chinas en ese país, sostuvieron el segundo diálogo económico chino-alemán. \nEl encuentro, que comenzó el jueves, abarcó discusiones sobre oportunidades de cooperación y desafíos entre los dos países, y sobre un mayor potencial de cooperación. \nEl embajador chino en Alemania, Shi Mingde, dijo que la cooperación de ambas partes respecto a la innovación ha dejado espacio para el desarrollo. \nLas relaciones buenas y estables no fueron resultado de esfuerzos unilaterales. Actualmente, China está atravesando una fase de transición del cambio industrial y en este contexto, el Estado está impulsando una mayor calidad a través de la innovación tecnológica, añadió Shi. \nShi mencionó que China ha mantenido el crecimiento mediante las reformas, mientras que otros países siguen enfrentando grandes desafíos. \nChina desea profundizar el diálogo en temas de protección ambiental y seguridad social, y ampliar la cooperación en mercados de terceros países para superar de manera conjunta los desafíos, añadió Shi. \nEl presidente de la Cámara de Comercio de China en Alemania, Cai Zhengxin, dijo que las compañías chinas esperan ser apoyadas política y económicamente por Alemania en el futuro. \nEn el campo de la industria 4.0, Alemania lidera al mundo, mientras que las necesidades del mercado chino darán a las compañías alemanas una oportunidad importante, dijo Juergen Geissinger, del comité económico del partido Unión Demócrata Cristiana (CDU). \nLa reformas estructurales de China son conducentes a impulsar la vitalidad de la economía mundial. La parte alemana está dispuesta a responder a las necesidades de China, indicó Geissinger. \nEl segundo diálogo económico chino-alemán fue organizado de manera conjunta por la Cámara de Comercio China en Alemania y por el comité económico de la CDU. ", "external_links": [], "published": "2016-10-01T10:49:00.000+03:00", "crawled": "2016-10-01T05:40:56.988+03:00", "highlightTitle": ""}