{"organizations": [], "uuid": "1913959aa3592a1ed02f0a7bf3106391399ed670", "thread": {"social": {"gplus": {"shares": 0}, "pinterest": {"shares": 0}, "vk": {"shares": 0}, "linkedin": {"shares": 0}, "facebook": {"likes": 0, "shares": 0, "comments": 0}, "stumbledupon": {"shares": 0}}, "site_full": "espanol.answers.yahoo.com", "main_image": "/static/images/answers-icon.png", "site_section": "https://espanol.answers.yahoo.com/rss/allq?filter=intl&tab=popular", "section_title": "Yahoo Answers: Popular Questions", "url": "https://espanol.answers.yahoo.com/question/index?qid=20161001102816AAHLqEq", "country": "US", "domain_rank": 5, "title": "[ Religión y Espiritualidad ] Open Question : ¿Como saber si una persona esta predestinada para mi?", "performance_score": 0, "site": "yahoo.com", "participants_count": 0, "title_full": "[ Religión y Espiritualidad ] Open Question : ¿Como saber si una persona esta predestinada para mi?", "spam_score": 0.0, "site_type": "news", "published": "2016-10-02T01:28:00.000+03:00", "replies_count": 0, "uuid": "1913959aa3592a1ed02f0a7bf3106391399ed670"}, "author": "", "url": "https://espanol.answers.yahoo.com/question/index?qid=20161001102816AAHLqEq", "ord_in_thread": 0, "title": "[ Religión y Espiritualidad ] Open Question : ¿Como saber si una persona esta predestinada para mi?", "locations": [], "entities": {"persons": [], "locations": [], "organizations": []}, "highlightText": "", "language": "spanish", "persons": [], "text": "¿Como saber si una persona esta predestinada para mi? Agregar tu respuesta Creo que esta pregunta viola las Normas de la comunidad Chatear o despotricar, contenido para adultos, spam, insultando a otros miembros, mostrar más Creo que esta pregunta viola las Condiciones de servicio Daño a menores, violencia o amenazas, acoso o invasión de la privacidad, suplantación o mala representación, fraude o phishing. mostrar más Detalles adicionales Si crees que se infringió tu propiedad intelectual y te gustaría presentar una queja, por favor lee nuestras Políticas de Derechos de autor/IP Notificar abuso Creo que esta respuesta infringe las Normas de la comunidad. Chatear o despotricar, contenido para adultos, spam, insultando a otros miembros, mostrar más Creo que esta respuesta infringe las Condiciones de servicio. Daño a menores, violencia o amenazas, acoso o invasión de la privacidad, suplantación o mala representación, fraude o phishing. mostrar más Detalles adicionales Si crees que se infringió tu propiedad intelectual y te gustaría presentar una queja, por favor lee nuestras Políticas de Derechos de autor/IP Notificar abuso Creo que este comentario infringe las Normas de la comunidad. Chatear o despotricar, contenido para adultos, spam, insultando a otros miembros, mostrar más Creo que este comentario infringe las Condiciones de servicio. Daño a menores, violencia o amenazas, acoso o invasión de la privacidad, suplantación o mala representación, fraude o phishing. mostrar más Detalles adicionales Si crees que se infringió tu propiedad intelectual y te gustaría presentar una queja, por favor lee nuestras Políticas de Derechos de autor/IP Notificar abuso ¡normalmente se responde en minutos! Expandir» La carga falló. Carga un archivo de más de 100 x 100 pixeles. Estamos teniendo algunos problemas, inténtalo nuevamente. Solo puedes cargar archivos PNG, JPG o JPEG. Solo puedes cargar archivos 3GP, 3GPP, MP4, MOV, AVI, MPG, MPEG o RM. Solo puedes cargar fotos menores a 5 MB. Solo puedes cargar videos menores a 600 MB. Solo puedes cargar una foto (png, jpg, jpeg) o un video (3gp, 3gpp, mp4, mov, avi, mpg, mpeg, rm). Solo puedes cargar una foto o un video. El video debe ser de menos de <b>600 mb/5 minutos</b>. La foto debe ser de menos de <b>5 mb</b>. El video debe ser de menos de <b>600 mb/5 minutos</b>. La foto debe ser de menos de <b>5 mb</b>. Responder preguntas", "external_links": [], "published": "2016-10-02T01:28:00.000+03:00", "crawled": "2016-10-02T00:12:48.473+03:00", "highlightTitle": ""}