{"organizations": [], "uuid": "c5b6ee6e27af3824d3ef5547b18350a65779581e", "thread": {"social": {"gplus": {"shares": 0}, "pinterest": {"shares": 0}, "vk": {"shares": 0}, "linkedin": {"shares": 0}, "facebook": {"likes": 303, "shares": 303, "comments": 0}, "stumbledupon": {"shares": 0}}, "site_full": "www.biobiochile.cl", "main_image": "http://media.biobiochile.cl/wp-content/uploads/2016/10/plantacion-730x350.jpg", "site_section": "", "section_title": "", "url": "http://www.biobiochile.cl/noticias/nacional/region-de-valparaiso/2016/10/01/realizan-reforestacion-de-100-arboles-en-parte-del-santuario-el-cipres-en-san-felipe.shtml", "country": "US", "domain_rank": 759, "title": "Realizan reforestación de 100 árboles en parte del santuario El Ciprés en San Felipe", "performance_score": 3, "site": "biobiochile.cl", "participants_count": 0, "title_full": "Realizan reforestación de 100 árboles en parte del santuario El Ciprés en San Felipe", "spam_score": 0.214, "site_type": "news", "published": "2016-10-02T06:51:00.000+03:00", "replies_count": 0, "uuid": "c5b6ee6e27af3824d3ef5547b18350a65779581e"}, "author": "Biobiochile - La Red De Prensa M S Grande De Chile.", "url": "http://www.biobiochile.cl/noticias/nacional/region-de-valparaiso/2016/10/01/realizan-reforestacion-de-100-arboles-en-parte-del-santuario-el-cipres-en-san-felipe.shtml", "ord_in_thread": 0, "title": "Realizan reforestación de 100 árboles en parte del santuario El Ciprés en San Felipe", "locations": [], "entities": {"persons": [], "locations": [], "organizations": []}, "highlightText": "", "language": "spanish", "persons": [], "text": "Realizan reforestación de 100 árboles en parte del santuario El Ciprés en San Felipe 0 Visitas Nicole Briones \nEn el marco de la celebración del día nacional del Medio Ambiente, se desarrolló la reforestación de 100 árboles en una parte del sector del santuario El Ciprés localizado en la provincia de San Felipe. \nLa reforestación se realizó en el sector más dañado del santuario, esto ya que recordemos, en marzo de este año, un incendio forestal consumió más de 700 hectáreas en serranía El Ciprés. \nDenisse Nuñez, jefa provincial de la Corporación Nacional Forestal (Conaf), explicó que esta acción es el primer paso para comenzar a reforestar el santuario el Ciprés, donde agregó que ya se está trabajando en un plan de restauración a largo plazo. \nhttp://media.biobiochile.cl/wp-content/uploads/2016/10/cipres.mp3 \nEntre los 100 árboles reforestados, se encuentran las especies de Quillay, Maitén, Huingan y Algarrobo. \nCabe mencionar que durante esta fecha, parques nacionales y áreas protegidas estarán abiertas al público de manera gratuita, esto con el fin de enseñar a la comunidad los espacios de conservación existentes en la zona. ", "external_links": [], "published": "2016-10-02T06:51:00.000+03:00", "crawled": "2016-10-02T12:47:05.453+03:00", "highlightTitle": ""}