{"organizations": [], "uuid": "9d7561f9c450d15e904e96a4a57060e74c93c95c", "thread": {"social": {"gplus": {"shares": 0}, "pinterest": {"shares": 0}, "vk": {"shares": 0}, "linkedin": {"shares": 0}, "facebook": {"likes": 0, "shares": 0, "comments": 0}, "stumbledupon": {"shares": 0}}, "site_full": "rpp.pe", "main_image": "http://f.rpp-noticias.io/2016/10/02/282428_257218.png", "site_section": "", "section_title": "", "url": "http://rpp.pe/mundo/colombia/las-regiones-mas-marcadas-por-la-violencia-de-las-farc-dijeron-si-a-la-paz-noticia-999200", "country": "US", "domain_rank": 4255, "title": "Las regiones más marcadas por la violencia de las FARC dijeron \"sí\" a la paz", "performance_score": 0, "site": "rpp.pe", "participants_count": 0, "title_full": "Las regiones más marcadas por la violencia de las FARC dijeron \"sí\" a la paz", "spam_score": 0.66, "site_type": "news", "published": "2016-10-03T08:24:00.000+03:00", "replies_count": 0, "uuid": "9d7561f9c450d15e904e96a4a57060e74c93c95c"}, "author": "Redacci N", "url": "http://rpp.pe/mundo/colombia/las-regiones-mas-marcadas-por-la-violencia-de-las-farc-dijeron-si-a-la-paz-noticia-999200", "ord_in_thread": 0, "title": "Las regiones más marcadas por la violencia de las FARC dijeron \"sí\" a la paz", "locations": [], "entities": {"persons": [], "locations": [], "organizations": []}, "highlightText": "", "language": "spanish", "persons": [], "text": "Las regiones más marcadas por la violencia de las FARC dijeron \"sí\" a la paz En los departamentos del Chocó, Caquetá, Vaupes, entre otros votaron por el \"sí\". Redacción 02 de octubre del 2016 - 7:19 PM En los departamentos más golpeados por la violencia de las FARC ha ganado contundentemente el \"sí\" a la paz. | Fuente: EFE \nLa opción del \"sí\" en el plebiscito sobre el acuerdo de paz del Gobierno colombiano con la guerrilla de las FARC ganó en las regiones más golpeadas por el conflicto armado , pese a que el \"no\" obtuvo la victoria a nivel nacional. \nEn Bojayá, departamento del Chocó, las FARC detonaron en 2002 una bomba sobre una iglesia durante un enfrentamiento con paramilitares. Dentro del lugar había casi 300 personas y murieron más de 100. En esta localidad, el \"sí\", logró una victoria arrolladora del 95,76%. \nEn San Vicente del Caguán, localidad del departamento del Caquetá la opción del \"sí\" ganó con el 62,93 % mientras que el \"no\" tuvo el 37,06 %.. Entre 1999 y 2002 esta fue sede de un fracasado proceso de paz del Gobierno con la guerrilla. \nEn Toribio (Cauca), al suroeste, otro de los municipios que ha vivido el conflicto armado, el \"sí\" obtuvo el 84,80 % con 6.535 votos, mientras que el \"no\" alcanzó, el 15,19 % con 1.171 papeletas. En Turbo (Antioquia), cuyas zonas rurales fueron de las que más se vieron afectadas por masacres de la guerrilla, la opción del \"sí\" ganó con el 56,05 % (11.278 votos) sobre el 43,94 % (8.843 votos) del \"no\". \nTambién en Mitú, capital del Vaupés (frontera con Brasil) el \"sí\" obtuvo 75,62 % con 2.705 votos, mientras que el \"no\" recibió 872 . Una ocupación de las FARC en 1998 dejó un resultado de 41 muertos entre policías, militares y civiles, y 61 uniformados secuestrados por varios años. (Con información de EFE). El mapa de las regiones en el plebiscito. Las de naranja votaron por el \"NO\" y las de verde por el \"SÍ\". | Fuente: Registraduría Nacional de Estado Civil (Colombia) ", "external_links": [], "published": "2016-10-03T08:24:00.000+03:00", "crawled": "2016-10-03T03:25:15.697+03:00", "highlightTitle": ""}