{"organizations": [], "uuid": "f1d9387efab47952628ccb3bbfcabad4ed00999c", "thread": {"social": {"gplus": {"shares": 0}, "pinterest": {"shares": 0}, "vk": {"shares": 0}, "linkedin": {"shares": 0}, "facebook": {"likes": 0, "shares": 0, "comments": 0}, "stumbledupon": {"shares": 0}}, "site_full": "www.abc.es", "main_image": "http://www.abc.es/media/internacional/2016/10/03/oromia-kfnB--620x349@abc.jpg", "site_section": "", "section_title": "", "url": "http://www.abc.es/internacional/abci-menos-52-muertos-etiopia-tras-estampida-provocada-represion-policial-201610030642_noticia.html", "country": "ES", "domain_rank": 1487, "title": "Al menos 52 muertos en Etiopía tras una estampida provocada por la represión policial", "performance_score": 0, "site": "abc.es", "participants_count": 0, "title_full": "Al menos 52 muertos en Etiopía tras una estampida provocada por la represión policial", "spam_score": 0.043, "site_type": "news", "published": "2016-10-03T12:45:00.000+03:00", "replies_count": 0, "uuid": "f1d9387efab47952628ccb3bbfcabad4ed00999c"}, "author": "", "url": "http://www.abc.es/internacional/abci-menos-52-muertos-etiopia-tras-estampida-provocada-represion-policial-201610030642_noticia.html", "ord_in_thread": 0, "title": "Al menos 52 muertos en Etiopía tras una estampida provocada por la represión policial", "locations": [], "entities": {"persons": [], "locations": [], "organizations": []}, "highlightText": "", "language": "spanish", "persons": [], "text": "Internacional Al menos 52 muertos en Etiopía tras una estampida provocada por la represión policial La estampida que se originó después de que la Policía empleara gases lacrimógenos para dispersar una protesta de los Oromo Parte de la manifestación en la región de Oromia - REUTERS EFE Adis Abeba Guardado en: Internacional \nAl menos 52 personas murieron este domingo en una estampida que se originó en una fiesta tradicional después de que la Policía empleara gases lacrimógenos para dispersar una protesta en la región de Oromia , en Etiopía, donde en el último año fallecieron más de 400 personas por la represión policial. \nUna multitud de personas celebraba en la localidad de Bishoftu, a unos 40 kilómetros de Adis Abeba, la Irrecha , la gran ceremonia anual de los Oromo, el mayor grupo étnico del país. En medio de esta fiesta tradicional, algunos asistentes empezaron a agitar banderas de la región y corear consignas contra el Gobierno , al que acusan de perseguirles de manera injustificada. \nFue entonces cuando la Policía intervino y utilizó gases lacrimógenos para dispersar a los manifestantes, lo que provocó el pánico entre la multitud , según dijo a Efe un activista social que se encontraba en el lugar de los hechos y que prefirió mantener el anonimato, según dijo, por miedo. \n«La gente empezó a correr y algunos cayeron en zanjas de unos 15 metros de profundidad. Otros cayeron unos encima de otros, lo que empeoró la situación», relató este testigo. El gobierno etíope elevó a 52 el número de muertos, que con anterioridad testigos cifraron en una veintena, aunque ya el partido opositor más importante en la región, el Congreso Federalista Oromo (OFC), aseguraba que podría haber más de 50 muertos. En este sentido, el OFC criticó la actuación de las fuerzas de seguridad, a las que atribuyó la responsabilidad de este trágico suceso. \nIncluso antes de que empezaran las protestas, algunos medios locales aseguraron que varios helicópteros sobrevolaban la zona para vigilar el transcurso de esta ceremonia tradicional de los oromo. El Gobierno etíope, por su parte, había confirmado con anterioridad que varias personas murieron durante los momentos de «caos» y «disturbios» que se vivieron en Oromia entre manifestantes y las fuerzas de seguridad. Sin embargo, negó que las fuerzas de seguridad abrieran fuego. \nDesde noviembre de 2015, Etiopía ha registrado una ola de protestas sin precedentes por todo el país y más de 500 personas han muerto como consecuencia de la represión de las fuerzas de seguridad en las regiones de Oromia, en el centro sur del país, Amhara, en el norte, y Konso, en el sur. Las manifestaciones se originaron tras la aprobación de un plan urbanístico para expandir Adis Abeba, lo que puede poner en peligro las tierras de cultivo de los oromo , un pueblo tradicionalmente agrícola y seminómada, aunque finalmente el Gobierno decidió retirarlo. Protestas similares se registraron en abril de 2014, cuando también se produjeron muertes, heridos y detenciones masivas de manifestantes. \nOrganizaciones de defensa de los Derechos Humanos como Amnistía Internacional (AI) han denunciado en repetidas ocasiones que el Gobierno etíope detiene de forma periódica a intelectuales y figuras prominentes entre los oromo porque teme que su influencia política puede animar a la población a revelarse contra la administración . En medio de esta ola de protestas, el primer ministro de Etiopía, Hailemariam Desalegn, anunció que su Gobierno había ordenado al Ejército y al resto de fuerzas de seguridad que «tomen todas las medidas necesarias para restaurar la paz y el orden». Organismos como la Unión Europea han instado al Gobierno de Etiopía a utilizar los mecanismos constitucionales vigentes para alcanzar una solución pacífica en este conflicto. ", "external_links": [], "published": "2016-10-03T12:45:00.000+03:00", "crawled": "2016-10-03T07:45:47.802+03:00", "highlightTitle": ""}