{"organizations": [], "uuid": "49bb4dcb1a222642e360cdf4b0281b0897adce8a", "thread": {"social": {"gplus": {"shares": 0}, "pinterest": {"shares": 0}, "vk": {"shares": 0}, "linkedin": {"shares": 0}, "facebook": {"likes": 0, "shares": 0, "comments": 0}, "stumbledupon": {"shares": 0}}, "site_full": "www.lanacion.com.ar", "main_image": "http://servicios.lanacion.com.ar/_ui/desktop/imgs/logos/defaultFB.png", "site_section": "http://contenidos.lanacion.com.ar/herramientas/rss/categoria_id=7775", "section_title": "Seguridad - lanacion.com", "url": "http://www.lanacion.com.ar/1943554-sentencia-por-el-crimen-de-un-espanol", "country": "AR", "domain_rank": 1177, "title": "Sentencia por el crimen de un español", "performance_score": 0, "site": "lanacion.com.ar", "participants_count": 1, "title_full": "Sentencia por el crimen de un español", "spam_score": 0.0, "site_type": "news", "published": "2016-10-03T11:00:00.000+03:00", "replies_count": 0, "uuid": "49bb4dcb1a222642e360cdf4b0281b0897adce8a"}, "author": "lanacion.com (noreply@lanacionline.com.ar)", "url": "http://www.lanacion.com.ar/1943554-sentencia-por-el-crimen-de-un-espanol", "ord_in_thread": 0, "title": "Sentencia por el crimen de un español", "locations": [], "entities": {"persons": [], "locations": [], "organizations": []}, "highlightText": "", "language": "spanish", "persons": [], "text": "  Sentencia por el crimen de un español La ex mujer de la víctima y su actual pareja son los acusados   0 Un tribunal de Comodoro Rivadavia dará a conocer hoy el veredicto en el juicio contra una mujer y su pareja, acusados del homicidio del español Domingo Expósito Moreno, que en 2014 fue asesinado a balazos en esa ciudad chubutense en el contexto de una fuerte disputa legal por la guarda de la hija que tenía con la imputada. \nLos jueces Mariano Nicosia, Jorge Odorisio y Daniela Arcuri deben resolverán la responsabilidad penal de Nadia Kesen, de 32, y de Sergio Solís, de la misma edad, en los delitos que se les imputan, ella como \"instigadora\" del homicidio agravado de Expósito Moreno (que también tenía 32) y él como \"autor material\" del crimen. \nLa semana pasada, el fiscal de juicio Adrián Cabral solicitó en su alegato que ambos acusados sean condenados por esos delitos: en el caso de Kesen con el agravante de que el crimen fue \"cometido contra una persona que mantuvo una relación de pareja\" y en el de Solís por \"el uso de arma de fuego\" y la \"alevosía\". Pidió prisión perpetua para ambos. \nEl abogado querellante, Sergio Romero, coincidió con el requerimiento del fiscal y remarcó que \"la restitución\" de la hija de la víctima y Kesen fue el \"móvil del crimen\". \nLos defensores, en tanto, solicitaron la absolución por falta de pruebas. El abogado de Kesen, Guillermo Iglesias, incluso propuso la \"absolución con ejemplar imposición de costas para ambos acusadores\", quienes, sostuvo, \"recurren a la presión de los medios de comunicación para acreditar su teoría del caso\". \nEl hecho ocurrió la noche del 25 de junio de 2014, cuando la víctima llegó a su casa, en Santa Cruz al 500, junto a su pareja, Carolina Gayá, y el hijo de ella, a bordo de su Renault Clio. Según la acusación, Solís bajó de un VW Gol con un revólver calibre Magnum .44 y disparó cinco tiros a Expósito Moreno, que murió en el lugar. La nueva mujer de la víctima dijo a la policía que había reconocido el auto, al que había visto estacionado anteriormente en el domicilio de Kesen\". \nMiguel González, un amigo de Solís, fue condenado a 18 meses de tareas comunitarias -tras una suspensión de juicio a prueba- en la causa en la que estaba imputado por encubrimiento, por haber ayudado al acusado a deshacerse del auto. \nEl litigio entre la víctima y Kesen comenzó cuando ella regresó a la Argentina con la hija de ambos \"sin autorización del padre\", lo que dio origen a \"un proceso judicial de restitución con una sentencia favorable\" para Expósito Moreno.", "external_links": [], "published": "2016-10-03T11:00:00.000+03:00", "crawled": "2016-10-03T08:22:18.527+03:00", "highlightTitle": ""}