{"organizations": [], "uuid": "b11eab8d6dbb8bae8d2a9d6260de525dccda950c", "thread": {"social": {"gplus": {"shares": 0}, "pinterest": {"shares": 0}, "vk": {"shares": 0}, "linkedin": {"shares": 0}, "facebook": {"likes": 0, "shares": 0, "comments": 0}, "stumbledupon": {"shares": 0}}, "site_full": "elcomercio.pe", "main_image": "http://cde.3.elcomercio.pe/ima/0/1/4/9/7/1497989.jpg", "site_section": "http://elcomercio.pe/feed/deporte-total.xml", "section_title": "", "url": "http://elcomercio.pe/deporte-total/futbol-mundial/bayern-munich-se-olvido-empate-y-celebro-oktoberfest-fotos-noticia-1936019", "country": "PE", "domain_rank": 1155, "title": "Bayern Múnich se olvidó de empate y celebró Oktoberfest [FOTOS]", "performance_score": 0, "site": "elcomercio.pe", "participants_count": 0, "title_full": "Bayern Múnich se olvidó de empate y celebró Oktoberfest [FOTOS]", "spam_score": 0.0, "site_type": "news", "published": "2016-10-03T07:38:00.000+03:00", "replies_count": 0, "uuid": "b11eab8d6dbb8bae8d2a9d6260de525dccda950c"}, "author": "", "url": "http://elcomercio.pe/deporte-total/futbol-mundial/bayern-munich-se-olvido-empate-y-celebro-oktoberfest-fotos-noticia-1936019", "ord_in_thread": 0, "title": "Bayern Múnich se olvidó de empate y celebró Oktoberfest [FOTOS]", "locations": [], "entities": {"persons": [], "locations": [], "organizations": []}, "highlightText": "", "language": "spanish", "persons": [], "text": "Domingo 02 de octubre del 2016 | 18:38 Bayern Múnich se olvidó de empate y celebró Oktoberfest [FOTOS] 1 de 25    \nUn día después de empatar 1-1 contra el Colonia en la Bundesliga, el plantel de Bayern Múnich celebró el tradicional Oktoberfest. (Foto: AFP/Reuters/AP) Lea También... Oliver Kahn elogió a Diego Simeone por triunfo en Champions \nUn día después de empatar 1-1 contra el Colonia en la Bundesliga, el plantel de Bayern Múnich celebró el tradicional Oktoberfest. \nTodos los integrantes de la plantilla bávara, cuerpo técnico y dirigentes asistieron al evento hecho especialmente para ellos. \nA la fiesta llegaron Arjen Robben, Thiago Alcántara, Müller, Xabi Alonso, el técnico Carlo Ancelotti, entre otros. \nLEE TAMBIÉN...", "external_links": [], "published": "2016-10-03T07:38:00.000+03:00", "crawled": "2016-10-03T02:45:14.616+03:00", "highlightTitle": ""}