{"organizations": [], "uuid": "5ed8734ec5e7e923da150735fbc466f00b2fa692", "thread": {"social": {"gplus": {"shares": 0}, "pinterest": {"shares": 0}, "vk": {"shares": 0}, "linkedin": {"shares": 0}, "facebook": {"likes": 0, "shares": 0, "comments": 0}, "stumbledupon": {"shares": 0}}, "site_full": "rpp.pe", "main_image": "http://f.rpp-noticias.io/2016/10/03/272527_257430.png", "site_section": "http://rpp.pe/feed", "section_title": "RPP NOTICIAS", "url": "http://rpp.pe/peru/la-libertad/trujillo-niegan-que-recaudacion-en-arbitrio-sea-ineficiente-noticia-999268", "country": "PE", "domain_rank": 4255, "title": "Trujillo: niegan que recaudación en arbitrio sea ineficiente", "performance_score": 0, "site": "rpp.pe", "participants_count": 0, "title_full": "Trujillo: niegan que recaudación en arbitrio sea ineficiente", "spam_score": 0.0, "site_type": "news", "published": "2016-10-03T23:14:00.000+03:00", "replies_count": 0, "uuid": "5ed8734ec5e7e923da150735fbc466f00b2fa692"}, "author": "", "url": "http://rpp.pe/peru/la-libertad/trujillo-niegan-que-recaudacion-en-arbitrio-sea-ineficiente-noticia-999268", "ord_in_thread": 0, "title": "Trujillo: niegan que recaudación en arbitrio sea ineficiente", "locations": [], "entities": {"persons": [], "locations": [], "organizations": []}, "highlightText": "", "language": "spanish", "persons": [], "text": "La Libertad Trujillo: niegan que recaudación en arbitrio sea ineficiente Servicio de Administración Tributaria de Trujillo (Satt) contradijo a empresa que recomendó tercerizar limpieza pública por ineficiencia en recaudación.  14 AM La representante de Satt sostuvo que en lo que va del año hubo una recaudación positiva. | Fuente: RPP Noticias La gerenta del Servicio de Administración Tributaria de Trujillo (Satt), Nelly Salvatierra, contradijo a la empresa Ambides, la cual recomendó tercerizar la limpieza pública porque es ineficiente la recaudación del arbitrio de ese servicio por parte de ese organismo adscrito a la Municipalidad de Trujillo.Salvatierra sostuvo que en lo que va del año se recaudó positivamente, y que solo en arbitrios de limpieza pública y áreas verdes se espera obtener, al cierre del año, unos 28 a 30 millones de soles.Asimismo, la gerente de Satt detalló que en el 2012 por limpieza pública se cobró S/ 21 millones; en el 2013; S/20 millones; en el 2014, S/ 24 millones, y en el 2015, S/ 24 millones.", "external_links": [], "published": "2016-10-03T23:14:00.000+03:00", "crawled": "2016-10-03T18:58:15.255+03:00", "highlightTitle": ""}