{"organizations": [], "uuid": "66a20266350064875b3e3b44ab5804e8e81f61e9", "thread": {"social": {"gplus": {"shares": 0}, "pinterest": {"shares": 0}, "vk": {"shares": 0}, "linkedin": {"shares": 0}, "facebook": {"likes": 0, "shares": 0, "comments": 0}, "stumbledupon": {"shares": 0}}, "site_full": "comunidad.orange.es", "main_image": "", "site_section": "http://comunidad.orange.es/waykc66935/rss/Community?interaction.style=review&feeds.replies=true", "section_title": "rss.livelink.posts-in-node", "url": "http://comunidad.orange.es/t5/Mi-ADSL-Fibra/HILO-OFICIAL-Necesito-recuperar-clave-de-correo/td-p/384387/page/288", "country": "ES", "domain_rank": 6243, "title": "Re: [HILO OFICIAL] Necesito recuperar clave de correo.", "performance_score": 0, "site": "orange.es", "participants_count": 1, "title_full": "Re: [HILO OFICIAL] Necesito recuperar clave de correo.", "spam_score": 0.0, "site_type": "news", "published": "2016-10-04T04:21:00.000+03:00", "replies_count": 0, "uuid": "66a20266350064875b3e3b44ab5804e8e81f61e9"}, "author": "axterys", "url": "http://comunidad.orange.es/t5/Mi-ADSL-Fibra/HILO-OFICIAL-Necesito-recuperar-clave-de-correo/td-p/384387/page/288", "ord_in_thread": 0, "title": "Re: [HILO OFICIAL] Necesito recuperar clave de correo.", "locations": [], "entities": {"persons": [], "locations": [], "organizations": []}, "highlightText": "", "language": "spanish", "persons": [], "text": "el ‎03-10-2016 10:21 PM Re: [HILO OFICIAL] Necesito recuperar clave de correo. \nHola, quiero acceder al correo pero no funciona la clave de la cuenta, no se que clave es. El dominio es @Orange .es ¿me podrian ayudar? Gracias! 0 Gracias", "external_links": [], "published": "2016-10-04T04:21:00.000+03:00", "crawled": "2016-10-03T23:33:07.397+03:00", "highlightTitle": ""}