{"organizations": [], "uuid": "f4da09f47bf163ef34565b876ad09eb6221de4d6", "thread": {"social": {"gplus": {"shares": 0}, "pinterest": {"shares": 0}, "vk": {"shares": 0}, "linkedin": {"shares": 0}, "facebook": {"likes": 113, "shares": 113, "comments": 0}, "stumbledupon": {"shares": 0}}, "site_full": "www.telecinco.es", "main_image": "http://telecincostatic-a.akamaihd.net/salvamedeluxe/2016/septiembre/30-09-2016/Sonia-Lequio-ofrecio-oportunidad-habitacion_MDSVID20161001_0002_17.png", "site_section": "http://gente5.telecinco.es//rss/", "section_title": "Telecinco - Telecinco", "url": "http://www.telecinco.es/salvamedeluxe/2016/septiembre/30-09-2016/Sonia-Lequio-ofrecio-oportunidad-habitacion_2_2252805002.html", "country": "ES", "domain_rank": 2957, "title": "Sonia: \"Lequio me ofreció la oportunidad de ver un vídeo de la cámara de su habitación\"", "performance_score": 1, "site": "telecinco.es", "participants_count": 0, "title_full": "Sonia: \"Lequio me ofreció la oportunidad de ver un vídeo de la cámara de su habitación\"", "spam_score": 0.0, "site_type": "news", "published": "2016-10-01T06:14:00.000+03:00", "replies_count": 0, "uuid": "f4da09f47bf163ef34565b876ad09eb6221de4d6"}, "author": "", "url": "http://www.telecinco.es/salvamedeluxe/2016/septiembre/30-09-2016/Sonia-Lequio-ofrecio-oportunidad-habitacion_2_2252805002.html", "ord_in_thread": 0, "title": "Sonia: \"Lequio me ofreció la oportunidad de ver un vídeo de la cámara de su habitación\"", "locations": [], "entities": {"persons": [], "locations": [], "organizations": []}, "highlightText": "", "language": "spanish", "persons": [], "text": "Sonia: \"Lequio me ofreció la oportunidad de ver un vídeo de la cámara de su habitación\" No ha querido decir cuál es la finalidad de la cámara 01.10.16 | 00:14h. Share \nMucho se ha comentado sobre la posible cámara que Lequio tendría en su habitación. El polideluxe ha confirmado la versión que Sonia Moldes ha contado hasta ahora. La modelo no ha querido aclarar cuál era la finalidad de esa cámara pero ha confesado que Lequio le ofreció la oportunidad de ver un vídeo. Déjanos tu opinión", "external_links": [], "published": "2016-10-01T06:14:00.000+03:00", "crawled": "2016-10-01T02:01:12.633+03:00", "highlightTitle": ""}