{"organizations": [], "uuid": "45758dde537af234ac3da8874af89d93995e27cc", "thread": {"social": {"gplus": {"shares": 0}, "pinterest": {"shares": 0}, "vk": {"shares": 0}, "linkedin": {"shares": 0}, "facebook": {"likes": 0, "shares": 0, "comments": 0}, "stumbledupon": {"shares": 0}}, "site_full": "latino.foxnews.com", "main_image": "http://global.fncstatic.com/static/v/all/img/fn_latino_128x128.png", "site_section": "", "section_title": "", "url": "http://latino.foxnews.com/latino/espanol/2016/10/01/4-1-bettis-lanza-solido-y-arenado-pega-un-jonron-contra-los-cerveceros/", "country": "US", "domain_rank": 185, "title": "4-1. Bettis lanza sólido y Arenado pega un jonrón contra los Cerveceros | Fox News Latino", "performance_score": 0, "site": "foxnews.com", "participants_count": 0, "title_full": "4-1. Bettis lanza sólido y Arenado pega un jonrón contra los Cerveceros | Fox News Latino", "spam_score": 0.888, "site_type": "news", "published": "2016-10-01T10:15:00.000+03:00", "replies_count": 0, "uuid": "45758dde537af234ac3da8874af89d93995e27cc"}, "author": "", "url": "http://latino.foxnews.com/latino/espanol/2016/10/01/4-1-bettis-lanza-solido-y-arenado-pega-un-jonron-contra-los-cerveceros/", "ord_in_thread": 0, "title": "4-1. Bettis lanza sólido y Arenado pega un jonrón contra los Cerveceros | Fox News Latino", "locations": [], "entities": {"persons": [], "locations": [], "organizations": []}, "highlightText": "", "language": "spanish", "persons": [], "text": "4-1. Bettis lanza sólido y Arenado pega un jonrón contra los Cerveceros Published October 01, 2016 EFE \nDenver (EEUU) – El abridor Chad Bettis lanzó con efectividad hasta la séptima entrada y el antesalista Nolan Arenado conectó cuadrangular en el triunfo de los Rockies de Colorado por 4-1 sobre los Cerveceros de Milwaukee. \nBettis (14-8) trabajó seis entradas y dos tercios, permitió ocho imparables, jonrón y carrera para acreditarse la victoria. \nMientras que Arenado (41) pegó de vuelta entera en el primer episodio y se mantiene líder d cuadrangulares en la Liga Nacional. \nLa derrota fue para el abridor Brent Suter (2-2) en cinco episodios, al permitir 10 imparables, un jonrón y cuatro carreras. ", "external_links": [], "published": "2016-10-01T10:15:00.000+03:00", "crawled": "2016-10-01T08:55:49.443+03:00", "highlightTitle": ""}