{"organizations": [], "uuid": "21adcd8fb58691df87b656e46b95dd1a1877b69c", "thread": {"social": {"gplus": {"shares": 0}, "pinterest": {"shares": 0}, "vk": {"shares": 0}, "linkedin": {"shares": 0}, "facebook": {"likes": 0, "shares": 0, "comments": 0}, "stumbledupon": {"shares": 0}}, "site_full": "ecodiario.eleconomista.es", "main_image": "http://s03.s3c.es/imag3/logos/economista/bg-ee-facebook.jpg", "site_section": "http://www.eleconomista.es/rss/rss-flash-del-mercado.php", "section_title": "elEconomista  Flash del mercado", "url": "http://ecodiario.eleconomista.es/flash/noticias/7863465/10/16/Teresa-Rodriguez-El-PSOE-pone-la-alfombra-roja-al-PP-con-la-inestimable-ayuda-de-Susana-Diaz.html", "country": "ES", "domain_rank": 3233, "title": "Teresa Rodríguez: \"El PSOE pone la alfombra roja al PP con la inestimable ayuda de Susana Díaz\"", "performance_score": 0, "site": "eleconomista.es", "participants_count": 0, "title_full": "Teresa Rodríguez: \"El PSOE pone la alfombra roja al PP con la inestimable ayuda de Susana Díaz\"", "spam_score": 0.0, "site_type": "news", "published": "2016-10-02T03:11:00.000+03:00", "replies_count": 0, "uuid": "21adcd8fb58691df87b656e46b95dd1a1877b69c"}, "author": "", "url": "http://ecodiario.eleconomista.es/flash/noticias/7863465/10/16/Teresa-Rodriguez-El-PSOE-pone-la-alfombra-roja-al-PP-con-la-inestimable-ayuda-de-Susana-Diaz.html", "ord_in_thread": 0, "title": "Teresa Rodríguez: \"El PSOE pone la alfombra roja al PP con la inestimable ayuda de Susana Díaz\"", "locations": [], "entities": {"persons": [], "locations": [], "organizations": []}, "highlightText": "", "language": "spanish", "persons": [], "text": "Teresa Rodríguez: \"El PSOE pone la alfombra roja al PP con la inestimable ayuda de Susana Díaz\" 1/10/2016 - 21:11 \nLa secretaria general de Podemos Andalucía, Teresa Rodríguez, ha manifestado este sábado tras   de los socialistas que \"el PSOE pone la alfombra roja al PP con la inestimable ayuda de Susana Díaz\". \nLa secretaria general de Podemos Andalucía, Teresa Rodríguez, ha manifestado este sábado tras   de los socialistas que \"el PSOE pone la alfombra roja al PP con la inestimable ayuda de Susana Díaz\".  23", "external_links": [], "published": "2016-10-02T03:11:00.000+03:00", "crawled": "2016-10-01T22:25:03.877+03:00", "highlightTitle": ""}