{"organizations": [], "uuid": "95b064fd35b28b20139467d4073f056172199cf7", "thread": {"social": {"gplus": {"shares": 0}, "pinterest": {"shares": 0}, "vk": {"shares": 0}, "linkedin": {"shares": 0}, "facebook": {"likes": 0, "shares": 0, "comments": 0}, "stumbledupon": {"shares": 0}}, "site_full": "www.clarin.com", "main_image": "http://images.clarin.com/ciudades/taller-mostramos-VTV_CLAVID20160930_0006_29.jpg", "site_section": "", "section_title": "", "url": "http://www.clarin.com/ciudades/taller-mostramos-VTV_3_1660063983.html", "country": "AR", "domain_rank": 1080, "title": "Desde el taller te mostramos como es la VTV", "performance_score": 0, "site": "clarin.com", "participants_count": 0, "title_full": "Desde el taller te mostramos como es la VTV", "spam_score": 0.2, "site_type": "news", "published": "2016-09-30T17:09:00.000+03:00", "replies_count": 0, "uuid": "95b064fd35b28b20139467d4073f056172199cf7"}, "author": "", "url": "http://www.clarin.com/ciudades/taller-mostramos-VTV_3_1660063983.html", "ord_in_thread": 0, "title": "Desde el taller te mostramos como es la VTV", "locations": [], "entities": {"persons": [], "locations": [], "organizations": []}, "highlightText": "", "language": "spanish", "persons": [], "text": "Desde el taller te mostramos como es la VTV Más Videos ", "external_links": [], "published": "2016-09-30T17:09:00.000+03:00", "crawled": "2016-10-01T22:14:02.328+03:00", "highlightTitle": ""}