{"organizations": [], "uuid": "941c6448f1cade6fa43124033c968ce09aa8de1e", "thread": {"social": {"gplus": {"shares": 0}, "pinterest": {"shares": 0}, "vk": {"shares": 0}, "linkedin": {"shares": 0}, "facebook": {"likes": 0, "shares": 0, "comments": 0}, "stumbledupon": {"shares": 0}}, "site_full": "sevilla.abc.es", "main_image": "http://www.lavozdigital.es/media/andalucia/2016/10/01/s/jesus-rescatado.procesion-k0O--620x349@abc.jpg", "site_section": "http://www.lavozdigital.es/rss/feeds/lavozdigital_ultima.xml", "section_title": "Última Hora", "url": "http://sevilla.abc.es/andalucia/cordoba/semana-santa/sevi-senor-cordoba-201610010910_noticia.html", "country": "ES", "domain_rank": 1487, "title": "El día del Señor de Córdoba", "performance_score": 0, "site": "abc.es", "participants_count": 1, "title_full": "El día del Señor de Córdoba", "spam_score": 0.0, "site_type": "news", "published": "2016-10-01T17:10:00.000+03:00", "replies_count": 0, "uuid": "941c6448f1cade6fa43124033c968ce09aa8de1e"}, "author": "(lavozdigital)", "url": "http://sevilla.abc.es/andalucia/cordoba/semana-santa/sevi-senor-cordoba-201610010910_noticia.html", "ord_in_thread": 0, "title": "El día del Señor de Córdoba", "locations": [], "entities": {"persons": [], "locations": [], "organizations": []}, "highlightText": "", "language": "spanish", "persons": [], "text": "EXTRAORDINARIA El día del Señor de Córdoba Con motivo del 75 aniversario fundacional, el Rescatado y la Virgen de la Amargura completarán un recorrido de once horas Imagen de Jesús Rescatado en su paso - ARCHIVO R. C. M. - abccordoba Córdoba 01/10/2016 09:10h 01/10/2016 09:10h. Guardado en: \nLa Córdoba cofrade se prepara hoy para disfrutar de una de las jornadas más especiales de este año con la salida extraordinaria de los dos pasos de la hermandad del Rescatado con motivo del 75 aniversario fundacional de la corporación. Un acontecimiento que pasará a la historia de la hermandad y gracias al que se podrá ver al Señor de Córdoba en el interior de la Mezquita-Catedral . Además, el venerado Nazareno –una de las grandes devociones centenarias de la ciudad- no estará solo en su camino hacia el primer templo, ya que María Santísima de la Amargura lo acompañará en su paso de palio. \nUn desfile extraordinario de más de once horas de duración en el que se vivirán momentos de gran emoción al paso de la cofradía trinitaria por distintos templos del casco antiguo de la ciudad . Además, recomendable será la llegada y salida del primer templo de la Diócesis o el tránsito por rincones de interés como la calle Deanes o la bajada por la Cuesta del Bailío ya de regreso a su templo. \nA las 16.00 horas está prevista la salida del cortejo de la parroquia de Nuestra Señora de Gracia . Minutos más tarde, los pasos de Jesús Rescatado y María Santísima de la Amargura saldrán de la construcción anexa al templo rumbo a la Catedral. Un itinerario en el que atravesarán María Auxiliadora y la Plaza de San Lorenzo en dirección al barrio de San Pedro. Ya en los alrededores del primer templo, la cofradía entrará al mismo por la Puerta del Perdón aproximadamente a las 20.00 horas. Media hora más tarde, comenzará una solemne Eucaristía presidida por el obispo de la Diócesis , Demetrio Fernández. A las 20.30 horas se celebrará una Eucaristía en la Santa Iglesia Catedral con los dos pasos \nA las 21.30 horas, el cortejo volverá a salir al Patio de los Naranjos para perderse por los rincones de la judería. De esta forma, se podrá ver al Señor de Córdoba y a su Bendita Madre por calles tan recónditas como Deanes o Conde y Luque . La Plaza de la Compañía o Santa Victoria serán otros puntos de interés en el discurrir de los pasos antes de su llegada al bullicio del Bailío , donde se espera que sean centenares las personas que se congreguen para ver bajar al Nazareno y a la Amargura por los escalones empedrados de la popular Cuesta. Finalmente, el cortejo regresará a su parroquia por el barrio de San Agustín. La entrada en el templo está prevista a las tres de la madrugada . Acompañamiento musical \nPara este desfile con carácter extraordinario, la hermandad penitencial ha mantenido a las dos formaciones musicales que el pasado Domingo de Ramos –frustrado por la lluvia- tenían previsto acompañar a los titulares trinitarios. Por un lado, la Banda de Cornetas y Tambores de la Coronación de Espinas tendrá el privilegio de poner sus sones tras el imponente paso dorado del Nazareno. Asimismo, María Santísima de la Amargura caminará junto a la Banda de Música Manuel Garín , de Linares, un binomio que se viene repitiendo desde hace seis años de forma consecutiva. \nLa de hoy será la séptima procesión extraordinaria de la hermandad del Rescatado en sus últimos 25 años, un tercio de su historia. En tres de las seis veces anteriores, el Nazareno ha llegado hasta la Mezquita-Catedral. En 1997, dentro del Vía Crucis de las hermandades cordobesas, y en el año 2013 hasta en dos ocasiones, primero como parte del Vía Crucis Magno de la Fe y después en el marco de los actos del 300 aniversario de la imagen titular de la cofradía.", "external_links": [], "published": "2016-10-01T17:10:00.000+03:00", "crawled": "2016-10-01T11:31:50.787+03:00", "highlightTitle": ""}