{"organizations": [], "uuid": "3445ce9db1634447b7315ed87af867766fc1d181", "thread": {"social": {"gplus": {"shares": 0}, "pinterest": {"shares": 0}, "vk": {"shares": 0}, "linkedin": {"shares": 0}, "facebook": {"likes": 0, "shares": 0, "comments": 0}, "stumbledupon": {"shares": 0}}, "site_full": "peru.com", "main_image": "http://cde.peru.com/ima/0/1/5/0/8/1508144.jpg", "site_section": "http://peru.com/feed/futbol", "section_title": "Perú.com", "url": "http://peru.com/futbol/eliminatorias-rusia-2018/seleccion-peruana-bolivia-temen-perder-puntos-ganados-paz-noticia-477262", "country": "US", "domain_rank": 5789, "title": "Selección Peruana: en Bolivia temen perder los puntos ganados en La Paz", "performance_score": 0, "site": "peru.com", "participants_count": 0, "title_full": "Selección Peruana: en Bolivia temen perder los puntos ganados en La Paz", "spam_score": 0.0, "site_type": "news", "published": "2016-10-04T03:59:00.000+03:00", "replies_count": 0, "uuid": "3445ce9db1634447b7315ed87af867766fc1d181"}, "author": "", "url": "http://peru.com/futbol/eliminatorias-rusia-2018/seleccion-peruana-bolivia-temen-perder-puntos-ganados-paz-noticia-477262", "ord_in_thread": 0, "title": "Selección Peruana: en Bolivia temen perder los puntos ganados en La Paz", "locations": [], "entities": {"persons": [], "locations": [], "organizations": []}, "highlightText": "", "language": "spanish", "persons": [], "text": "  14:59 Selección Peruana: en Bolivia temen perder los puntos ganados en La Paz La Selección Boliviana está cerca de perder cuatro puntos en las Eliminatorias Rusia 2018 (Foto: Getty Images) \n  \nLa recuperación de Bolivia en las Eliminatorias Rusia 2018 podría quedar en nada, esto debido a la posibilidad de que pierda en mesa los puntos ganados ante Perú y Chile. Todo por la irregular inscripción de su defensor Nelson Cabrera . \nEl zaguero de la ‘Verde’ se nacionalizó en febrero pasado boliviano por lo que comenzó a jugar por dicha selección, sin embargo, no cumplía uno de los requisitos de la FIFA para poder jugar por una selección distinta a la del lugar de nacimiento original: vivir cinco años seguidos en el país (que quiere nacionalizarse) tras cumplir los 18 años. \nAnte esta situación, selecciones como Perú y Chile pueden impugnar los puntos que perdieron en cancha ante Bolivia en la última fecha de las Eliminatorias Rusia 2018 , ya que en dichos partidos estuvo presente Nelson Cabrera . Los medios bolivianos señalaron que de momento no se ha presentado ninguna impugnación hacia su país. \nEn la Federación Boliviana han optado por desconvocar a Nelson Cabrera para los partidos ante Brasil y Bolivia. \nHay que recordar, que Bolivia derrotó a Perú en La Paz por 2 a 0, en tanto que igualó con Chile en Santiago cero a cero. En ambos partidos estuvo presente Nelson Cabrera. \nSi  ", "external_links": [], "published": "2016-10-04T03:59:00.000+03:00", "crawled": "2016-10-03T23:50:53.058+03:00", "highlightTitle": ""}