{"organizations": [], "uuid": "53045d5fde20a204f7726dc6fbd31e54547bcaae", "thread": {"social": {"gplus": {"shares": 0}, "pinterest": {"shares": 0}, "vk": {"shares": 0}, "linkedin": {"shares": 0}, "facebook": {"likes": 1, "shares": 1, "comments": 0}, "stumbledupon": {"shares": 0}}, "site_full": "ecodiario.eleconomista.es", "main_image": "http://s03.s3c.es/imag3/logos/economista/bg-ee-facebook.jpg", "site_section": "http://www.eleconomista.es/rss/rss-deportes.php", "section_title": "elEconomista  Seleccion", "url": "http://ecodiario.eleconomista.es/futbol/noticias/7865836/10/16/Bob-Bradley-exseleccionador-de-Estados-Unidos-se-hace-cargo-del-Swansea-en-sustitucion-de-Guidolin.html", "country": "ES", "domain_rank": 3233, "title": "Bob Bradley, exseleccionador de Estados Unidos, se hace cargo del Swansea en sustitución de Guidolin", "performance_score": 0, "site": "eleconomista.es", "participants_count": 0, "title_full": "Bob Bradley, exseleccionador de Estados Unidos, se hace cargo del Swansea en sustitución de Guidolin", "spam_score": 0.0, "site_type": "news", "published": "2016-10-03T20:22:00.000+03:00", "replies_count": 0, "uuid": "53045d5fde20a204f7726dc6fbd31e54547bcaae"}, "author": "", "url": "http://ecodiario.eleconomista.es/futbol/noticias/7865836/10/16/Bob-Bradley-exseleccionador-de-Estados-Unidos-se-hace-cargo-del-Swansea-en-sustitucion-de-Guidolin.html", "ord_in_thread": 0, "title": "Bob Bradley, exseleccionador de Estados Unidos, se hace cargo del Swansea en sustitución de Guidolin", "locations": [], "entities": {"persons": [], "locations": [], "organizations": []}, "highlightText": "", "language": "spanish", "persons": [], "text": "Bob Bradley, exseleccionador de Estados Unidos, se hace cargo del Swansea en sustitución de Guidolin 3/10/2016 - 14:22 \nEl Swansea, decimoséptimo clasificado en la Premier League, ha anunciado este lunes un relevo en su banquillo con la llegada del entrenador estadounidense Bob Bradley en sustitución del italiano Francesco Guidolin. \nMADRID, 3 (EUROPA PRESS) \nBradley, exseleccionador de Estados Unidos que también tiene experiencia entrenando en Egipto, Noruega y Francia, vivirá su primera aventura en la Premier con el claro objetivo de lograr la permanencia del equipo galés. \nEl presidente del Swansea, Huw Jenkins, explicó que están \"encantados\" con la llegada del norteamericano. \"Está al tanto de la filosofía del club y nos proporcionará un fuerte liderazgo e ilusiones renovadas para seguir compitiendo al máximo nivel\", transmitió en un comunicado. Enlaces relacionados", "external_links": [], "published": "2016-10-03T20:22:00.000+03:00", "crawled": "2016-10-03T16:43:11.986+03:00", "highlightTitle": ""}