{"organizations": [], "uuid": "2d5986dc564f4b78e5ba952284a1064dcfc99f98", "thread": {"social": {"gplus": {"shares": 0}, "pinterest": {"shares": 0}, "vk": {"shares": 0}, "linkedin": {"shares": 0}, "facebook": {"likes": 0, "shares": 0, "comments": 0}, "stumbledupon": {"shares": 0}}, "site_full": "www.meneame.net", "main_image": "//mnmstatic.net/img/mnm/logo-350x350.png", "site_section": "http://www.meneame.net/rss?status=queued", "section_title": "Menéame: en cola", "url": "https://www.meneame.net/m/cultura/insanas-colecciones-discos-personas-poseen", "country": "IE", "domain_rank": 8316, "title": "\"Insanas\" colecciones de discos y las personas que las poseen", "performance_score": 0, "site": "meneame.net", "participants_count": 1, "title_full": "\"Insanas\" colecciones de discos y las personas que las poseen", "spam_score": 0.0, "site_type": "news", "published": "2016-10-02T20:33:00.000+03:00", "replies_count": 0, "uuid": "2d5986dc564f4b78e5ba952284a1064dcfc99f98"}, "author": "yokiero", "url": "https://www.meneame.net/m/cultura/insanas-colecciones-discos-personas-poseen", "ord_in_thread": 0, "title": "\"Insanas\" colecciones de discos y las personas que las poseen", "locations": [], "entities": {"persons": [], "locations": [], "organizations": []}, "highlightText": "", "language": "spanish", "persons": [], "text": "por yokiero a culturainquieta.com enviado: ____ El fotógrafo Eilon Paz abandonó Israel en 2008 para probar suerte en Nueva York. \"Fue el peor momento para probar suerte. Era el principio de la recesión. No había forma de encontrar trabajo, así que me metía en las tiendas de discos y gastaba mi dinero en LPs. Y no hay mucho más que contar \", comenta", "external_links": [], "published": "2016-10-02T20:33:00.000+03:00", "crawled": "2016-10-02T15:38:44.977+03:00", "highlightTitle": ""}