{"organizations": [], "uuid": "b4ff3b6725a3d8fb9c19ba35b073b1f9931709df", "thread": {"social": {"gplus": {"shares": 0}, "pinterest": {"shares": 0}, "vk": {"shares": 0}, "linkedin": {"shares": 0}, "facebook": {"likes": 23, "shares": 23, "comments": 0}, "stumbledupon": {"shares": 0}}, "site_full": "baloncesto.as.com", "main_image": "http://as00.epimg.net/baloncesto/imagenes/2016/10/03/nba/1475496263_152881_1475496494_doscolumnas_normal.jpg", "site_section": "", "section_title": "", "url": "http://baloncesto.as.com/baloncesto/2016/10/03/nba/1475496263_152881.html", "country": "ES", "domain_rank": 888, "title": "Yao Ming: \"Que retiren mi camiseta es algo soñado\" - AS.com", "performance_score": 0, "site": "as.com", "participants_count": 0, "title_full": "Yao Ming: \"Que retiren mi camiseta es algo soñado\" - AS.com", "spam_score": 0.028, "site_type": "news", "published": "2016-10-03T08:00:00.000+03:00", "replies_count": 0, "uuid": "b4ff3b6725a3d8fb9c19ba35b073b1f9931709df"}, "author": "J.I.Pinilla Seguir", "url": "http://baloncesto.as.com/baloncesto/2016/10/03/nba/1475496263_152881.html", "ord_in_thread": 0, "title": "Yao Ming: \"Que retiren mi camiseta es algo soñado\" - AS.com", "locations": [], "entities": {"persons": [], "locations": [], "organizations": []}, "highlightText": "", "language": "spanish", "persons": [], "text": "Yao Ming: \"Que retiren mi camiseta es algo soñado\" Mandy Cheng AFP El expívot de los Rockets tendrá su número en lo alto del Toyota Center a partir de febrero de 2017. \"Apreció todo lo que hizo Houston por mí\". Actualizado a las: 3 octubre 2016 14:08h CEST \nYao Ming volvió esta pasada madrugada al Toyota Center con sus Shanghai Sharks. El partido, un paseo militar para Houston Rockets, sólo fue una excusa para rendir tributo a un gigante con 486 partidos en la franquicia y que dijo adiós al baloncesto tras sólo ocho temporadas. Las lesiones (sobre todo la del pie) fueron su martirio. A pesar de ello, su legado es inmortal: 9.247 puntos (19,0), 4.494 rebotes (9,2) y 920 tapones (1,9) contemplan su paso por el equipo de Texas \" Yao Ming es un nativo de Texas y un Houston Rockets de por vida \", sentenció Thaddeus Brown, CEO de la franquicia. \nSu número '11' será retirado el próximo mes de febrero, en la previa del partido ante Atlanta Hawks. \" Es algo que no podría haber soñado. Aprecio todo lo que Houston hizo por mí, la oportunidad de venir y jugar aquí \", admitió el nuevo Hall of Fame de la NBA. Ming compartirá espacio en el Toyota Center con Calvin Murphy (23), Rudy Tomjanovich (45), Hakeem Olajuwon (34), Clyde Drexler (22) y Moses Malone (24) . Mitos en Houston. Y él será uno de ellos. Etiquetado en: ", "external_links": [], "published": "2016-10-03T08:00:00.000+03:00", "crawled": "2016-10-03T16:25:40.447+03:00", "highlightTitle": ""}