{"organizations": [], "uuid": "313fbcd769deb6a1798fc2a6ae19cc1772a329f6", "thread": {"social": {"gplus": {"shares": 0}, "pinterest": {"shares": 0}, "vk": {"shares": 0}, "linkedin": {"shares": 25}, "facebook": {"likes": 3, "shares": 3, "comments": 0}, "stumbledupon": {"shares": 0}}, "site_full": "www.expansion.com", "main_image": "http://estaticos.expansion.com/assets/multimedia/imagenes/2016/10/03/14754980531730.jpg", "site_section": "http://estaticos.expansion.com/rss/empresasbanca.xml", "section_title": "Banca // expansion", "url": "http://www.expansion.com/empresas/banca/2016/10/03/57f250a0ca4741fb778b45bb.html", "country": "ES", "domain_rank": 3830, "title": "El Banco de Inglaterra endurecerá los test de estrés a Santander UK y la gran banca", "performance_score": 0, "site": "expansion.com", "participants_count": 1, "title_full": "El Banco de Inglaterra endurecerá los test de estrés a Santander UK y la gran banca", "spam_score": 0.0, "site_type": "news", "published": "2016-10-03T20:35:00.000+03:00", "replies_count": 0, "uuid": "313fbcd769deb6a1798fc2a6ae19cc1772a329f6"}, "author": "Europa Press", "url": "http://www.expansion.com/empresas/banca/2016/10/03/57f250a0ca4741fb778b45bb.html", "ord_in_thread": 0, "title": "El Banco de Inglaterra endurecerá los test de estrés a Santander UK y la gran banca", "locations": [], "entities": {"persons": [], "locations": [], "organizations": []}, "highlightText": "", "language": "spanish", "persons": [], "text": "Banca El Banco de Inglaterra endurecerá los test de estrés a Santander UK y la gran banca Sede central de Santander en Boadilla del Monte, Madrid. JMCADENAS EXPANSION comentarios Asumirá en el examen un escenario \"exploratorio\" que cubrirá los riesgos no relacionados con el ciclo financiero. \nEl Banco de Inglaterra (BoE) confirmó este lunes que endurecerá en 2017 las pruebas de esfuerzo que realizará a la filial británica de Santander y al resto de grandes bancos de Reino Unido, al introducir en su examen un escenario \"exploratorio\" que cubrirá los riesgos no relacionados al ciclo financiero. \nEl instituto emisor británico somete a sus pruebas de resistencia ante potenciales 'shocks' financieros a las entidades británicas con depósitos minoristas por importe superior a 50.000 millones de libras, entre las que se incluyen RBS, Lloyds, Barclays, Nationwide Building Society, Santander UK y Standadr Chatered con el objetivo de garantizar la estabilidad financiera ante una ralentización \"intensa\" de la economía. \nEn su examen de 2017 el órgano responsable de la política monetaria de Reino Unido introducirá por primera vez un escenario \"exploratorio\" que cubrirá los riesgos no relacionados al ciclo financiero que sean considerados como amenazas emergentes o latentes para la estabilidad financiera con el objetivo de \"ampliar el espectro\" de amenazas potenciales. Ciclo financiero \nPor su parte, los test de estrés correspondientes a 2016 del BoE solo incluyen un escenario cíclico anual que vincula sistemáticamente la severidad de las pruebas al ciclo financiero y se publicarán el próximo 30 de noviembre. Este escenario incluye elementos de los mercados domésticos y globales. \n\"Además del escenario cíclico anual, cuya intención es evaluar los riesgos que afectan al sistema bancario que emanan del ciclo financiero, habrá (en 2017) un escenario exploratorio adicional\", indicó el BoE, para añadir que el nuevo sistema le permitirá \"evaluar la resiliencia de los bancos ante un espectro más amplio de amenazas potenciales\". \nLos nuevos test de estrés duales del banco central británico serán publicados durante el primer trimestre de 2017, según informó la institución.", "external_links": [], "published": "2016-10-03T20:35:00.000+03:00", "crawled": "2016-10-05T02:09:51.166+03:00", "highlightTitle": ""}