{"organizations": [], "uuid": "6fac4836fa9c2ea7f6f815156eff95c33e3d3531", "thread": {"social": {"gplus": {"shares": 0}, "pinterest": {"shares": 0}, "vk": {"shares": 0}, "linkedin": {"shares": 0}, "facebook": {"likes": 0, "shares": 0, "comments": 0}, "stumbledupon": {"shares": 0}}, "site_full": "es.finance.yahoo.com", "main_image": "https://s.yimg.com/bt/api/res/1.2/zRbQduubKM9oH4uxIMgIxQ--/YXBwaWQ9eW5ld3NfbGVnbztpbD1wbGFuZTtxPTc1O3c9NjAw/http://media.zenfs.com/es_ES/News/efe.com.es/12189123w.jpg", "site_section": "https://es.finance.yahoo.com/noticias/fuente-efe/?format=rss", "section_title": "Archivo de noticias de EFE - Yahoo! Finanzas", "url": "https://es.finance.yahoo.com/noticias/cristiano-ronaldo-f%C3%BAtbol-pasi%C3%B3n-pensar-futuro-212039124--sow.html", "country": "US", "domain_rank": 5, "title": "Cristiano Ronaldo: \"El fútbol es mi pasión, pero hay que pensar en el futuro\"", "performance_score": 0, "site": "yahoo.com", "participants_count": 0, "title_full": "Cristiano Ronaldo: \"El fútbol es mi pasión, pero hay que pensar en el futuro\"", "spam_score": 0.0, "site_type": "news", "published": "2016-10-03T05:22:00.000+03:00", "replies_count": 0, "uuid": "6fac4836fa9c2ea7f6f815156eff95c33e3d3531"}, "author": "", "url": "https://es.finance.yahoo.com/noticias/cristiano-ronaldo-f%C3%BAtbol-pasi%C3%B3n-pensar-futuro-212039124--sow.html", "ord_in_thread": 0, "title": "Cristiano Ronaldo: \"El fútbol es mi pasión, pero hay que pensar en el futuro\"", "locations": [], "entities": {"persons": [], "locations": [], "organizations": []}, "highlightText": "", "language": "spanish", "persons": [], "text": "Ver foto \nInauguración del segundo de los cuatro hoteles del grupo Pestana y la marca de Cristiano Ronaldo, en … Lisboa, 2 oct (EFE).- El futbolista portugués Cristiano Ronaldo, que inauguró este domingo en Lisboa el segundo hotel con su marca, aseguró que, aunque el fútbol es su \"pasión\", la vida no es sólo ese deporte y tiene que pensar en el futuro. \n\"La vida no es sólo fútbol. Obviamente es mi pasión, pero hay que pensar en el futuro\", señaló el delantero del Real Madrid durante su intervención en la inauguración del Pestana CR7 Lisboa, un establecimiento situado en el centro histórico de la capital portuguesa. \nEl futbolista, que durante el acto fue interrumpido por los gritos de algunos aficionados, recordó que él mismo entró en la carrera como hotelero y admitió que \"fue siempre un sueño\" que tuvo \"desde muy joven\". \n\"Mi historia como jugador pasó por aquí, por Lisboa, donde viví siete años, y no podía dejar de tener un hotel en Lisboa\", señaló el portugués, que se formó en las categorías inferiores del Sporting de Lisboa y que estuvo acompañado en la inauguración por su madre, Dolores Aveiro, y por su hijo, Cristiano Ronaldo Jr. \nEn el acto también estuvieron presentes el ministro de Economía, Manuel Caldeira Cabral; el alcalde de Lisboa, Fernando Medina -que ofreció unas palabras-; el presidente del Grupo Pestana, Dionísio Pestana; y el administrador del grupo, José Roquette. \n\"Con esta apertura ganamos dos a cero\", porque ya \"marcamos un gol en Funchal hace dos meses\", señaló Roquette, que recordó que el primer hotel de la marca CR7 se abrió en la ciudad natal del jugador y que \"el segundo obviamente tenía que ser en Lisboa\". \nEl hotel, de cuatro estrellas y con 82 habitaciones, tiene una sola suite, que lleva el nombre de CR7 y que está equipada con la última tecnología, con videoconsola y gafas de realidad virtual. \nCon una inversión de 15 millones de euros, es el segundo hotel de la asociación entre Ronaldo y el grupo portugués hotelero Pestana, presente en 15 países con cerca de un centenar de unidades. \nEl primero se encuentra en Funchal, la capital de Madeira, y en breve espera contar con otros dos: uno en la Gran Vía de Madrid y otro en las proximidades de Times Square de Nueva York.", "external_links": [], "published": "2016-10-03T05:22:00.000+03:00", "crawled": "2016-10-03T00:52:41.475+03:00", "highlightTitle": ""}