{"organizations": [], "uuid": "370616bee0980e6542ae6bfc09dd059a010d9de8", "thread": {"social": {"gplus": {"shares": 0}, "pinterest": {"shares": 0}, "vk": {"shares": 0}, "linkedin": {"shares": 0}, "facebook": {"likes": 0, "shares": 0, "comments": 0}, "stumbledupon": {"shares": 0}}, "site_full": "www.coches.net", "main_image": "http://a.ccdn.es/cnet/2016/10/02/32212504/104301924_g.jpg", "site_section": "", "section_title": "", "url": "http://www.coches.net/hyundai-tucson-20-comfort-4x2-5p-gasolina-2006-en-segovia-32212504-covo.aspx", "country": "ES", "domain_rank": 6093, "title": "hyundai tucson 2.0 comfort 4x2 Gasolina Negro del 2006 con 92000km en Segovia 32212504", "performance_score": 0, "site": "coches.net", "participants_count": 0, "title_full": "hyundai tucson 2.0 comfort 4x2 Gasolina Negro del 2006 con 92000km en Segovia 32212504", "spam_score": 0.992, "site_type": "news", "published": "2016-10-02T08:00:00.000+03:00", "replies_count": 0, "uuid": "370616bee0980e6542ae6bfc09dd059a010d9de8"}, "author": "", "url": "http://www.coches.net/hyundai-tucson-20-comfort-4x2-5p-gasolina-2006-en-segovia-32212504-covo.aspx", "ord_in_thread": 0, "title": "hyundai tucson 2.0 comfort 4x2 Gasolina Negro del 2006 con 92000km en Segovia 32212504", "locations": [], "entities": {"persons": [], "locations": [], "organizations": []}, "highlightText": "", "language": "spanish", "persons": [], "text": "La pregunta no puede contener URLs Tu nombre Tu email o tu teléfono E-mail El email no tiene el formato correcto Teléfono El teléfono no es correcto Introduce tu email y/o teléfono Debes aceptar las condiciones de uso Contactar ", "external_links": [], "published": "2016-10-02T08:00:00.000+03:00", "crawled": "2016-10-02T22:01:59.262+03:00", "highlightTitle": ""}