{"organizations": [], "uuid": "7e3facdcd340160f8f5fd9aba3d09d84fa1a8ec7", "thread": {"social": {"gplus": {"shares": 0}, "pinterest": {"shares": 0}, "vk": {"shares": 0}, "linkedin": {"shares": 0}, "facebook": {"likes": 0, "shares": 0, "comments": 0}, "stumbledupon": {"shares": 0}}, "site_full": "www.lanacion.com.ar", "main_image": "http://bucket.glanacion.com/anexos/fotos/89/2279389.jpg", "site_section": "", "section_title": "", "url": "http://www.lanacion.com.ar/1943524-un-plantel-de-us-67-millones-puede-poner-en-jaque-a-uno-de-44", "country": "AR", "domain_rank": 1177, "title": "Un plantel de US$ 6,7 millones puede poner en jaque a uno de 44 - 03.10.2016 - LA NACION", "performance_score": 0, "site": "lanacion.com.ar", "participants_count": 0, "title_full": "Un plantel de US$ 6,7 millones puede poner en jaque a uno de 44 - 03.10.2016 - LA NACION", "spam_score": 0.2, "site_type": "news", "published": "2016-10-03T12:10:00.000+03:00", "replies_count": 0, "uuid": "7e3facdcd340160f8f5fd9aba3d09d84fa1a8ec7"}, "author": "Christian Leblebidjian", "url": "http://www.lanacion.com.ar/1943524-un-plantel-de-us-67-millones-puede-poner-en-jaque-a-uno-de-44", "ord_in_thread": 0, "title": "Un plantel de US$ 6,7 millones puede poner en jaque a uno de 44 - 03.10.2016 - LA NACION", "locations": [], "entities": {"persons": [], "locations": [], "organizations": []}, "highlightText": "", "language": "spanish", "persons": [], "text": "Recibí por mail las noticias que impactan Un plantel de US$ 6,7 millones puede poner en jaque a uno de 44 San Lorenzo, uno de los candidatos, le ganó a Rafaela sin merecerlo, pero lo hizo por la jerarquía de sus individualidades: el juego de Belluschi y el gol de futsal de Blandi SEGUIR Lunes 03 de octubre de 2016 Foto: LA NACION / Daniel Jayo 0 El fútbol mueve millones. Desde lo popular, en función de las masas, de los hinchas que son capaces de hacer cualquier locura para acompañar a su equipo a todas partes. Desde lo económico, lo que refiere al poder para elegir los mejores refuerzos y armar los planteles más competitivos. Y allí es donde siempre los grandes tendrán ventaja sobre los más chicos. ¿A qué viene esta introducción? Es que el partido que se jugó ayer en el Nuevo Gasómetro fue el claro ejemplo de cómo las jerarquías individuales logran imponerse muchas veces a los merecimientos globales, a la suma de todas las partes. El triunfo de San Lorenzo 2-1 ante Atlético de Rafaela se puede empezar a justificar por la categoría de unos y otros. Según la página transfermarkt.es , una web especializada en la cotización de los jugadores, el plantel de los 6,7 millones de dólares puso en jaque al de los 44 millones de dólares. Rafaela lo complicó, lo presionó, pero... a la hora de definir en las áreas, falló mucho. Y San Lorenzo, con un par de aciertos, le alcanzó para volver a tomar el envión en el torneo de primera división. \nAtlético de Rafaela jugó mejor colectivamente que San Lorenzo. No sólo tuvo una mayor posesión que el local (54 % vs. 46 %), sino que además generó más situaciones de riesgo (12 vs. 4) y más remates al arco rival (20 vs. 4). Si en lugar de perder 2-1 hubiera ganado 3-2, ningún hincha de San Lorenzo que estuvo en el estadio se hubiera sorprendido, claro, en función del rendimiento de uno y otro equipo. Pero el fútbol, así como logra equiparar, también marca diferencias. Porque los méritos del equipo dirigido por Juan Manuel Llop fueron desarticulados por la jerarquía individual de los futbolistas del Ciclón: un golazo de Fernando Belluschi, a los 15 segundos de juego, desde afuera del área; un gol de futsal de Blandi a los 25 minutos (para hacerle honor al fútbol argentino campeón del mundo), con una gran jugada colectiva y precisión quirúrgica de quienes elaboraron (apertura de Belluschi para Mas) y quienes resolvieron: asistencia de Mas para el toque a la red del N° 9. \n¿En donde se notó también la diferencia de jerarquía? De los 20 remates de Rafaela, sólo uno fue en dirección al arco de Torrico (Colombo, al travesaño). Por eso el arquero casi no tuvo un trabajo específico, más allá de mostrarse seguro en salir a cortar un par de centros. De los 4 de San Lorenzo, dos fueron gol. \nEn el último mercado de pases, los dirigidos por Diego Aguirre sumaron a Coloccini, Tino Costa, Bergessio y Corujo, refuerzos cotizados en 12,2 millones de dólares. Rafaela sumó refuerzos cotizados en US$ 5.000.000, pero todos llegaron a préstamo o libres. Así y todo, ayer Fernando Luna (un rebelde de muy buena pegada y que maneja tan bien el perfil zurdo como el diestro) y Gabriel Guadiño (volante externo ofensivo que ingresó por el lesionado Medaglia) se las arreglaron para jugar casi tan bien como Belluschi, aunque no fueron los suficientemente desequilibrantes en el resultado. El primero llegó como refuerzo de Tristán Suárez; el segundo de Libertad (Sunchales), que jugaba en el torneo Federal. \nBelluschi fue la figura ayer por lo que resolvió en esos primeros 25 minutos. Así, confirmó su muy buen presente y el de Blandi, ese que le posibilita a San Lorenzo mantenerse activo en los tres frentes: la Copa Argentina, la Sudamericana y el torneo local. \nLlop, DT de Rafaela, le dijo a LA NACION: \"Jugando así vamos a ganar más partidos de los que vamos a perder. Merecimos ganar, pero la jerarquía de los jugadores de San Lorenzo definió el partido, eso hizo la diferencia. La pegada de Belluschi, la jugada del segundo gol...\" \nAguirre, en el otro vestuario, celebraba un mes de muy buenos resultados en los tres frentes para San Lorenzo. Pero tampoco gasta a cuenta. Elogió la categoría de su plantel y también reconoció que necesitan jugar mejor. En esta nota: ", "external_links": [], "published": "2016-10-03T12:10:00.000+03:00", "crawled": "2016-10-03T07:10:57.708+03:00", "highlightTitle": ""}