{"organizations": [], "uuid": "a84514a06f021aac5603eadd186a5a62a4acbfa3", "thread": {"social": {"gplus": {"shares": 0}, "pinterest": {"shares": 0}, "vk": {"shares": 0}, "linkedin": {"shares": 2}, "facebook": {"likes": 7, "shares": 7, "comments": 0}, "stumbledupon": {"shares": 0}}, "site_full": "www.europapress.es", "main_image": "http://img2.europapress.net/fotoweb/fotonoticia_20161003130416_800.jpg", "site_section": "", "section_title": "", "url": "http://www.europapress.es/cantabria/noticia-santanderinos-podran-realizar-69-nuevos-tramites-pagos-via-telematica-20161003130416.html", "country": "ES", "domain_rank": 9900, "title": "Los santanderinos podrán realizar 69 nuevos trámites y pagos por vía telemática", "performance_score": 0, "site": "europapress.es", "participants_count": 0, "title_full": "Los santanderinos podrán realizar 69 nuevos trámites y pagos por vía telemática", "spam_score": 0.057, "site_type": "news", "published": "2016-10-03T21:04:00.000+03:00", "replies_count": 0, "uuid": "a84514a06f021aac5603eadd186a5a62a4acbfa3"}, "author": "Europa Press", "url": "http://www.europapress.es/cantabria/noticia-santanderinos-podran-realizar-69-nuevos-tramites-pagos-via-telematica-20161003130416.html", "ord_in_thread": 0, "title": "Los santanderinos podrán realizar 69 nuevos trámites y pagos por vía telemática", "locations": [], "entities": {"persons": [], "locations": [], "organizations": []}, "highlightText": "", "language": "spanish", "persons": [], "text": "Los santanderinos podrán realizar 69 nuevos trámites y pagos por vía telemática AYTO SANTANDER \nLa plataforma incluirá un simulador de plusvalías SANTANDER, 3 Oct. (EUROPA PRESS) - \nEl Ayuntamiento de Santander da nuevos avances en materia de gestión telemática con la incorporación este martes, 4 de octubre, de 69 nuevos trámites que los vecinos podrán realizar por internet y sin necesidad de acudir a los servicios municipales. \nSe trata de pagos de tributos y gestiones administrativas que se suman a los 51 procedimientos que el Consistorio ya tiene integrados en su plataforma de gestión telemática, a la que se puede acceder a través de la web www.santander.es. \nHasta el momento se podía ya efectuar el pago de multas, solicitar la tarjeta de estacionamiento para personas con movilidad reducida o de la OLA, solicitar becas de guardería o el certificado de empadronamiento o convivencia y a partir de mañana se añadirán esas 69 nuevas gestiones, alcanzando un total de 121. \nEntre ellas destaca el pago de tributos, tasas y precios públicos, como la ocupación de la vía pública, obras y construcciones, la celebración de bodas civiles, los derechos de examen para las ofertas de empleo público del Ayuntamiento, acceso a talleres, cursos o ludotecas. \nDe esta forma, se pasa de la gestión a la \"recaudación telemática\", algo que \"no permite ningún otro ayuntamiento en Cantabria\", según ha ensalzado el alcalde de Santander, Iñigo de la Serna, que ha presentado estos avances en e-administración acompañado de la concejala de Economía y Hacienda, Ana González Pescador. \n\"Creo que esto que hoy se presenta en Cantabria es punta de lanza en gestión telemática de tributos\" y además, ha destacado, es \"un paso más\" en la apuesta del equipo de Gobierno (PP) del Ayuntamiento de Santander de llegar al final de la legislatura con \"papel cero\". \nDe la Serna ha indicado que la implantación de esta plataforma \"no es sencilla, es compleja\" que unifica los servicios de recaudación e inspección tributaria. Ésta hay que aprender a manejarla y \"necesita de un rodaje, que se ha hecho en los últimos meses\", durante los que se han integrado las plataformas existentes anteriormente: la de gestión tributaria, la de gestión de expedientes, la de Red.es y la de entidades financieras. GESTIONES \"DIRECTAMENTE DESDE CASA\" \n\"Ese proceso ha culminado con éxito\" lo que permite incorporar y poner en marcha este martes esos 69 procedimientos que los vecinos podrán hacer \"directamente desde casa\". Como novedades, el regidor ha destacado la posibilidad de presentar recursos de reposición, modificar los datos personales, consultar expedientes tributarios o pagar tributos como el IBI que no estén domiciliados. \nOtra de las gestiones \"importantes\" que se podrán realizar es la de la determinación de las plusvalías, algo para \"lo que viene mucha gente pasando mucho tiempo con el funcionario para determinar las plusvalías\", para lo que la plataforma incluirá un simulador para conocer la cantidad a abonar. También habrá un asistente virtual que acompañará al ciudadano en sus pasos por la web. \nDe la Serna ha recordado que ya desde 2010 el Ayuntamiento tiene en marcha el registro telemático, que los centros cívicos disponen de nueve puntos de atención para la realización esos trámites, así como que los proveedores pueden presentar sus facturas al Consistorio de manera digital, puesto en marcha en 2015. \nPara realizar todos estos trámites y proceder a su pago, el usuario debe certificar su identidad con el DNI electrónico o con un certificado digital --se puede obtener en la web de la Fábrica Nacional de Moneda y Timbre www.fmnt.es--, aunque la intención del Ayuntamiento es que, antes de que finalice el año, se pueda hacer sin ello. \nPero ahora, sin ello, el alcalde ha explicado que el ciudadano puede hacer todo el trámite hasta obtener un documento con el que acudir a pagar evitándose acudir al Consistorio. NUEVOS EXPEDIENTES Y PROYECTOS \nTambién ha destacado que, para seguir avanzando en este sentido, la Junta de Gobierno Local ha aprobado este lunes dos expedientes, uno para la licitación y contratación telemática y otro paquete nuevo de procedimientos administrativos para sumar a esta plataforma. \nPor otro lado, ha indicado el Ayuntamiento ya tiene redactado el borrador del convenio a firmar con Red.es para sacar a concurso el proyecto de 6,7 millones de euros seleccionado dentro del Plan Nacional de Ciudades Inteligentes para poner en marcha la tarjeta ciudadana y virtual para homogeneizar los procesos de identificación y pago. ", "external_links": [], "published": "2016-10-03T21:04:00.000+03:00", "crawled": "2016-10-03T15:49:28.911+03:00", "highlightTitle": ""}