{"organizations": [], "uuid": "c099a474584110760a16e1a8e475dad92c4beef4", "thread": {"social": {"gplus": {"shares": 9}, "pinterest": {"shares": 0}, "vk": {"shares": 0}, "linkedin": {"shares": 0}, "facebook": {"likes": 781, "shares": 781, "comments": 3}, "stumbledupon": {"shares": 0}}, "site_full": "www.20minutos.es", "main_image": "http://cdn.20m.es/img2/recortes/2016/10/01/350850-944-705.jpg", "site_section": "http://www.20minutos.es/rss/nacional", "section_title": "Nacional", "url": "http://www.20minutos.es/noticia/2852036/0/comite-federal-psoe-directo/", "country": "ES", "domain_rank": 1840, "title": "Comité Federal del PSOE | Directo", "performance_score": 7, "site": "20minutos.es", "participants_count": 1, "title_full": "Comité Federal del PSOE | Directo", "spam_score": 0.0, "site_type": "news", "published": "2016-10-01T14:36:00.000+03:00", "replies_count": 0, "uuid": "c099a474584110760a16e1a8e475dad92c4beef4"}, "author": "20MINUTOS.ES", "url": "http://www.20minutos.es/noticia/2852036/0/comite-federal-psoe-directo/", "ord_in_thread": 0, "title": "Comité Federal del PSOE | Directo", "locations": [], "entities": {"persons": [], "locations": [], "organizations": []}, "highlightText": "", "language": "spanish", "persons": [], "text": "—Ángel Calleja (@angelcalleja) 1 de octubre de 2016 \n08.55 h En la puerta de la sede del PSOE, en la madrileña calle Ferraz, está nuestro compañero Ángel Calleja. Eduardo Madina, César Luena o Verónica Pérez ya están en Ferraz. Susana Díaz ha entrado por el garaje para esquivar a los militantes. —Ángel Calleja (@angelcalleja) 1 de octubre de 2016 \n08.54 h Ya están llegando a la calle Ferraz los primeros protagonistas de la mañana, en la que se va a decidir el futuro del partido más antiguo de España: si la facción rebelde contra Sánchez se impone, una gestora asumirá el mando y los socialistas se abstendrán en el Congreso y permitirán a Rajoy gobernar . Si Sánchez aguanta, serán los militantes los que decidan. Esta es la opción que apoya el todavía secretario general, Pedro Sánchez. \n08.53 h Buenos días y bienvenidos a la narración en directo de los acontecimientos que tengan lugar en torno al Comité Federal del PSOE, uno de los más importanets de la historia del partido socialista.  //www.20minutos.es/noticia/2852036/0/comite-federal-psoe-directo/  ", "external_links": [], "published": "2016-10-01T14:36:00.000+03:00", "crawled": "2016-10-01T10:03:41.548+03:00", "highlightTitle": ""}