{"organizations": [], "uuid": "1913f189427dc58fdaaba493aa9db6a5cabfbeb2", "thread": {"social": {"gplus": {"shares": 1}, "pinterest": {"shares": 0}, "vk": {"shares": 0}, "linkedin": {"shares": 4}, "facebook": {"likes": 915, "shares": 915, "comments": 0}, "stumbledupon": {"shares": 0}}, "site_full": "www.bbc.com", "main_image": "http://ichef-1.bbci.co.uk/news/1024/cpsprodpb/EA02/production/_91460995_mediaitem91460992.jpg", "site_section": "http://newsrss.bbc.co.uk/rss/spanish/news/rss.xml", "section_title": "BBC Mundo - Noticias", "url": "http://www.bbc.com/mundo/noticias-internacional-37525421", "country": "GB", "domain_rank": 130, "title": "\"El plan de Estados Unidos era proteger al (grupo yihadista) Frente al Nusra\" en Siria, denuncia el canciller ruso Sergei Lavrov a la BBC", "performance_score": 9, "site": "bbc.com", "participants_count": 0, "title_full": "\"El plan de Estados Unidos era proteger al (grupo yihadista) Frente al Nusra\" en Siria, denuncia el canciller ruso Sergei Lavrov a la BBC", "spam_score": 0.0, "site_type": "news", "published": "2016-10-01T05:52:00.000+03:00", "replies_count": 0, "uuid": "1913f189427dc58fdaaba493aa9db6a5cabfbeb2"}, "author": "", "url": "http://www.bbc.com/mundo/noticias-internacional-37525421", "ord_in_thread": 0, "title": "\"El plan de Estados Unidos era proteger al (grupo yihadista) Frente al Nusra\" en Siria, denuncia el canciller ruso Sergei Lavrov a la BBC", "locations": [], "entities": {"persons": [], "locations": [], "organizations": []}, "highlightText": "", "language": "spanish", "persons": [], "text": "\"El plan de Estados Unidos era proteger al (grupo yihadista) Frente al Nusra\" en Siria, denuncia el canciller ruso Sergei Lavrov a la BBC Redacción BBC Mundo Compartir Image caption Lavrov asegura que las fuerzas rusas ayudan al gobierno de Siria a combatir a los \"terroristas\". Buena parte de la discordia entre Estados Unidos y Rusia sobre los combates en Siria tiene un nombre: Frente al Nusra, el principal aliado de Al Qaeda en el país. \nEl canciller ruso Sergei Lavrov acusa a las fuerzas de Estados Unidos de fallar en su compromiso de combatir a ese poderoso grupo yihadista, el cual ahora se autodenomina Jabhat Fateh al Sham . \nLavrov le dijo al periodista Stephen Sackur de la BBC que detrás de esa estrategia de EE.UU. está conservar como aliado a ese bando opositor para que en un momento sirva de apoyo al derrocamiento de l gobierno del presidente sirio Bashar al Asad. \n\"Ellos (EE.UU.) se comprometieron solemnemente a tomar como prioridad la obligación de separar a la oposición de Al Nusra\", dijo Lavorv al hablar en el primer aniversario de la campaña militar rusa en Siria. 7 preguntas para entender el origen de la guerra en Siria y lo que está pasando en el país \nMuchos de los grupos rebeldes más moderados, que tienen el respaldo de Estados Unidos, han formado una alianza estratégica con el poderoso Jabhat Fateh al Sham y ahora luchan a su lado. \n\"Tenemos más y más razones para creer que desde el principio su plan era cuidar a Al Nusra y mantenerlo por si necesitaran un plan B o segunda etapa cuando fuera el momento de cambiar el régimen\". Image copyright AP Image caption El grupo Jabhat Fateh al Sham (anteriormente conocido como Frente al Nursa) es uno de los grupos más poderosos de la oposición rusa. \nUn vocero del Departamento de Estado de Estados Unidos, Mark Toner, dijo que las acusaciones rusas eran \"absurdas\". \nAseguró que EE.UU. no había tenido como objetivo de sus combates a Al Nusra porque se había \"entremezclado\" con otros grupos y civiles. \nAcusó a los rusos de forzar a los grupos moderados de la oposición siria a quedar en manos de los extremistas con sus ataques. ¿Por qué la lucha por Alepo ha convertido esa ciudad siria en un infierno para los niños? \nUn reciente acuerdo ruso-estadounidense buscaba unir esfuerzos en los ataques aéreos conjuntos sobre el grupo Estado Islámico y Jabhat Fateh al Sham. \nLavrov dijo: \"Creemos que el acuerdo ruso-estadounidense debe llevarse a la práctica. Para ello, lo único que es necesario es separar a la oposición de Al Nusra. Si eso es apoyado por Estados Unidos, no en el papel, sino en la vida real, luego vamos a insistir en el cese inmediato de las hostilidades\". Un plan B no es creíble: Jonathan Marcus, corresponsal de la BBC \nLavrov dice que la política de Estados Unidos es dejar que Siria se hunda, pues insiste en que los funcionarios estadounidenses han perdido el control de la situación. \nHay un elemento de verdad aquí, al menos en términos de política. \nEE.UU. no tiene alternativa real a los esfuerzos del Secretario de Estado John Kerry para hacer frente a los rusos. No hay \"plan B\" creíble. \nPero el mensaje central de Lavrov —que Washington se ha negado a presionar a sus aliados para separarlos de los islamistas de Al Nusra— ignora el hecho de que es la campaña aérea de Rusia la que está empujando a los grupos rebeldes a los brazos de Al Nusra.   El este de Alepo estuvo bajo duros bombardeos la semana pasada por parte de fuerzas de Rusia y del gobierno de Siria en contra de la oposición. \nNaciones Unidas dice que 400 civiles, entre ellos muchos niños, murieron la semana pasada en la sitiada ciudad de Alepo a consecuencia de los bombardeos de las fuerzas rusas y del gobierno sirio. \nLavrov insistió Rusia estaba ayudando a las fuerzas del presidente Al Asad a \"combatir a los terroristas\". \n\"Tuvimos muchas pausas, muchas pausas humanitarias durante este año... 48 horas, 72 horas, a petición de las Naciones Unidas\", dijo el canciller ruso. El plan de Google para impedir que Estado Islámico reclute a jóvenes en internet \n\"Cada una de estas pausas ha sido usada por Al Nusra para llevar desde el extranjero más combatientes, más municiones y más armas. Tiene que haber un primer paso y tenemos que fijar las prioridades adecuadas\", señaló. \n\"Las cuestiones humanitarias son muy importantes y estamos haciendo todo junto con el gobierno sirio para ayudar a Naciones Unidas a conseguir pausas semanales en Alepo para entregar ayuda humanitaria. Es la gente controlada por Al Nusra en Alepo oriental la que se niegan a hacerlo\". Image copyright AP Image caption Muchos niños han sido rescatados de entre los escombros en Alepo, donde 400 personas murieron en los bombardeos contra los rebeldes. \nCuestionado sobre las bajas civiles en Alepo supuestamente causadas por las bombas revienta-búnker rusas, las municiones de fósforo y bombas de racimo , respondió: \"Si ha pasado, entonces lo sentimos mucho\". \nPero insistió en que no había habido ninguna \"prueba significativa\" y había una necesidad de investigar todos los casos. \n\"No estamos utilizando cualquier munición que esté prohibida por Naciones Unidas\", agregó. \nEste viernes se registraron combates entre las fuerzas del gobierno sirio y los rebeldes en el centro de Alepo y al norte de la ciudad, una semana después de la ofensiva rusa respaldada por el ejército sirio para tomar la ciudad y sus alrededores. \nEl Observatorio Sirio para los Derechos Humanos, un grupo de monitoreo con sede en Londres, así como un oficial militar sirio dijeron que las fuerzas gubernamentales habían capturado el territorio del norte de Alepo y edificios en el centro de la ciudad, pero fuentes rebeldes lo negaron . Temas relacionados", "external_links": [], "published": "2016-10-01T05:52:00.000+03:00", "crawled": "2016-10-01T02:27:51.726+03:00", "highlightTitle": ""}