{"organizations": [], "uuid": "efab1fe6f2374b32ef56f0a44874ec607f5211cc", "thread": {"social": {"gplus": {"shares": 0}, "pinterest": {"shares": 0}, "vk": {"shares": 0}, "linkedin": {"shares": 0}, "facebook": {"likes": 0, "shares": 0, "comments": 0}, "stumbledupon": {"shares": 0}}, "site_full": "actualidad.rt.com", "main_image": "https://esp.rt.com/actualidad/public_images/2016.10/article/57f18b25c46188a1338b459d.jpg", "site_section": "", "section_title": "", "url": "https://actualidad.rt.com/actualidad/220277-podria-resolver-acertijo-enloquece-red", "country": "US", "domain_rank": 538, "title": "\"6+4=4\": ¿Podría resolver este acertijo que enloquece a toda la Red? - RT", "performance_score": 0, "site": "rt.com", "participants_count": 0, "title_full": "\"6+4=4\": ¿Podría resolver este acertijo que enloquece a toda la Red? - RT", "spam_score": 0.5, "site_type": "news", "published": "2016-10-03T09:34:00.000+03:00", "replies_count": 0, "uuid": "efab1fe6f2374b32ef56f0a44874ec607f5211cc"}, "author": "", "url": "https://actualidad.rt.com/actualidad/220277-podria-resolver-acertijo-enloquece-red", "ord_in_thread": 0, "title": "\"6+4=4\": ¿Podría resolver este acertijo que enloquece a toda la Red? - RT", "locations": [], "entities": {"persons": [], "locations": [], "organizations": []}, "highlightText": "", "language": "spanish", "persons": [], "text": "\"6+4=4\": ¿Podría resolver este acertijo que enloquece a toda la Red? Publicado: 3 oct 2016 01:14 GMT | Última actualización: 3 oct 2016 01:29 GMT \nEl rompecabezas, que recientemente se ha vuelto viral en las redes anima a los usuarios a activar su cerebro. Flickr / simpleinsomnia Síguenos en Facebook \nUn nuevo rompecabezas de matemáticas está circulando en los canales de noticias, y esta vez parece ser algo extraordinario, como expone el artículo de ' The Independent '. \nEl 'puzzle', que miles de personas están tratando de resolver mientras lee este texto, implica el movimiento de solo una cerilla, pero primero es necesario pensar dos veces cuál. Advertimos que el número de veces para pensar es ilimitado. \nEntonces, la tarea es la siguiente: mover solo una cerilla para hacer que la ecuación sea cierta. De acuerdo con los comentarios a la publicación que está presentada debajo, el rompecabezas tiene dos soluciones, que se las presentamos después de la imagen. \nSolución 1: Mover la cerilla verde de la cifra 6, 90 grados para que el 6 se convierta en cero. \nEntonces, la ecuación será: \n0 + 4 = 4 \nSolución 2: Mover la cerilla vertical del signo 'más' y ponerlo en el hueco en la cifra 6 para que se transforme en 8. \nEn esta ocasión la ecuación será así: \n8 - 4 = 4 ", "external_links": [], "published": "2016-10-03T09:34:00.000+03:00", "crawled": "2016-10-03T04:34:39.580+03:00", "highlightTitle": ""}