{"organizations": [], "uuid": "3ac26f38aaf03285c1dadb38c72d19fa3e1091c5", "thread": {"social": {"gplus": {"shares": 0}, "pinterest": {"shares": 0}, "vk": {"shares": 0}, "linkedin": {"shares": 0}, "facebook": {"likes": 0, "shares": 0, "comments": 0}, "stumbledupon": {"shares": 0}}, "site_full": "www.elcomercio.com", "main_image": "http://www.elcomercio.com/files/og_thumbnail/uploads/2016/09/30/57eec50661629.jpeg", "site_section": "http://www.elcomercio.com/rss/tendencias", "section_title": "Tendencias", "url": "http://www.elcomercio.com/tendencias/padre-cancer-cerebro-nacimiento-hijo.html", "country": "", "domain_rank": 1793, "title": "Padre moribundo pudo presenciar el nacimiento de su hijo", "performance_score": 0, "site": "elcomercio.com", "participants_count": 1, "title_full": "Padre moribundo pudo presenciar el nacimiento de su hijo", "spam_score": 0.0, "site_type": "news", "published": "2016-10-01T04:04:00.000+03:00", "replies_count": 0, "uuid": "3ac26f38aaf03285c1dadb38c72d19fa3e1091c5"}, "author": "Infobae - Red de Noticias Albavisión", "url": "http://www.elcomercio.com/tendencias/padre-cancer-cerebro-nacimiento-hijo.html", "ord_in_thread": 0, "title": "Padre moribundo pudo presenciar el nacimiento de su hijo", "locations": [], "entities": {"persons": [], "locations": [], "organizations": []}, "highlightText": "", "language": "spanish", "persons": [], "text": "30   15:04 Padre moribundo pudo presenciar el nacimiento de su hijo 2702 Cagney Wenk tiene cáncer de cerebro. Se lo diagnosticaron tres semanas antes del nacimiento de su hijo Levon. Foto: Captura. Compartir Contento 3 Infobae - Red de Noticias Albavisión Tres semanas antes de su fecha de parto , Jessica Li acompañó a su marido Cagney Wenk al Hospital Boulder Community de Colorado (EE.UU.). Desde hacía tres días tenía un fuerte y profundo dolor de cabeza que lo preocupaba. El diagnóstico fue devastador: tenía cáncer , avanzado y muy agresivo. Tanto, que quizás no llegara a ver nacer a su hijo. Se internó allí, donde Jessica daría a luz tres semanas después. Los tratamientos que le hicieron fueron todos invasivos. Una biopsia , una craneotomía , quimioterapia , rayos… todo para tratar de aliviar el dolor y ver si existía una luz de esperanza para que Cagney -de 26 años- pudiera llegar a ver nacer a Levon, tal como habían bautizado al pequeño próximo a llegar a este mundo. Luego de unos días de recuperación de su cirugía de cerebro, Jessica comenzó con el trabajo de parto. Era el 18 de septiembre por la noche. Pocos días antes, sus enfermeras en la Unidad de Cuidados Intensivos decidieron hacer algo distinto: trasladar para ese día tan especial a su paciente al lugar donde nacería su hijo.Llevaron junto a él su cama ortopédica , su equipamiento médico, sus medicinas y todo lo necesario. Y una sorpresa más: se pusieron en contacto con Now I Lay Me Down To Sleep (Ahora Me Acuesto a Dormir), una organización que se dedica a los padres que pierden a sus bebés, para que tomara fotografías del hecho. Sarah Boccolucci aceptó y decidió que haría un documental . La familia también estuvo de acuerdo con el ofrecimiento de las enfermeras y de la ONG. El nacimiento ocurrió a las 02:12 a.m. del día siguiente. Una experiencia única. \"El video era para que la familia tuviera un momento único\", señaló Marissa Wenk, la hermana de Cagney, al Huffington Post. \"El video muestra todas las reacciones . Hubo tantas lágrimas, emociones y tanto amor. Hubo un momento durante la grabación en que Cagney le dije a Jessica que estaban rodeados de todo el amor del mundo en ese momento. Deseo que la gente vea el video, sienta el amor que esta familia comparte, y ayude y haga una donación si pudieran\", añadió la joven.El futuro de Cagney es incierto. Su enfermedad está muy avanzada y los médicos no tienen muchas esperanzas. Sin embargo, sus padres, su familia y sus amigos son optimistas respecto a una posible recuperación. Boccolucci compartió el video en su cuenta de Facebook . Y escribió: \"Hace poco me contacté con esta familia vía Now I Lay Me Down To Sleep. Mientras que este tipo de sesiones no es lo que voluntariamente hacemos en la organización , fue tan importante como emocionante. ¡Por favor, abran sus corazones para Jessica, Cagney y Levon!\". Tags", "external_links": [], "published": "2016-10-01T04:04:00.000+03:00", "crawled": "2016-10-01T01:15:06.443+03:00", "highlightTitle": ""}