{"organizations": [], "uuid": "16632b9edda481201d782a0111c63030de05bc62", "thread": {"social": {"gplus": {"shares": 0}, "pinterest": {"shares": 0}, "vk": {"shares": 0}, "linkedin": {"shares": 0}, "facebook": {"likes": 0, "shares": 0, "comments": 0}, "stumbledupon": {"shares": 0}}, "site_full": "www.boe.es", "main_image": "", "site_section": "http://boe.es//rss/boe.php", "section_title": "BOE - Boletín Oficial del Estado", "url": "http://www.boe.es/diario_boe/txt.php?id=BOE-B-2016-46500", "country": "ES", "domain_rank": 7575, "title": "VERA", "performance_score": 0, "site": "boe.es", "participants_count": 0, "title_full": "VERA", "spam_score": 0.0, "site_type": "news", "published": "2016-10-01T06:00:00.000+03:00", "replies_count": 0, "uuid": "16632b9edda481201d782a0111c63030de05bc62"}, "author": "", "url": "http://www.boe.es/diario_boe/txt.php?id=BOE-B-2016-46500", "ord_in_thread": 0, "title": "VERA", "locations": [], "entities": {"persons": [], "locations": [], "organizations": []}, "highlightText": "", "language": "spanish", "persons": [], "text": "JUZGADO 1ª INST E INSTRUCC. 2.- Anuncio de subasta judicial en vía de apremio con número de identificacin 0263 6028312. Dirección electr", "external_links": [], "published": "2016-10-01T06:00:00.000+03:00", "crawled": "2016-10-01T13:32:16.808+03:00", "highlightTitle": ""}