{"organizations": [], "uuid": "b773be1afbd0b5176ea7ecaea1ca2f74edf7cd5c", "thread": {"social": {"gplus": {"shares": 2}, "pinterest": {"shares": 0}, "vk": {"shares": 0}, "linkedin": {"shares": 6}, "facebook": {"likes": 2, "shares": 2, "comments": 0}, "stumbledupon": {"shares": 0}}, "site_full": "www.eleconomista.es", "main_image": "http://s03.s3c.es/imag/_v0/770x420/4/f/c/600x400_O2-dreamstime.jpg", "site_section": "http://www.eleconomista.es/rss/rss-flash-del-mercado.php", "section_title": "elEconomista  Flash del mercado", "url": "http://www.eleconomista.es/mercados-cotizaciones/noticias/7865297/10/16/Telefonica-estudia-dar-entrada-a-los-pequenos-inversores-en-la-salida-a-bolsa-de-O2.html", "country": "ES", "domain_rank": 3233, "title": "Telefónica estudia dar entrada a los pequeños inversores en la salida a bolsa de O2", "performance_score": 0, "site": "eleconomista.es", "participants_count": 0, "title_full": "Telefónica estudia dar entrada a los pequeños inversores en la salida a bolsa de O2", "spam_score": 0.0, "site_type": "news", "published": "2016-10-03T18:11:00.000+03:00", "replies_count": 0, "uuid": "b773be1afbd0b5176ea7ecaea1ca2f74edf7cd5c"}, "author": "", "url": "http://www.eleconomista.es/mercados-cotizaciones/noticias/7865297/10/16/Telefonica-estudia-dar-entrada-a-los-pequenos-inversores-en-la-salida-a-bolsa-de-O2.html", "ord_in_thread": 0, "title": "Telefónica estudia dar entrada a los pequeños inversores en la salida a bolsa de O2", "locations": [], "entities": {"persons": [], "locations": [], "organizations": []}, "highlightText": "", "language": "spanish", "persons": [], "text": "Opere con el broker más barato. 73% más barato. Acciones España 2+0.04%. USA 0.50+0.004$ por acción ¿Buscas volatilidad? La presentación de resultados de las empresas americanas suele traerla consigo. Para invertir en EE.UU., hazlo a través de Self Bank. La tasa de desempleo en EE.UU. está en su nivel más bajo desde 2008, lo que beneficia al consumo. Puedes invertir en Wall Street a través de Self Bank. En la variedad está el gusto: si no comes todos los días lo mismo ¿por qué inviertes siempre en el mismo mercado? Da el salto a otros mercados con Self Bank. No dejes que las comisiones se coman el beneficio de tu inversión. Opera desde 3,95 euros en Mercado Nacional con Self Bank y tiempo real gratis. Juega con el equipo ganador: las mejores tarifas junto a las mejores plataformas. Opera ya con la Cuenta Bolsa de Self Bank. Operar desde 3,95 + precios en tiempo real + herramienta profesional de A. Técnico + información al minuto. ¿Dónde? Cuenta Bolsa de Self Bank. ¿Aún no ves oportunidades en el mercado y tienes tus acciones paradas? Alquila tus Acciones en Self Bank y obtén una rentabilidad extra de hasta el 5% T.A.E. Si durante un tiempo no vas a operar con tus acciones y quieres sacarles una rentabilidad extra, alquílalas en Self Bank y consigue hasta un 5% TAE. Si quieres vender acciones en corto, en ningún sitio encontrarás más opciones que en Self Bank. Para que no se te escape ninguna oportunidad. Para los que quieren más, lo encontrarán en la cuenta Tentuplica de Self Bank. Entra y multiplica hasta X10 tu capacidad de inversión. ¿Sabías que es posible ganar en Bolsa tanto si ésta sube como si baja? ¿Quieres saber cómo? Entra en la Cuenta Tentuplica de Self Bank y lo averiguarás. Gana también cuando la bolsa baja: vende cuando las acciones estén altas y cómpralas después cuando bajen. Opera en corto con la cuenta Tentuplica de Self Bank.  En Self Bank te enseñamos a invertir en fondos y en bolsa, cursos on line y presenciales totalmente gratis. Apúntate ya. \nLa cancelación de la salida a bolsa de Telxius ha hecho mella en los planes de Telefónica y la teleco se enfrenta ahora al difícil debate de qué hacer con su filial O2. En un principio, la firma de Álvarez Pallete pensó en una OPV de la británica a finales de año sólo para institucionales, igual que Telxius, pero ahora se plantearía ampliar el público de la salida a bolsa y dar entrada a los inversores minoristas, informa Bloomberg . \nEn una entrevista a Sunday Telegraph , el consejero delegado de O2, Mark Evans, reconoció que una oferta dirigida también a los pequeños inversores sería una opción interesante de cara a los 25 millones de clientes que tiene la compañía. \n\"Sería bueno para Telefónica de cara a diversificar su base de accionistas\", consideró Laith Khalaf, analista Hargreaves Lansdown, a Bloomberg . \nCon todo, Telefónica se ha negado a comentar esta posibilidad y sus últimos planes públicos pasan por colocar hasta el 40% del capital de su filial británica a finales de este año. Para ello, la teleco ya habría contratado a Barclays, UBS y Morgan Stanley. \nLos analistas calculan que Telefonica UK, que así se llamará O2 tras la salida a bolsa, alcance un valor próximo a los 10.000 millones de libras (11.530 millones de euros). Si se cumplen estas cifras, la salida a bolsa de O2 protagonizaría la mayor salida a bolsa desde la OPV del grupo minero Glencore, en 2011. ¿Qué pasará con Telxius? \nFuentes cercanas a Telefónica consideran que ahora se abren dos vías para Telxius: tratar de colocarla en el mercado dentro de un tiempo o vender parte de Telxius -siempre manteniendo el control de la misma- en colocaciones a inversores privados. Estas mismas fuentes aseguran que la operación se ha visto afectada por la situación del mercado. \nTodo parece indicar que uno de los motivos por los que el mercado no estuvo dispuesto a pagar un precio dentro del rango fijado por Telefónica (entre 12 y 15 euros) fue el propio negocio de Telxius. Fuentes cercanas a la operadora reconocen que \"los inversores no están tan familiarizados con el cable\", ya que no hay compañías que reúnan los dos negocios de Telxius, únicamente cotizan empresas de torres como Cellnex o la italiana Inwit. \nY no poder valorar el cable de fibra óptica significó no entender un 58% de los ingresos de la empresa, el porcentaje que significó esta unidad de negocio en los seis primeros meses del año. Los analistas ya avanzaban que era un activo difícil de valorar y que las incertidumbres que generaba supondría una presión del precio a la baja. PUBLICIDAD", "external_links": [], "published": "2016-10-03T18:11:00.000+03:00", "crawled": "2016-10-03T13:15:14.245+03:00", "highlightTitle": ""}